naics_code,industry,year,value_added_real_m,value_added_real,gross_output_real_m,gross_output_real,employment_k,employment,value_added_real_m_lag1,va_growth,emp_growth
11,"Agriculture, forestry, fishing, and hunting",1997,113.2,113200000.0,357.1,357100000.0,95.945,95945.0,,,
11,"Agriculture, forestry, fishing, and hunting",1998,111.7,111700000.0,364.9,364900000.0,90.202,90202.0,113.2,-0.013250883392226132,-0.05985720985981546
11,"Agriculture, forestry, fishing, and hunting",1999,114.4,114400000.0,377.2,377200000.0,81.581,81581.0,111.7,0.024171888988361756,-0.09557437750825915
11,"Agriculture, forestry, fishing, and hunting",2000,129.9,129900000.0,371.6,371600000.0,76.156,76156.0,114.4,0.1354895104895104,-0.06649832681629297
11,"Agriculture, forestry, fishing, and hunting",2001,127.1,127100000.0,372.6,372600000.0,79.283,79283.0,129.9,-0.021555042340261843,0.041060454855822215
11,"Agriculture, forestry, fishing, and hunting",2002,131.3,131300000.00000001,372.3,372300000.0,73.609,73609.0,127.1,0.03304484657749818,-0.07156641398534369
11,"Agriculture, forestry, fishing, and hunting",2003,141.5,141500000.0,384.4,384400000.0,81.486,81486.0,131.3,0.0776846915460776,0.10701137089214652
11,"Agriculture, forestry, fishing, and hunting",2004,153.4,153400000.0,397.4,397400000.0,94.192,94192.0,141.5,0.0840989399293286,0.15592862577620692
11,"Agriculture, forestry, fishing, and hunting",2005,159.6,159600000.0,399.5,399500000.0,81.597,81597.0,153.4,0.04041720990873521,-0.1337162391710549
11,"Agriculture, forestry, fishing, and hunting",2006,161.7,161700000.0,400.6,400600000.0,78.634,78634.0,159.6,0.013157894736842035,-0.03631260953221316
11,"Agriculture, forestry, fishing, and hunting",2007,144.5,144500000.0,395.9,395900000.0,101.242,101242.0,161.7,-0.10636982065553491,0.2875092199303102
11,"Agriculture, forestry, fishing, and hunting",2008,144.1,144100000.0,382.9,382900000.0,101.722,101722.0,144.5,-0.0027681660899654403,0.004741115347385305
11,"Agriculture, forestry, fishing, and hunting",2009,160.0,160000000.0,396.6,396600000.0,80.831,80831.0,144.1,0.11034004163775157,-0.20537346886612529
11,"Agriculture, forestry, fishing, and hunting",2010,156.0,156000000.0,398.3,398300000.0,93.454,93454.0,160.0,-0.025000000000000022,0.15616533260753895
11,"Agriculture, forestry, fishing, and hunting",2011,150.2,150200000.0,388.9,388900000.0,119.746,119746.0,156.0,-0.03717948717948727,0.2813362723906949
11,"Agriculture, forestry, fishing, and hunting",2012,145.7,145700000.0,390.9,390900000.0,123.169,123169.0,150.2,-0.029960053262316877,0.028585505987673843
11,"Agriculture, forestry, fishing, and hunting",2013,160.4,160400000.0,405.7,405700000.0,134.541,134541.0,145.7,0.10089224433768029,0.09232842679570341
11,"Agriculture, forestry, fishing, and hunting",2014,159.0,159000000.0,416.1,416100000.0,126.163,126163.0,160.4,-0.008728179551122262,-0.062270980593276404
11,"Agriculture, forestry, fishing, and hunting",2015,171.6,171600000.0,423.5,423500000.0,106.15,106150.0,159.0,0.0792452830188679,-0.15862812393490955
11,"Agriculture, forestry, fishing, and hunting",2016,181.5,181500000.0,442.1,442100000.0,92.263,92263.0,171.6,0.05769230769230771,-0.13082430522845034
11,"Agriculture, forestry, fishing, and hunting",2017,176.8,176800000.0,448.9,448900000.0,100.0,100000.0,181.5,-0.025895316804407598,0.08385810129737803
11,"Agriculture, forestry, fishing, and hunting",2018,184.1,184100000.0,447.2,447200000.0,96.204,96204.0,176.8,0.04128959276018085,-0.037960000000000105
11,"Agriculture, forestry, fishing, and hunting",2019,172.5,172500000.0,440.0,440000000.0,95.208,95208.0,184.1,-0.06300923411189563,-0.010352999875265056
11,"Agriculture, forestry, fishing, and hunting",2020,177.9,177900000.0,457.0,457000000.0,92.395,92395.0,172.5,0.03130434782608704,-0.02954583648432907
11,"Agriculture, forestry, fishing, and hunting",2021,188.9,188900000.0,457.6,457600000.0,122.154,122154.0,177.9,0.061832490163012954,0.3220845283835705
11,"Agriculture, forestry, fishing, and hunting",2022,189.8,189800000.0,441.8,441800000.0,154.931,154931.0,188.9,0.004764425622022284,0.2683252288095357
11,"Agriculture, forestry, fishing, and hunting",2023,195.0,195000000.0,463.0,463000000.0,138.689,138689.0,189.8,0.02739726027397249,-0.10483376470816053
11,"Agriculture, forestry, fishing, and hunting",2024,205.5,205500000.0,475.3,475300000.0,131.25,131250.0,195.0,0.05384615384615388,-0.053637995803560434
11,"Agriculture, forestry, fishing, and hunting",2025,200.5,200500000.0,462.6,462600000.0,135.802,135802.0,205.5,-0.024330900243308973,0.03468190476190469
111CA,Farms,1997,88.6,88600000.0,306.9,306900000.0,100.586,100586.0,,,
111CA,Farms,1998,86.7,86700000.0,308.8,308800000.0,93.408,93408.0,88.6,-0.021444695259593582,-0.07136181973634503
111CA,Farms,1999,88.2,88200000.0,315.7,315700000.0,82.2,82200.0,86.7,0.01730103806228378,-0.11998972250770812
111CA,Farms,2000,103.0,103000000.0,319.6,319600000.0,75.26,75260.0,88.2,0.16780045351473927,-0.08442822384428217
111CA,Farms,2001,97.2,97200000.0,316.1,316100000.0,82.292,82292.0,103.0,-0.05631067961165048,0.09343608822747806
111CA,Farms,2002,101.1,101100000.0,314.4,314400000.0,75.119,75119.0,97.2,0.04012345679012341,-0.08716521654595832
111CA,Farms,2003,109.7,109700000.0,325.0,325000000.0,85.204,85204.0,101.1,0.08506429277942651,0.1342536508739467
111CA,Farms,2004,121.5,121500000.0,335.6,335600000.0,100.7,100700.0,109.7,0.1075660893345487,0.18186939580301398
111CA,Farms,2005,127.9,127900000.0,338.3,338300000.0,84.077,84077.0,121.5,0.05267489711934159,-0.1650744786494539
111CA,Farms,2006,125.1,125100000.0,340.0,340000000.0,79.496,79496.0,127.9,-0.02189210320562951,-0.0544857689974666
111CA,Farms,2007,110.3,110300000.0,342.5,342500000.0,106.836,106836.0,125.1,-0.11830535571542766,0.34391667505283285
111CA,Farms,2008,110.1,110100000.0,330.5,330500000.0,107.893,107893.0,110.3,-0.0018132366273798661,0.009893668800778688
111CA,Farms,2009,126.8,126800000.0,345.9,345900000.0,80.796,80796.0,110.1,0.15168029064486843,-0.2511469696829266
111CA,Farms,2010,123.3,123300000.0,346.7,346700000.0,94.914,94914.0,126.8,-0.027602523659306044,0.17473637308777645
111CA,Farms,2011,118.0,118000000.0,335.7,335700000.0,128.126,128126.0,123.3,-0.042984590429845926,0.3499167667572751
111CA,Farms,2012,112.4,112400000.0,340.2,340200000.0,132.363,132363.0,118.0,-0.047457627118643986,0.03306901019309105
111CA,Farms,2013,126.5,126500000.0,353.4,353400000.0,145.844,145844.0,112.4,0.1254448398576511,0.10184870394294476
111CA,Farms,2014,124.5,124500000.0,359.5,359500000.0,134.192,134192.0,126.5,-0.015810276679841917,-0.07989358492635956
111CA,Farms,2015,134.8,134800000.0,367.9,367900000.0,108.478,108478.0,124.5,0.0827309236947793,-0.19162096101108872
111CA,Farms,2016,143.9,143900000.0,390.1,390100000.0,90.54,90540.0,134.8,0.06750741839762608,-0.16536071830232846
111CA,Farms,2017,138.7,138700000.0,395.5,395500000.0,100.0,100000.0,143.9,-0.03613620569840181,0.10448420587585594
111CA,Farms,2018,144.1,144100000.0,395.1,395100000.0,94.924,94924.0,138.7,0.03893294881038223,-0.050759999999999916
111CA,Farms,2019,131.4,131400000.0,390.3,390300000.0,93.331,93331.0,144.1,-0.0881332408049964,-0.016781846529855482
111CA,Farms,2020,134.4,134400000.0,404.4,404400000.0,89.649,89649.0,131.4,0.022831050228310446,-0.03945098627465693
111CA,Farms,2021,146.2,146200000.0,401.0,401000000.0,127.036,127036.0,134.4,0.08779761904761885,0.4170375575856953
111CA,Farms,2022,147.2,147200000.0,385.5,385500000.0,167.84,167840.0,146.2,0.0068399452804377425,0.32120028968166503
111CA,Farms,2023,149.8,149800000.0,405.4,405400000.0,145.64,145640.0,147.2,0.017663043478260976,-0.1322688274547189
111CA,Farms,2024,158.5,158500000.0,417.2,417200000.0,136.175,136175.0,149.8,0.05807743658210951,-0.06498901400714074
111CA,Farms,2025,156.7,156700000.0,406.3,406300000.0,141.856,141856.0,158.5,-0.011356466876971671,0.04171837708830539
113FF,"Forestry, fishing, and related activities",1997,25.3,25300000.0,50.8,50800000.0,81.032,81032.0,,,
113FF,"Forestry, fishing, and related activities",1998,25.9,25900000.0,56.3,56300000.0,80.097,80097.0,25.3,0.02371541501976271,-0.01153865139697896
113FF,"Forestry, fishing, and related activities",1999,27.1,27100000.0,61.3,61300000.0,79.871,79871.0,25.9,0.04633204633204646,-0.0028215788356616978
113FF,"Forestry, fishing, and related activities",2000,28.0,28000000.0,53.0,53000000.0,79.55,79550.0,27.1,0.03321033210332103,-0.004018980606227518
113FF,"Forestry, fishing, and related activities",2001,31.2,31200000.0,57.2,57200000.0,69.649,69649.0,28.0,0.11428571428571432,-0.12446260213702065
113FF,"Forestry, fishing, and related activities",2002,31.4,31400000.0,58.5,58500000.0,68.69,68690.0,31.2,0.0064102564102563875,-0.013769041910149493
113FF,"Forestry, fishing, and related activities",2003,32.9,32900000.0,60.0,60000000.0,69.406,69406.0,31.4,0.047770700636942776,0.010423642451594217
113FF,"Forestry, fishing, and related activities",2004,32.5,32500000.0,62.5,62500000.0,72.527,72527.0,32.9,-0.012158054711246202,0.04496729389389964
113FF,"Forestry, fishing, and related activities",2005,31.9,31900000.0,61.9,61900000.0,74.845,74845.0,32.5,-0.01846153846153853,0.031960511257876245
113FF,"Forestry, fishing, and related activities",2006,37.2,37200000.0,61.3,61300000.0,77.655,77655.0,31.9,0.16614420062695934,0.03754425813347595
113FF,"Forestry, fishing, and related activities",2007,34.6,34600000.0,53.9,53900000.0,82.011,82011.0,37.2,-0.06989247311827962,0.0560942630867296
113FF,"Forestry, fishing, and related activities",2008,34.4,34400000.0,53.0,53000000.0,80.649,80649.0,34.6,-0.005780346820809301,-0.01660752825840428
113FF,"Forestry, fishing, and related activities",2009,33.1,33100000.0,50.9,50900000.0,81.065,81065.0,34.4,-0.03779069767441856,0.005158154471847087
113FF,"Forestry, fishing, and related activities",2010,32.6,32600000.0,51.8,51800000.0,88.041,88041.0,33.1,-0.015105740181268867,0.0860544007894899
113FF,"Forestry, fishing, and related activities",2011,32.4,32400000.0,53.9,53900000.0,88.72,88720.0,32.6,-0.00613496932515345,0.007712315852841378
113FF,"Forestry, fishing, and related activities",2012,34.4,34400000.0,50.7,50700000.0,89.274,89274.0,32.4,0.06172839506172845,0.006244364292155025
113FF,"Forestry, fishing, and related activities",2013,33.7,33700000.0,52.1,52100000.0,93.226,93226.0,34.4,-0.02034883720930225,0.044268207988888086
113FF,"Forestry, fishing, and related activities",2014,34.6,34600000.0,57.3,57300000.0,96.897,96897.0,33.7,0.026706231454005858,0.039377426898075774
113FF,"Forestry, fishing, and related activities",2015,36.8,36800000.0,55.8,55800000.0,97.475,97475.0,34.6,0.06358381502890165,0.005965096958626015
113FF,"Forestry, fishing, and related activities",2016,37.7,37700000.0,52.0,52000000.0,98.666,98666.0,36.8,0.0244565217391306,0.012218517568607368
113FF,"Forestry, fishing, and related activities",2017,38.1,38100000.0,53.4,53400000.0,100.0,100000.0,37.7,0.010610079575596787,0.013520361624065114
113FF,"Forestry, fishing, and related activities",2018,40.0,40000000.0,52.1,52100000.0,100.841,100841.0,38.1,0.04986876640419946,0.008410000000000029
113FF,"Forestry, fishing, and related activities",2019,40.8,40800000.0,49.8,49800000.0,101.909,101909.0,40.0,0.020000000000000018,0.01059093027637581
113FF,"Forestry, fishing, and related activities",2020,43.1,43100000.0,52.6,52600000.0,101.829,101829.0,40.8,0.056372549019607865,-0.0007850140811902495
113FF,"Forestry, fishing, and related activities",2021,42.2,42200000.0,56.7,56700000.0,106.591,106591.0,43.1,-0.02088167053364265,0.046764674110518545
113FF,"Forestry, fishing, and related activities",2022,42.0,42000000.0,56.6,56600000.0,111.883,111883.0,42.2,-0.004739336492891044,0.04964771885055974
113FF,"Forestry, fishing, and related activities",2023,45.1,45100000.0,57.6,57600000.0,115.917,115917.0,42.0,0.07380952380952377,0.036055522286674524
113FF,"Forestry, fishing, and related activities",2024,46.7,46700000.0,58.0,58000000.0,115.32,115320.0,45.1,0.0354767184035476,-0.005150236807370812
113FF,"Forestry, fishing, and related activities",2025,43.7,43700000.0,56.6,56600000.0,117.126,117126.0,46.7,-0.06423982869379019,0.015660770031217686
21,Mining,1997,170.6,170600000.0,329.3,329300000.0,55.713,55713.0,,,
21,Mining,1998,179.4,179400000.0,327.3,327300000.0,45.544,45544.0,170.6,0.05158264947245028,-0.18252472492954974
21,Mining,1999,173.2,173200000.0,312.1,312100000.0,48.842,48842.0,179.4,-0.03455964325529548,0.07241349025118571
21,Mining,2000,151.3,151300000.0,328.3,328300000.0,73.072,73072.0,173.2,-0.12644341801385672,0.4960894312272226
21,Mining,2001,175.8,175800000.0,349.4,349400000.0,70.465,70465.0,151.3,0.1619299405155321,-0.035677140354718584
21,Mining,2002,181.2,181200000.0,324.7,324700000.0,62.019,62019.0,175.8,0.030716723549487845,-0.1198609238629107
21,Mining,2003,159.5,159500000.0,331.4,331400000.0,87.089,87089.0,181.2,-0.11975717439293587,0.4042309614795465
21,Mining,2004,159.8,159800000.0,339.2,339200000.0,104.18,104180.0,159.5,0.0018808777429468737,0.1962475169079907
21,Mining,2005,161.6,161600000.0,357.1,357100000.0,139.523,139523.0,159.8,0.01126408010012514,0.3392493760798616
21,Mining,2006,186.5,186500000.0,382.2,382200000.0,146.47,146470.0,161.6,0.15408415841584167,0.04979107387312487
21,Mining,2007,201.5,201500000.0,385.8,385800000.0,155.927,155927.0,186.5,0.08042895442359255,0.06456612275551299
21,Mining,2008,195.0,195000000.0,405.6,405600000.0,201.31,201310.0,201.5,-0.032258064516129004,0.29105286448145606
21,Mining,2009,224.1,224100000.0,390.2,390200000.0,122.881,122881.0,195.0,0.14923076923076928,-0.38959316477075157
21,Mining,2010,199.1,199100000.0,404.6,404600000.0,153.887,153887.0,224.1,-0.11155734047300314,0.25232542052880436
21,Mining,2011,207.0,207000000.0,443.5,443500000.0,172.803,172803.0,199.1,0.03967855349070826,0.12292136437775758
21,Mining,2012,232.2,232200000.0,486.4,486400000.0,155.251,155251.0,207.0,0.12173913043478257,-0.10157231066590278
21,Mining,2013,241.8,241800000.0,502.1,502100000.0,160.563,160563.0,232.2,0.04134366925064614,0.03421556060830522
21,Mining,2014,267.4,267399999.99999997,560.6,560600000.0,156.345,156345.0,241.8,0.10587262200165415,-0.026270062218568313
21,Mining,2015,285.9,285900000.0,517.1,517100000.0,91.718,91718.0,267.4,0.069184741959611,-0.41336147622245667
21,Mining,2016,261.6,261600000.00000003,424.6,424600000.0,80.961,80961.0,285.9,-0.08499475341028317,-0.11728341219825988
21,Mining,2017,267.3,267300000.0,462.8,462800000.0,100.0,100000.0,261.6,0.02178899082568808,0.23516260915749565
21,Mining,2018,277.0,277000000.0,536.2,536200000.00000006,113.169,113169.0,267.3,0.03628881406659179,0.13168999999999986
21,Mining,2019,312.5,312500000.0,564.2,564200000.0,94.1,94100.0,277.0,0.128158844765343,-0.1685002076540396
21,Mining,2020,306.0,306000000.0,469.6,469600000.0,66.295,66295.0,312.5,-0.02080000000000004,-0.29548352816153023
21,Mining,2021,279.7,279700000.0,507.9,507900000.0,120.141,120141.0,306.0,-0.08594771241830068,0.8122181159966815
21,Mining,2022,255.0,255000000.0,551.5,551500000.0,183.136,183136.0,279.7,-0.08830890239542366,0.5243422312116595
21,Mining,2023,352.9,352900000.0,593.8,593800000.0,116.705,116705.0,255.0,0.38392156862745086,-0.3627413506901974
21,Mining,2024,362.7,362700000.0,592.6,592600000.0,111.447,111447.0,352.9,0.02776990648909039,-0.045053768047641496
21,Mining,2025,363.4,363400000.0,595.3,595300000.0,106.05,106050.0,362.7,0.001929969671905063,-0.04842660636894669
211,Oil and gas extraction,1997,102.6,102600000.0,174.6,174600000.0,53.687,53687.0,,,
211,Oil and gas extraction,1998,105.0,105000000.0,170.0,170000000.0,37.188,37188.0,102.6,0.023391812865497075,-0.3073183452232383
211,Oil and gas extraction,1999,94.7,94700000.0,166.0,166000000.0,46.577,46577.0,105.0,-0.09809523809523801,0.2524739163170915
211,Oil and gas extraction,2000,68.1,68100000.0,172.7,172700000.0,100.222,100222.0,94.7,-0.28088701161562835,1.1517487171780063
211,Oil and gas extraction,2001,80.0,80000000.0,179.2,179200000.0,95.11,95110.0,68.1,0.1747430249632893,-0.051006764981740504
211,Oil and gas extraction,2002,92.4,92400000.0,168.1,168100000.0,75.627,75627.0,80.0,0.15500000000000003,-0.204847019240879
211,Oil and gas extraction,2003,73.6,73600000.0,168.3,168300000.0,126.239,126239.0,92.4,-0.20346320346320357,0.6692318880822987
211,Oil and gas extraction,2004,72.4,72400000.0,162.3,162300000.0,155.911,155911.0,73.6,-0.016304347826086807,0.23504622184903234
211,Oil and gas extraction,2005,70.9,70900000.0,161.2,161200000.0,219.705,219705.0,72.4,-0.02071823204419887,0.4091693337865834
211,Oil and gas extraction,2006,80.5,80500000.0,162.5,162500000.0,221.904,221904.0,70.9,0.13540197461212977,0.010008875537652617
211,Oil and gas extraction,2007,87.2,87200000.0,164.5,164500000.0,236.304,236304.0,80.5,0.08322981366459636,0.06489292667099278
211,Oil and gas extraction,2008,82.5,82500000.0,174.4,174400000.0,329.399,329399.0,87.2,-0.05389908256880738,0.39396286139887593
211,Oil and gas extraction,2009,112.0,112000000.0,189.6,189600000.0,154.014,154014.0,82.5,0.35757575757575766,-0.5324393820260535
211,Oil and gas extraction,2010,88.7,88700000.0,196.9,196900000.0,213.29,213290.0,112.0,-0.2080357142857142,0.3848741023543314
211,Oil and gas extraction,2011,88.9,88900000.0,216.6,216600000.0,246.441,246441.0,88.7,0.0022547914317925244,0.15542688358572843
211,Oil and gas extraction,2012,109.6,109600000.0,240.3,240300000.0,205.244,205244.0,88.9,0.232845894263217,-0.16716780081236482
211,Oil and gas extraction,2013,113.8,113800000.0,256.0,256000000.0,221.319,221319.0,109.6,0.038321167883211604,0.07832141256260838
211,Oil and gas extraction,2014,126.2,126200000.0,279.0,279000000.0,213.014,213014.0,113.8,0.10896309314587005,-0.03752502044560102
211,Oil and gas extraction,2015,171.6,171600000.0,267.0,267000000.0,88.366,88366.0,126.2,0.35974643423137875,-0.5851634164890571
211,Oil and gas extraction,2016,178.5,178500000.0,249.3,249300000.0,73.423,73423.0,171.6,0.04020979020979021,-0.16910350134667174
211,Oil and gas extraction,2017,161.1,161100000.0,254.0,254000000.0,100.0,100000.0,178.5,-0.09747899159663864,0.3619710444955939
211,Oil and gas extraction,2018,151.4,151400000.0,299.1,299100000.0,124.968,124968.0,161.1,-0.06021104903786456,0.24968000000000012
211,Oil and gas extraction,2019,191.7,191700000.0,328.1,328100000.0,90.116,90116.0,151.4,0.26618229854689557,-0.2788873951731643
211,Oil and gas extraction,2020,211.7,211700000.0,302.9,302900000.0,49.133,49133.0,191.7,0.10432968179447055,-0.4547805051267255
211,Oil and gas extraction,2021,165.6,165600000.0,332.0,332000000.0,135.894,135894.0,211.7,-0.21776098252243736,1.7658396596991839
211,Oil and gas extraction,2022,139.3,139300000.0,361.5,361500000.0,236.253,236253.0,165.6,-0.15881642512077287,0.7385094264647445
211,Oil and gas extraction,2023,224.6,224600000.0,391.3,391300000.0,115.711,115711.0,139.3,0.6123474515434313,-0.5102242087931158
211,Oil and gas extraction,2024,238.1,238100000.0,401.6,401600000.0,106.085,106085.0,224.6,0.06010685663401594,-0.0831900165066416
211,Oil and gas extraction,2025,241.3,241300000.0,413.1,413100000.0,96.867,96867.0,238.1,0.013439731205376004,-0.08689258613376061
212,"Mining, except oil and gas",1997,62.4,62400000.0,121.5,121500000.0,42.444,42444.0,,,
212,"Mining, except oil and gas",1998,72.7,72700000.0,123.8,123800000.0,39.913,39913.0,62.4,0.16506410256410264,-0.05963151446612025
212,"Mining, except oil and gas",1999,77.2,77200000.0,120.5,120500000.0,38.007,38007.0,72.7,0.061898211829436,-0.04775386465562592
212,"Mining, except oil and gas",2000,75.9,75900000.0,122.2,122200000.0,37.541,37541.0,77.2,-0.016839378238341918,-0.01226089930802221
212,"Mining, except oil and gas",2001,73.6,73600000.0,121.0,121000000.0,38.094,38094.0,75.9,-0.030303030303030498,0.014730561253030183
212,"Mining, except oil and gas",2002,67.7,67700000.0,115.4,115400000.0,40.333,40333.0,73.6,-0.08016304347826075,0.05877566020895664
212,"Mining, except oil and gas",2003,69.5,69500000.0,116.0,116000000.0,42.069,42069.0,67.7,0.026587887740029403,0.043041678030397046
212,"Mining, except oil and gas",2004,67.4,67400000.0,120.0,120000000.0,49.846,49846.0,69.5,-0.030215827338129442,0.18486296322707907
212,"Mining, except oil and gas",2005,68.3,68300000.0,127.0,127000000.0,62.698,62698.0,67.4,0.013353115727002818,0.25783412911768266
212,"Mining, except oil and gas",2006,70.4,70400000.0,134.4,134400000.0,73.604,73604.0,68.3,0.030746705710102518,0.17394494242240577
212,"Mining, except oil and gas",2007,72.3,72300000.0,129.6,129600000.0,80.215,80215.0,70.4,0.026988636363636243,0.08981848812564541
212,"Mining, except oil and gas",2008,66.9,66900000.00000001,128.0,128000000.0,91.738,91738.0,72.3,-0.07468879668049777,0.1436514367636974
212,"Mining, except oil and gas",2009,62.4,62400000.0,114.3,114300000.0,98.629,98629.0,66.9,-0.06726457399103147,0.07511609147790455
212,"Mining, except oil and gas",2010,64.4,64400000.00000001,112.7,112700000.0,108.212,108212.0,62.4,0.03205128205128216,0.09716209228523054
212,"Mining, except oil and gas",2011,64.8,64800000.0,119.6,119600000.0,118.399,118399.0,64.4,0.006211180124223503,0.0941392821498539
212,"Mining, except oil and gas",2012,57.8,57800000.0,114.4,114400000.0,115.81,115810.0,64.8,-0.10802469135802473,-0.021866738739347413
212,"Mining, except oil and gas",2013,58.5,58500000.0,110.6,110600000.0,104.99,104990.0,57.8,0.01211072664359869,-0.09342889215093697
212,"Mining, except oil and gas",2014,56.7,56700000.0,114.7,114700000.0,100.573,100573.0,58.5,-0.03076923076923077,-0.042070673397466396
212,"Mining, except oil and gas",2015,51.9,51900000.0,110.7,110700000.0,92.163,92163.0,56.7,-0.08465608465608476,-0.08362085251508855
212,"Mining, except oil and gas",2016,49.8,49800000.0,102.5,102500000.0,89.492,89492.0,51.9,-0.040462427745664775,-0.028981261460672814
212,"Mining, except oil and gas",2017,52.3,52300000.0,101.9,101900000.0,100.0,100000.0,49.8,0.050200803212851364,0.11741831672104763
212,"Mining, except oil and gas",2018,50.7,50700000.0,102.4,102400000.0,103.524,103524.0,52.3,-0.030592734225621254,0.03523999999999994
212,"Mining, except oil and gas",2019,51.1,51100000.0,100.9,100900000.0,103.811,103811.0,50.7,0.007889546351084853,0.002772304006800397
212,"Mining, except oil and gas",2020,55.7,55700000.0,92.1,92100000.0,102.886,102886.0,51.1,0.09001956947162437,-0.008910423750855045
212,"Mining, except oil and gas",2021,55.3,55300000.0,96.3,96300000.0,123.218,123218.0,55.7,-0.007181328545781018,0.19761677973679626
212,"Mining, except oil and gas",2022,51.8,51800000.0,98.4,98400000.0,145.669,145669.0,55.3,-0.06329113924050633,0.18220552192049877
212,"Mining, except oil and gas",2023,53.0,53000000.0,99.3,99300000.0,150.575,150575.0,51.8,0.02316602316602312,0.03367909438521566
212,"Mining, except oil and gas",2024,50.9,50900000.0,94.1,94100000.0,158.725,158725.0,53.0,-0.03962264150943395,0.05412585090486477
212,"Mining, except oil and gas",2025,51.0,51000000.0,95.6,95600000.0,169.936,169936.0,50.9,0.0019646365422396617,0.07063159552685461
213,Support activities for mining,1997,15.3,15300000.0,29.6,29600000.0,88.33,88330.0,,,
213,Support activities for mining,1998,14.4,14400000.0,29.9,29900000.0,94.759,94759.0,15.3,-0.05882352941176472,0.0727838786369297
213,Support activities for mining,1999,13.9,13900000.0,24.6,24600000.0,80.107,80107.0,14.4,-0.03472222222222221,-0.1546238352029886
213,Support activities for mining,2000,18.9,18900000.0,30.8,30800000.0,72.983,72983.0,13.9,0.3597122302158271,-0.0889310547143195
213,Support activities for mining,2001,28.5,28500000.0,44.2,44200000.0,69.223,69223.0,18.9,0.5079365079365081,-0.05151884685474706
213,Support activities for mining,2002,22.1,22100000.0,37.4,37400000.0,68.97,68970.0,28.5,-0.22456140350877185,-0.003654854600349644
213,Support activities for mining,2003,24.0,24000000.0,43.4,43400000.0,70.369,70369.0,22.1,0.08597285067873295,0.020284181528200662
213,Support activities for mining,2004,27.8,27800000.0,59.0,59000000.0,71.696,71696.0,24.0,0.15833333333333344,0.018857735650641638
213,Support activities for mining,2005,33.6,33600000.0,79.2,79200000.0,79.595,79595.0,27.8,0.2086330935251799,0.11017351037714795
213,Support activities for mining,2006,49.2,49200000.0,105.9,105900000.0,86.55,86550.0,33.6,0.4642857142857144,0.08737986054400393
213,Support activities for mining,2007,56.0,56000000.0,111.5,111500000.0,89.485,89485.0,49.2,0.1382113821138211,0.03391103408434426
213,Support activities for mining,2008,62.7,62700000.0,122.3,122300000.0,94.792,94792.0,56.0,0.11964285714285716,0.059306028943398426
213,Support activities for mining,2009,46.9,46900000.0,84.7,84700000.0,88.152,88152.0,62.7,-0.2519936204146731,-0.07004810532534389
213,Support activities for mining,2010,53.0,53000000.0,93.9,93900000.0,89.849,89849.0,46.9,0.13006396588486147,0.01925083945911621
213,Support activities for mining,2011,66.1,66099999.99999999,106.2,106200000.0,93.877,93877.0,53.0,0.24716981132075455,0.04483077162795346
213,Support activities for mining,2012,69.2,69200000.0,131.2,131199999.99999999,99.136,99136.0,66.1,0.04689863842662656,0.05602011142239305
213,Support activities for mining,2013,74.7,74700000.0,130.9,130900000.0,100.371,100371.0,69.2,0.07947976878612706,0.012457633957391856
213,Support activities for mining,2014,89.9,89900000.0,166.2,166200000.0,102.563,102563.0,74.7,0.20348058902275779,0.021838977393868753
213,Support activities for mining,2015,60.7,60700000.0,135.8,135800000.0,103.385,103385.0,89.9,-0.324805339265851,0.008014586156801284
213,Support activities for mining,2016,36.5,36500000.0,74.6,74600000.0,99.241,99241.0,60.7,-0.398682042833608,-0.040083184214344536
213,Support activities for mining,2017,53.9,53900000.0,106.9,106900000.0,100.0,100000.0,36.5,0.47671232876712333,0.007648048689553821
213,Support activities for mining,2018,77.5,77500000.0,134.8,134800000.0,92.658,92658.0,53.9,0.4378478664192951,-0.07342000000000004
213,Support activities for mining,2019,70.9,70900000.0,134.8,134800000.0,96.161,96161.0,77.5,-0.08516129032258057,0.03780569405771761
213,Support activities for mining,2020,46.8,46800000.0,78.6,78600000.0,88.744,88744.0,70.9,-0.33991537376586756,-0.07713106144902826
213,Support activities for mining,2021,60.3,60300000.0,85.1,85100000.0,71.092,71092.0,46.8,0.28846153846153855,-0.19890922203191208
213,Support activities for mining,2022,78.2,78200000.0,99.3,99300000.0,79.882,79882.0,60.3,0.2968490878938641,0.12364260394981152
213,Support activities for mining,2023,86.0,86000000.0,112.7,112700000.0,83.82,83820.0,78.2,0.09974424552429673,0.049297714128339054
213,Support activities for mining,2024,85.5,85500000.0,107.0,107000000.0,82.866,82866.0,86.0,-0.005813953488372103,-0.011381531853972726
213,Support activities for mining,2025,83.4,83400000.0,95.2,95200000.0,79.322,79322.0,85.5,-0.024561403508771895,-0.04276784205826267
22,Utilities,1997,248.0,248000000.0,425.4,425400000.0,69.134,69134.0,,,
22,Utilities,1998,236.9,236900000.0,446.7,446700000.0,69.108,69108.0,248.0,-0.04475806451612896,-0.000376081233546377
22,Utilities,1999,276.4,276400000.0,534.2,534200000.00000006,65.11,65110.0,236.9,0.16673701983959455,-0.05785147884470687
22,Utilities,2000,280.8,280800000.0,588.1,588100000.0,64.128,64128.0,276.4,0.01591895803183796,-0.015082168637690074
22,Utilities,2001,233.9,233900000.0,641.4,641400000.0,77.508,77508.0,280.8,-0.16702279202279202,0.2086452095808382
22,Utilities,2002,239.5,239500000.0,488.2,488200000.0,74.152,74152.0,233.9,0.02394185549380068,-0.043298756257418525
22,Utilities,2003,236.5,236500000.0,463.5,463500000.0,77.778,77778.0,239.5,-0.012526096033402934,0.04889955766533616
22,Utilities,2004,251.2,251200000.0,450.7,450700000.0,79.258,79258.0,236.5,0.062156448202959735,0.019028517061379757
22,Utilities,2005,239.8,239800000.0,478.7,478700000.0,82.537,82537.0,251.2,-0.04538216560509545,0.041371218047389746
22,Utilities,2006,254.3,254300000.0,461.4,461400000.0,89.124,89124.0,239.8,0.06046705587989987,0.07980663217708406
22,Utilities,2007,260.5,260500000.0,485.2,485200000.0,89.004,89004.0,254.3,0.024380652772316047,-0.0013464386697185082
22,Utilities,2008,276.3,276300000.0,523.2,523200000.00000006,87.457,87457.0,260.5,0.06065259117082533,-0.017381241292526273
22,Utilities,2009,257.0,257000000.0,464.2,464200000.0,100.322,100322.0,276.3,-0.06985161056822298,0.1471008609945461
22,Utilities,2010,290.8,290800000.0,514.9,514900000.0,95.992,95992.0,257.0,0.13151750972762644,-0.04316102151073542
22,Utilities,2011,301.9,301900000.0,495.3,495300000.0,95.499,95499.0,290.8,0.03817056396148555,-0.005135844653721189
22,Utilities,2012,306.2,306200000.0,491.2,491200000.0,91.647,91647.0,301.9,0.014243126863199729,-0.04033550089529725
22,Utilities,2013,304.0,304000000.0,496.0,496000000.0,94.615,94615.0,306.2,-0.007184846505551845,0.03238512990059683
22,Utilities,2014,292.7,292700000.0,502.1,502100000.0,102.238,102238.0,304.0,-0.03717105263157894,0.08056862019764321
22,Utilities,2015,296.9,296900000.0,497.9,497900000.0,101.194,101194.0,292.7,0.014349162965493711,-0.010211467360472626
22,Utilities,2016,313.6,313600000.0,490.2,490200000.0,96.768,96768.0,296.9,0.05624789491411275,-0.04373777101409171
22,Utilities,2017,313.7,313700000.0,474.1,474100000.0,100.0,100000.0,313.6,0.00031887755102033566,0.03339947089947093
22,Utilities,2018,309.3,309300000.0,496.4,496400000.0,103.589,103589.0,313.7,-0.014026139623844358,0.03588999999999998
22,Utilities,2019,312.5,312500000.0,492.9,492900000.0,106.104,106104.0,309.3,0.01034594245069509,0.024278639623898313
22,Utilities,2020,331.4,331400000.0,481.1,481100000.0,104.357,104357.0,312.5,0.06047999999999987,-0.01646497775767175
22,Utilities,2021,323.6,323600000.0,490.9,490900000.0,121.436,121436.0,331.4,-0.023536511768255775,0.16365936161445815
22,Utilities,2022,327.2,327200000.0,507.2,507200000.0,134.7,134700.0,323.6,0.011124845488257096,0.10922625909944328
22,Utilities,2023,345.7,345700000.0,503.3,503300000.0,132.401,132401.0,327.2,0.056540342298288415,-0.017067557535263345
22,Utilities,2024,353.4,353400000.0,514.2,514200000.00000006,128.556,128556.00000000001,345.7,0.022273647671391394,-0.029040566158865855
22,Utilities,2025,349.8,349800000.0,527.6,527600000.0,134.768,134768.0,353.4,-0.010186757215619568,0.04832135411804961
23,Construction,1997,816.5,816500000.0,1396.5,1396500000.0,41.586,41586.0,,,
23,Construction,1998,854.0,854000000.0,1487.8,1487800000.0,44.47,44470.0,816.5,0.04592774035517455,0.06935026210744
23,Construction,1999,890.1,890100000.0,1547.4,1547400000.0,46.935,46935.0,854.0,0.042271662763466056,0.05543062738925131
23,Construction,2000,925.4,925400000.0,1611.2,1611200000.0,49.843,49843.0,890.1,0.03965846534097284,0.06195802705869813
23,Construction,2001,909.4,909400000.0,1621.8,1621800000.0,53.486,53486.0,925.4,-0.01728982061811113,0.07308950103324419
23,Construction,2002,878.5,878500000.0,1601.7,1601700000.0,56.18,56180.0,909.4,-0.033978447327908445,0.050368320682047774
23,Construction,2003,896.7,896700000.0,1656.0,1656000000.0,58.57,58570.0,878.5,0.0207171314741037,0.04254182983268073
23,Construction,2004,930.3,930300000.0,1723.4,1723400000.0,62.839,62839.0,896.7,0.03747072599531598,0.07288714358886805
23,Construction,2005,934.0,934000000.0,1767.9,1767900000.0,69.759,69759.0,930.3,0.003977211652155255,0.11012269450500489
23,Construction,2006,913.1,913100000.0,1727.6,1727600000.0,76.344,76344.0,934.0,-0.022376873661670182,0.09439642196705789
23,Construction,2007,888.2,888200000.0,1635.0,1635000000.0,80.583,80583.0,913.1,-0.027269740444639146,0.05552499214083628
23,Construction,2008,801.6,801600000.0,1513.0,1513000000.0,80.995,80995.0,888.2,-0.09750056293627563,0.005112740900686363
23,Construction,2009,686.7,686700000.0,1312.5,1312500000.0,82.341,82341.0,801.6,-0.14333832335329333,0.01661830977220813
23,Construction,2010,656.8,656800000.0,1214.8,1214800000.0,80.051,80051.0,686.7,-0.0435415756516675,-0.027811175477587047
23,Construction,2011,648.9,648900000.0,1184.5,1184500000.0,80.995,80995.0,656.8,-0.012028014616321525,0.011792482292538597
23,Construction,2012,670.2,670200000.0,1217.8,1217800000.0,82.806,82806.0,648.9,0.032824780397596065,0.022359404901536983
23,Construction,2013,697.6,697600000.0,1277.9,1277900000.0,85.256,85256.0,670.2,0.040883318412414216,0.029587227978648878
23,Construction,2014,721.2,721200000.0,1349.5,1349500000.0,90.117,90117.0,697.6,0.033830275229357776,0.05701651496668858
23,Construction,2015,764.4,764400000.0,1466.8,1466800000.0,93.582,93582.0,721.2,0.05990016638935103,0.03845001498052514
23,Construction,2016,804.4,804400000.0,1559.9,1559900000.0,96.575,96575.0,764.4,0.05232862375719516,0.03198264623538716
23,Construction,2017,840.2,840200000.0,1578.0,1578000000.0,100.0,100000.0,804.4,0.044505221282943985,0.03546466476831478
23,Construction,2018,863.8,863800000.0,1601.3,1601300000.0,102.932,102932.0,840.2,0.028088550345155783,0.029320000000000013
23,Construction,2019,882.3,882300000.0,1613.8,1613800000.0,108.01,108010.0,863.8,0.021416994674693157,0.049333540589904024
23,Construction,2020,863.4,863400000.0,1641.2,1641200000.0,111.028,111028.0,882.3,-0.02142128527711662,0.02794185723544107
23,Construction,2021,885.1,885100000.0,1668.4,1668400000.0,114.355,114355.0,863.4,0.025133194347926935,0.02996541412976894
23,Construction,2022,830.5,830500000.0,1611.4,1611400000.0,133.942,133942.0,885.1,-0.061687944864987077,0.17128241003891387
23,Construction,2023,831.1,831100000.0,1677.0,1677000000.0,147.345,147345.0,830.5,0.0007224563515955129,0.10006570007913873
23,Construction,2024,871.5,871500000.0,1738.2,1738200000.0,149.784,149784.0,831.1,0.04861027553844299,0.016552987885574577
23,Construction,2025,886.8,886800000.0,1715.1,1715100000.0,151.23,151230.0,871.5,0.017555938037865593,0.009653901618330352
311FT,Food and beverage and tobacco products,1997,237.4,237400000.0,861.2,861200000.0,56.941,56941.0,,,
311FT,Food and beverage and tobacco products,1998,233.6,233600000.0,881.0,881000000.0,59.926,59926.0,237.4,-0.01600673967986521,0.05242268312815024
311FT,Food and beverage and tobacco products,1999,235.6,235600000.0,857.8,857800000.0,68.69,68690.0,233.6,0.008561643835616417,0.14624703801354988
311FT,Food and beverage and tobacco products,2000,231.2,231200000.0,870.0,870000000.0,70.566,70566.0,235.6,-0.018675721561969505,0.02731110787596447
311FT,Food and beverage and tobacco products,2001,235.3,235300000.0,864.5,864500000.0,74.012,74012.0,231.2,0.017733564013840963,0.04883371595385877
311FT,Food and beverage and tobacco products,2002,221.8,221800000.0,853.6,853600000.0,79.155,79155.0,235.3,-0.057373565660858494,0.06948873155704471
311FT,Food and beverage and tobacco products,2003,231.7,231700000.0,864.6,864600000.0,77.212,77212.0,221.8,0.04463480613164994,-0.024546775314256863
311FT,Food and beverage and tobacco products,2004,237.0,237000000.0,865.3,865300000.0,74.181,74181.0,231.7,0.022874406560207117,-0.039255556131171376
311FT,Food and beverage and tobacco products,2005,235.8,235800000.0,896.8,896800000.0,75.755,75755.0,237.0,-0.005063291139240422,0.02121837128105586
311FT,Food and beverage and tobacco products,2006,261.3,261300000.0,903.6,903600000.0,74.171,74171.0,235.8,0.10814249363867678,-0.020909510923371233
311FT,Food and beverage and tobacco products,2007,267.2,267200000.0,908.3,908300000.0,72.678,72678.0,261.3,0.022579410639111952,-0.02012916099284101
311FT,Food and beverage and tobacco products,2008,253.4,253400000.0,897.8,897800000.0,78.645,78645.0,267.2,-0.05164670658682624,0.08210187401964819
311FT,Food and beverage and tobacco products,2009,261.7,261700000.0,905.0,905000000.0,90.813,90813.0,253.4,0.032754538279400114,0.1547205798207134
311FT,Food and beverage and tobacco products,2010,250.1,250100000.0,900.4,900400000.0,89.358,89358.0,261.7,-0.04432556362246842,-0.016021935185491
311FT,Food and beverage and tobacco products,2011,242.7,242700000.0,885.7,885700000.0,86.447,86447.0,250.1,-0.029588164734106415,-0.032576825801830855
311FT,Food and beverage and tobacco products,2012,238.6,238600000.0,893.4,893400000.0,92.212,92212.0,242.7,-0.01689328388957556,0.0666882598586418
311FT,Food and beverage and tobacco products,2013,251.8,251800000.0,910.6,910600000.0,91.317,91317.0,238.6,0.055322715842414105,-0.009705895111265406
311FT,Food and beverage and tobacco products,2014,254.9,254900000.0,907.6,907600000.0,94.815,94815.0,251.8,0.012311358220810087,0.038306120437596514
311FT,Food and beverage and tobacco products,2015,266.3,266300000.0,940.4,940400000.0,100.159,100159.0,254.9,0.04472342094939186,0.05636238991720721
311FT,Food and beverage and tobacco products,2016,258.8,258800000.0,964.6,964600000.0,104.644,104644.0,266.3,-0.028163725122042793,0.044778801705288585
311FT,Food and beverage and tobacco products,2017,275.3,275300000.0,953.1,953100000.0,100.0,100000.0,258.8,0.06375579598145276,-0.04437903749856664
311FT,Food and beverage and tobacco products,2018,274.1,274100000.0,952.9,952900000.0,98.678,98678.0,275.3,-0.004358881220486666,-0.01322000000000001
311FT,Food and beverage and tobacco products,2019,267.2,267200000.0,960.4,960400000.0,102.077,102077.0,274.1,-0.025173294418095682,0.03444536776181106
311FT,Food and beverage and tobacco products,2020,271.4,271400000.0,971.2,971200000.0,107.856,107856.0,267.2,0.01571856287425155,0.05661412463140558
311FT,Food and beverage and tobacco products,2021,287.9,287900000.0,962.3,962300000.0,106.469,106469.0,271.4,0.060795873249815724,-0.012859738911140783
311FT,Food and beverage and tobacco products,2022,297.5,297500000.0,969.7,969700000.0,100.806,100806.0,287.9,0.033344911427579005,-0.05318919121997945
311FT,Food and beverage and tobacco products,2023,294.6,294600000.0,966.0,966000000.0,117.729,117729.0,297.5,-0.009747899159663787,0.16787691208856614
311FT,Food and beverage and tobacco products,2024,296.6,296600000.0,965.6,965600000.0,121.451,121451.0,294.6,0.006788866259334725,0.031614980166314144
311FT,Food and beverage and tobacco products,2025,292.0,292000000.0,950.0,950000000.0,121.53,121530.0,296.6,-0.015509103169251581,0.0006504680900116799
313TT,Textile mills and textile product mills,1997,26.3,26300000.0,113.3,113300000.0,104.02,104020.0,,,
313TT,Textile mills and textile product mills,1998,26.0,26000000.0,111.7,111700000.0,107.992,107992.0,26.3,-0.011406844106463865,0.03818496442991748
313TT,Textile mills and textile product mills,1999,27.3,27300000.0,113.0,113000000.0,104.423,104423.0,26.0,0.050000000000000044,-0.03304874435143346
313TT,Textile mills and textile product mills,2000,28.6,28600000.0,110.7,110700000.0,97.722,97722.0,27.3,0.04761904761904767,-0.0641716863143178
313TT,Textile mills and textile product mills,2001,25.4,25400000.0,99.6,99600000.0,98.023,98023.0,28.6,-0.11188811188811199,0.003080166185710498
313TT,Textile mills and textile product mills,2002,24.7,24700000.0,99.0,99000000.0,97.262,97262.0,25.4,-0.027559055118110187,-0.007763484080266836
313TT,Textile mills and textile product mills,2003,20.6,20600000.0,94.8,94800000.0,90.722,90722.0,24.7,-0.165991902834008,-0.06724106022907206
313TT,Textile mills and textile product mills,2004,25.5,25500000.0,95.0,95000000.0,86.945,86945.0,20.6,0.2378640776699028,-0.041632680055554316
313TT,Textile mills and textile product mills,2005,24.2,24200000.0,95.9,95900000.0,85.344,85344.0,25.5,-0.050980392156862786,-0.01841393984702977
313TT,Textile mills and textile product mills,2006,23.2,23200000.0,86.3,86300000.0,86.585,86585.0,24.2,-0.04132231404958675,0.01454115110611176
313TT,Textile mills and textile product mills,2007,22.5,22500000.0,76.5,76500000.0,85.916,85916.0,23.2,-0.030172413793103425,-0.007726511520471213
313TT,Textile mills and textile product mills,2008,21.0,21000000.0,64.9,64900000.00000001,84.809,84809.0,22.5,-0.06666666666666665,-0.01288467805763771
313TT,Textile mills and textile product mills,2009,16.2,16200000.0,52.7,52700000.0,93.158,93158.0,21.0,-0.22857142857142865,0.09844474053461316
313TT,Textile mills and textile product mills,2010,16.4,16399999.999999998,55.2,55200000.0,94.892,94892.0,16.2,0.012345679012345734,0.01861353828978718
313TT,Textile mills and textile product mills,2011,14.7,14700000.0,54.0,54000000.0,102.809,102809.0,16.4,-0.10365853658536583,0.08343169076423718
313TT,Textile mills and textile product mills,2012,16.1,16100000.000000002,52.8,52800000.0,99.115,99115.0,14.7,0.09523809523809534,-0.035930706455660544
313TT,Textile mills and textile product mills,2013,17.2,17200000.0,54.2,54200000.0,96.952,96952.0,16.1,0.06832298136645942,-0.021823134742470884
313TT,Textile mills and textile product mills,2014,18.0,18000000.0,55.0,55000000.0,98.321,98321.0,17.2,0.04651162790697683,0.01412038947107841
313TT,Textile mills and textile product mills,2015,17.5,17500000.0,52.8,52800000.0,101.182,101182.0,18.0,-0.02777777777777779,0.029098564904750823
313TT,Textile mills and textile product mills,2016,17.6,17600000.0,51.8,51800000.0,103.08,103080.0,17.5,0.005714285714285783,0.01875827716392231
313TT,Textile mills and textile product mills,2017,17.3,17300000.0,49.7,49700000.0,100.0,100000.0,17.6,-0.017045454545454586,-0.029879705083430297
313TT,Textile mills and textile product mills,2018,16.4,16399999.999999998,49.2,49200000.0,101.237,101237.0,17.3,-0.05202312138728338,0.012369999999999992
313TT,Textile mills and textile product mills,2019,16.0,16000000.0,47.7,47700000.0,103.947,103947.0,16.4,-0.024390243902438935,0.0267688690893646
313TT,Textile mills and textile product mills,2020,15.0,15000000.0,43.9,43900000.0,105.4,105400.0,16.0,-0.0625,0.013978277391363036
313TT,Textile mills and textile product mills,2021,16.1,16100000.000000002,45.3,45300000.0,105.705,105705.0,15.0,0.07333333333333347,0.00289373814041749
313TT,Textile mills and textile product mills,2022,14.6,14600000.0,40.3,40300000.0,114.453,114453.0,16.1,-0.0931677018633541,0.08275862068965512
313TT,Textile mills and textile product mills,2023,13.4,13400000.0,37.7,37700000.0,121.012,121012.0,14.6,-0.0821917808219178,0.0573073663425161
313TT,Textile mills and textile product mills,2024,13.4,13400000.0,37.3,37300000.0,121.905,121905.0,13.4,0.0,0.007379433444617112
313TT,Textile mills and textile product mills,2025,13.6,13600000.0,36.9,36900000.0,121.676,121676.0,13.4,0.014925373134328401,-0.0018785119560312813
315AL,Apparel and leather and allied products,1997,23.1,23100000.0,106.3,106300000.0,108.837,108837.0,,,
315AL,Apparel and leather and allied products,1998,21.0,21000000.0,95.7,95700000.0,111.776,111776.0,23.1,-0.09090909090909094,0.027003684408794637
315AL,Apparel and leather and allied products,1999,19.6,19600000.0,91.8,91800000.0,114.063,114063.0,21.0,-0.06666666666666665,0.0204605639851132
315AL,Apparel and leather and allied products,2000,20.0,20000000.0,90.5,90500000.0,110.636,110636.0,19.6,0.020408163265306145,-0.030044799803617406
315AL,Apparel and leather and allied products,2001,18.1,18100000.0,70.5,70500000.0,107.707,107707.0,20.0,-0.09499999999999997,-0.026474203694999865
315AL,Apparel and leather and allied products,2002,17.0,17000000.0,61.3,61300000.0,106.569,106569.0,18.1,-0.06077348066298349,-0.010565701393595472
315AL,Apparel and leather and allied products,2003,15.0,15000000.0,53.7,53700000.0,103.321,103321.0,17.0,-0.11764705882352944,-0.030477906332986193
315AL,Apparel and leather and allied products,2004,14.6,14600000.0,46.6,46600000.0,99.966,99966.0,15.0,-0.026666666666666727,-0.032471617580162815
315AL,Apparel and leather and allied products,2005,14.3,14300000.0,47.6,47600000.0,97.065,97065.0,14.6,-0.020547945205479423,-0.02901986675469659
315AL,Apparel and leather and allied products,2006,13.5,13500000.0,45.9,45900000.0,95.084,95084.0,14.3,-0.05594405594405594,-0.02040900427548542
315AL,Apparel and leather and allied products,2007,12.6,12600000.0,34.4,34400000.0,94.373,94373.0,13.5,-0.06666666666666665,-0.007477598754785264
315AL,Apparel and leather and allied products,2008,12.4,12400000.0,30.3,30300000.0,93.511,93511.0,12.6,-0.015873015873015817,-0.009133968401979442
315AL,Apparel and leather and allied products,2009,10.2,10200000.0,27.2,27200000.0,96.998,96998.0,12.4,-0.17741935483870974,0.03728973061992713
315AL,Apparel and leather and allied products,2010,11.1,11100000.0,25.8,25800000.0,93.201,93201.0,10.2,0.08823529411764719,-0.03914513701313438
315AL,Apparel and leather and allied products,2011,10.9,10900000.0,27.0,27000000.0,93.298,93298.0,11.1,-0.018018018018017945,0.0010407613652214653
315AL,Apparel and leather and allied products,2012,10.5,10500000.0,20.3,20300000.0,95.378,95378.0,10.9,-0.03669724770642202,0.022294154215524387
315AL,Apparel and leather and allied products,2013,10.6,10600000.0,19.9,19900000.0,96.987,96987.0,10.5,0.00952380952380949,0.016869718383694332
315AL,Apparel and leather and allied products,2014,10.1,10100000.0,19.2,19200000.0,98.443,98443.0,10.6,-0.047169811320754707,0.015012321238929038
315AL,Apparel and leather and allied products,2015,9.7,9700000.0,18.5,18500000.0,100.351,100351.0,10.1,-0.03960396039603964,0.01938177422467824
315AL,Apparel and leather and allied products,2016,9.7,9700000.0,18.7,18700000.0,99.845,99845.0,9.7,0.0,-0.005042301521658965
315AL,Apparel and leather and allied products,2017,9.4,9400000.0,15.7,15700000.0,100.0,100000.0,9.7,-0.030927835051546282,0.0015524062296559116
315AL,Apparel and leather and allied products,2018,9.4,9400000.0,16.9,16900000.0,99.335,99335.0,9.4,0.0,-0.006650000000000045
315AL,Apparel and leather and allied products,2019,9.8,9800000.0,17.3,17300000.0,98.571,98571.0,9.4,0.042553191489361764,-0.007691146121709291
315AL,Apparel and leather and allied products,2020,9.7,9700000.0,17.2,17200000.0,97.12,97120.0,9.8,-0.010204081632653184,-0.014720353856610857
315AL,Apparel and leather and allied products,2021,11.3,11300000.0,18.6,18600000.0,97.47,97470.0,9.7,0.1649484536082475,0.0036037891268532185
315AL,Apparel and leather and allied products,2022,11.7,11700000.0,16.3,16300000.0,99.39,99390.0,11.3,0.03539823008849541,0.019698368728839677
315AL,Apparel and leather and allied products,2023,11.3,11300000.0,18.0,18000000.0,103.586,103586.0,11.7,-0.03418803418803407,0.04221752691417646
315AL,Apparel and leather and allied products,2024,11.5,11500000.0,19.2,19200000.0,108.242,108242.0,11.3,0.017699115044247815,0.04494815901762794
315AL,Apparel and leather and allied products,2025,11.5,11500000.0,18.9,18900000.0,106.501,106501.0,11.5,0.0,-0.016084329557842558
31G,Manufacturing,1997,1379.0,1379000000.0,5058.5,5058500000.0,100.283,100283.0,,,
31G,Manufacturing,1998,1444.3,1444300000.0,5299.6,5299600000.0,99.055,99055.0,1379.0,0.04735315445975341,-0.012245345671748842
31G,Manufacturing,1999,1531.7,1531700000.0,5494.8,5494800000.0,97.251,97251.0,1444.3,0.06051374368206064,-0.018212104386452044
31G,Manufacturing,2000,1641.1,1641100000.0,5649.6,5649600000.0,94.439,94439.0,1531.7,0.07142390807599397,-0.028914869769976814
31G,Manufacturing,2001,1586.1,1586100000.0,5400.0,5400000000.0,92.903,92903.0,1641.1,-0.0335141063920541,-0.016264467010451034
31G,Manufacturing,2002,1602.6,1602600000.0,5361.0,5361000000.0,91.619,91619.0,1586.1,0.010402874976357168,-0.013820866925718267
31G,Manufacturing,2003,1702.8,1702800000.0,5363.3,5363300000.0,89.502,89502.0,1602.6,0.06252339947585184,-0.02310656086619589
31G,Manufacturing,2004,1824.3,1824300000.0,5518.6,5518600000.0,88.136,88136.0,1702.8,0.07135306553911214,-0.015262228777010556
31G,Manufacturing,2005,1877.7,1877700000.0,5745.9,5745900000.0,90.137,90137.0,1824.3,0.02927150139779644,0.02270354906054295
31G,Manufacturing,2006,1982.9,1982900000.0,5841.1,5841100000.0,90.448,90448.0,1877.7,0.05602598924215796,0.0034503034270054744
31G,Manufacturing,2007,2065.5,2065500000.0,6009.8,6009800000.0,89.363,89363.0,1982.9,0.04165616016944873,-0.01199584291526612
31G,Manufacturing,2008,2021.2,2021200000.0,5677.6,5677600000.0,89.037,89037.0,2065.5,-0.021447591382231845,-0.0036480422546243396
31G,Manufacturing,2009,1841.9,1841900000.0,4999.6,4999600000.0,92.069,92069.0,2021.2,-0.08870967741935476,0.03405325875759502
31G,Manufacturing,2010,1950.8,1950800000.0,5265.3,5265300000.0,91.673,91673.0,1841.9,0.05912373093001788,-0.004301121984598533
31G,Manufacturing,2011,1964.4,1964400000.0,5420.5,5420500000.0,94.84,94840.0,1950.8,0.006971498872257564,0.03454670404590221
31G,Manufacturing,2012,1964.6,1964600000.0,5528.1,5528100000.0,97.798,97798.0,1964.4,0.00010181225819572148,0.031189371573175917
31G,Manufacturing,2013,2030.2,2030200000.0,5669.3,5669300000.0,97.063,97063.0,1964.6,0.03339102107299197,-0.007515491114337691
31G,Manufacturing,2014,2049.2,2049199999.9999998,5698.9,5698900000.0,98.07,98070.0,2030.2,0.009358683873509799,0.010374705088447511
31G,Manufacturing,2015,2064.8,2064800000.0000002,5711.9,5711900000.0,100.307,100307.0,2049.2,0.007612726917821666,0.02281023758539824
31G,Manufacturing,2016,2049.3,2049300000.0000002,5692.4,5692400000.0,99.312,99312.0,2064.8,-0.007506780317706352,-0.009919546990738493
31G,Manufacturing,2017,2109.7,2109699999.9999998,5676.6,5676600000.0,100.0,100000.0,2049.3,0.029473478748840876,0.006927662316739136
31G,Manufacturing,2018,2213.0,2213000000.0,5786.4,5786400000.0,102.205,102205.0,2109.7,0.048964307721476974,0.022049999999999903
31G,Manufacturing,2019,2224.8,2224800000.0,5732.6,5732600000.0,101.976,101976.0,2213.0,0.005332128332580233,-0.0022405948828334576
31G,Manufacturing,2020,2140.4,2140400000.0,5334.7,5334700000.0,100.763,100763.0,2224.8,-0.03793599424667393,-0.011894955675845198
31G,Manufacturing,2021,2299.8,2299800000.0,5507.9,5507900000.0,105.067,105067.0,2140.4,0.07447206129695383,0.042714091481992345
31G,Manufacturing,2022,2280.7,2280700000.0,5497.6,5497600000.0,116.993,116993.0,2299.8,-0.0083050700060876,0.11350852313285809
31G,Manufacturing,2023,2292.0,2292000000.0,5579.7,5579700000.0,122.88,122880.0,2280.7,0.004954619195860932,0.05031924986965031
31G,Manufacturing,2024,2361.4,2361400000.0,5587.9,5587900000.0,121.995,121995.0,2292.0,0.030279232111692922,-0.007202148437499889
31G,Manufacturing,2025,2396.5,2396500000.0,5593.4,5593400000.0,120.847,120847.0,2361.4,0.01486406369103066,-0.009410221730398849
31ND,Nondurable goods,1997,893.4,893400000.0,2893.5,2893500000.0,62.58,62580.0,,,
31ND,Nondurable goods,1998,879.4,879400000.0,2912.2,2912200000.0,65.944,65944.0,893.4,-0.015670472352809495,0.05375519335250889
31ND,Nondurable goods,1999,910.2,910200000.0,2921.0,2921000000.0,67.499,67499.0,879.4,0.035023879918126166,0.0235806138541792
31ND,Nondurable goods,2000,916.8,916800000.0,2925.3,2925300000.0,68.194,68194.0,910.2,0.007251153592616966,0.010296448836279115
31ND,Nondurable goods,2001,912.2,912200000.0,2833.1,2833100000.0,70.189,70189.0,916.8,-0.005017452006980672,0.029254773147197488
31ND,Nondurable goods,2002,905.1,905100000.0,2865.1,2865100000.0,70.224,70224.0,912.2,-0.007783380837535603,0.0004986536351851978
31ND,Nondurable goods,2003,938.5,938500000.0,2824.4,2824400000.0,70.423,70423.0,905.1,0.03690199977902986,0.0028337890179994663
31ND,Nondurable goods,2004,1005.5,1005500000.0,2889.2,2889200000.0,69.901,69901.0,938.5,0.07139051678209918,-0.007412351078482926
31ND,Nondurable goods,2005,985.5,985500000.0,2966.2,2966200000.0,74.699,74699.0,1005.5,-0.019890601690701115,0.06863993362040599
31ND,Nondurable goods,2006,1016.9,1016900000.0,2964.2,2964200000.0,77.614,77614.0,985.5,0.03186199898528663,0.039023280097457924
31ND,Nondurable goods,2007,1044.5,1044500000.0,3019.1,3019100000.0,78.001,78001.0,1016.9,0.027141311830071846,0.004986213827402386
31ND,Nondurable goods,2008,991.7,991700000.0,2845.6,2845600000.0,80.855,80855.0,1044.5,-0.05055050263283867,0.03658927449648086
31ND,Nondurable goods,2009,976.4,976400000.0,2683.8,2683800000.0,84.034,84034.0,991.7,-0.01542805283856008,0.039317296394780765
31ND,Nondurable goods,2010,964.2,964200000.0,2736.3,2736300000.0,86.527,86527.0,976.4,-0.012494879147890159,0.02966656353380759
31ND,Nondurable goods,2011,903.1,903100000.0,2732.8,2732800000.0,94.753,94753.0,964.2,-0.06336859572702758,0.09506859130675971
31ND,Nondurable goods,2012,871.2,871200000.0,2759.9,2759900000.0,99.793,99793.0,903.1,-0.035322777101096214,0.05319092799172598
31ND,Nondurable goods,2013,910.0,910000000.0,2834.6,2834600000.0,97.456,97456.0,871.2,0.044536271808998995,-0.023418476245828934
31ND,Nondurable goods,2014,919.2,919200000.0,2800.6,2800600000.0,98.297,98297.0,910.0,0.010109890109890163,0.008629535380068942
31ND,Nondurable goods,2015,925.1,925100000.0,2821.5,2821500000.0,100.172,100172.0,919.2,0.006418624891209701,0.019074844603599317
31ND,Nondurable goods,2016,914.0,914000000.0,2877.2,2877200000.0,97.96,97960.0,925.1,-0.011998702842935915,-0.02208201892744488
31ND,Nondurable goods,2017,931.4,931400000.0,2847.0,2847000000.0,100.0,100000.0,914.0,0.019037199124726456,0.020824826459779677
31ND,Nondurable goods,2018,985.2,985200000.0,2867.0,2867000000.0,104.472,104472.0,931.4,0.057762508052394246,0.04471999999999987
31ND,Nondurable goods,2019,982.9,982900000.0,2865.9,2865900000.0,102.376,102376.0,985.2,-0.002334551360129944,-0.020062791944252867
31ND,Nondurable goods,2020,964.1,964100000.0,2704.4,2704400000.0,99.136,99136.0,982.9,-0.01912707294740046,-0.03164804250996334
31ND,Nondurable goods,2021,1037.0,1037000000.0,2752.1,2752100000.0,109.29,109290.0,964.1,0.07561456280468826,0.10242495158166576
31ND,Nondurable goods,2022,1016.9,1016900000.0,2705.0,2705000000.0,125.378,125378.0,1037.0,-0.019382835101253604,0.14720468478360327
31ND,Nondurable goods,2023,1028.9,1028900000.0000001,2728.7,2728700000.0,128.678,128678.0,1016.9,0.011800570360900986,0.026320407088962883
31ND,Nondurable goods,2024,1100.0,1100000000.0,2763.9,2763900000.0,123.258,123258.0,1028.9,0.06910292545436869,-0.04212064222322387
31ND,Nondurable goods,2025,1100.1,1100100000.0,2755.2,2755200000.0,121.808,121808.0,1100.0,9.090909090891941e-05,-0.011763942299891195
321,Wood products,1997,31.2,31200000.0,113.6,113600000.0,85.828,85828.0,,,
321,Wood products,1998,31.6,31600000.0,120.0,120000000.0,86.968,86968.0,31.2,0.012820512820512997,0.013282378710910203
321,Wood products,1999,31.1,31100000.0,123.8,123800000.0,94.503,94503.0,31.6,-0.015822784810126556,0.08664106337963395
321,Wood products,2000,31.7,31700000.0,122.5,122500000.0,89.236,89236.0,31.1,0.019292604501607746,-0.05573368041226201
321,Wood products,2001,30.6,30600000.0,115.1,115100000.0,88.887,88887.0,31.7,-0.034700315457413144,-0.0039109776323457135
321,Wood products,2002,30.9,30900000.0,119.0,119000000.0,88.272,88272.0,30.6,0.009803921568627416,-0.006918897026561788
321,Wood products,2003,31.0,31000000.0,118.2,118200000.0,92.643,92643.0,30.9,0.003236245954692629,0.0495174007612833
321,Wood products,2004,30.3,30300000.0,121.7,121700000.0,107.457,107457.0,31.0,-0.022580645161290325,0.15990414818172982
321,Wood products,2005,33.2,33200000.000000004,130.9,130900000.0,104.636,104636.0,30.3,0.09570957095709587,-0.026252361409680125
321,Wood products,2006,32.7,32700000.000000004,132.4,132400000.0,96.867,96867.0,33.2,-0.015060240963855387,-0.07424786880232415
321,Wood products,2007,34.6,34600000.0,122.5,122500000.0,83.94,83940.0,32.7,0.05810397553516822,-0.13345102047136803
321,Wood products,2008,32.5,32500000.0,105.7,105700000.0,78.951,78951.0,34.6,-0.06069364161849711,-0.05943531093638321
321,Wood products,2009,27.5,27500000.0,82.7,82700000.0,77.075,77075.0,32.5,-0.15384615384615385,-0.02376157363427933
321,Wood products,2010,29.6,29600000.0,85.3,85300000.0,78.893,78893.0,27.5,0.07636363636363641,0.02358741485566007
321,Wood products,2011,32.8,32799999.999999996,86.6,86600000.0,72.198,72198.0,29.6,0.10810810810810789,-0.08486177480891854
321,Wood products,2012,33.5,33500000.0,92.5,92500000.0,77.094,77094.0,32.8,0.021341463414634276,0.06781351283969084
321,Wood products,2013,34.2,34200000.0,96.4,96400000.0,88.29,88290.0,33.5,0.020895522388059806,0.1452253093625966
321,Wood products,2014,30.9,30900000.0,97.3,97300000.0,98.222,98222.0,34.2,-0.09649122807017552,0.11249292105561204
321,Wood products,2015,33.6,33600000.0,103.6,103600000.0,93.679,93679.0,30.9,0.08737864077669921,-0.04625236708680325
321,Wood products,2016,35.2,35200000.0,106.6,106600000.0,95.707,95707.0,33.6,0.04761904761904767,0.02164839505118543
321,Wood products,2017,35.7,35700000.0,108.5,108500000.0,100.0,100000.0,35.2,0.014204545454545414,0.044855653191511635
321,Wood products,2018,33.9,33900000.0,113.5,113500000.0,109.01,109010.0,35.7,-0.050420168067227045,0.09010000000000007
321,Wood products,2019,35.1,35100000.0,109.3,109300000.0,104.845,104845.0,33.9,0.03539823008849563,-0.03820750389872496
321,Wood products,2020,37.1,37100000.0,116.1,116100000.0,115.816,115816.0,35.1,0.056980056980056926,0.10464018312747392
321,Wood products,2021,35.1,35100000.0,119.6,119600000.0,170.918,170918.0,37.1,-0.0539083557951483,0.4757719140705947
321,Wood products,2022,33.5,33500000.0,120.1,120100000.0,193.087,193087.0,35.1,-0.04558404558404561,0.12970547279982214
321,Wood products,2023,38.5,38500000.0,129.9,129900000.0,161.918,161918.0,33.5,0.14925373134328357,-0.16142464277760793
321,Wood products,2024,38.3,38300000.0,131.8,131800000.00000001,157.289,157289.0,38.5,-0.0051948051948053076,-0.028588544818982542
321,Wood products,2025,39.2,39200000.0,129.0,129000000.0,149.4,149400.0,38.3,0.023498694516971508,-0.05015608211635891
322,Paper products,1997,82.2,82200000.0,235.3,235300000.0,67.36,67360.0,,,
322,Paper products,1998,76.9,76900000.0,235.7,235700000.0,72.599,72599.0,82.2,-0.06447688564476883,0.07777612826603342
322,Paper products,1999,81.2,81200000.0,238.6,238600000.0,73.168,73168.0,76.9,0.0559167750325098,0.00783757352029646
322,Paper products,2000,76.5,76500000.0,231.7,231700000.0,81.244,81244.0,81.2,-0.05788177339901479,0.11037612070850633
322,Paper products,2001,66.8,66800000.0,220.1,220100000.0,80.086,80086.0,76.5,-0.12679738562091503,-0.014253360248141389
322,Paper products,2002,68.5,68500000.0,221.3,221300000.0,78.965,78965.0,66.8,0.025449101796407136,-0.013997452738306215
322,Paper products,2003,67.5,67500000.0,214.8,214800000.0,75.599,75599.0,68.5,-0.014598540145985384,-0.04262648008611414
322,Paper products,2004,72.1,72100000.0,215.2,215200000.0,73.167,73167.0,67.5,0.06814814814814807,-0.032169737694943135
322,Paper products,2005,70.1,70100000.0,214.6,214600000.0,73.687,73687.0,72.1,-0.0277392510402219,0.007107029125152042
322,Paper products,2006,74.6,74600000.0,212.2,212200000.0,77.738,77738.0,70.1,0.06419400855920121,0.0549757759170546
322,Paper products,2007,70.5,70500000.0,214.4,214400000.0,79.093,79093.0,74.6,-0.05495978552278813,0.017430342946821442
322,Paper products,2008,62.8,62800000.0,204.5,204500000.0,81.875,81875.0,70.5,-0.10921985815602842,0.03517378276206484
322,Paper products,2009,65.7,65700000.0,184.7,184700000.0,90.152,90152.0,62.8,0.04617834394904463,0.10109312977099227
322,Paper products,2010,61.4,61400000.0,187.5,187500000.0,91.858,91858.0,65.7,-0.06544901065449016,0.01892359570503155
322,Paper products,2011,58.8,58800000.0,187.9,187900000.0,91.541,91541.0,61.4,-0.04234527687296419,-0.0034509786844914014
322,Paper products,2012,58.5,58500000.0,191.3,191300000.0,90.889,90889.0,58.8,-0.005102040816326481,-0.007122491561158406
322,Paper products,2013,60.0,60000000.0,191.9,191900000.0,94.264,94264.0,58.5,0.02564102564102555,0.037133206438622945
322,Paper products,2014,60.9,60900000.0,190.5,190500000.0,93.525,93525.0,60.0,0.014999999999999902,-0.007839684290927518
322,Paper products,2015,62.1,62100000.0,189.3,189300000.0,96.526,96526.0,60.9,0.019704433497536922,0.032087677091686695
322,Paper products,2016,60.6,60600000.0,186.3,186300000.0,96.923,96923.0,62.1,-0.024154589371980673,0.004112881503429255
322,Paper products,2017,55.9,55900000.0,185.3,185300000.0,100.0,100000.0,60.6,-0.07755775577557755,0.03174685059273852
322,Paper products,2018,59.5,59500000.0,182.5,182500000.0,101.281,101281.0,55.9,0.06440071556350624,0.012809999999999988
322,Paper products,2019,62.7,62700000.0,183.5,183500000.0,100.06,100060.0,59.5,0.05378151260504205,-0.012055568171720266
322,Paper products,2020,67.7,67700000.0,177.3,177300000.0,96.107,96107.0,62.7,0.0797448165869219,-0.039506296222266646
322,Paper products,2021,64.4,64400000.00000001,177.1,177100000.0,100.427,100427.0,67.7,-0.048744460856720795,0.044949899591080866
322,Paper products,2022,57.9,57900000.0,169.6,169600000.0,121.196,121196.0,64.4,-0.10093167701863359,0.20680693439015396
322,Paper products,2023,56.2,56200000.0,168.5,168500000.0,131.212,131212.0,57.9,-0.0293609671848013,0.08264299151787191
322,Paper products,2024,56.8,56800000.0,169.9,169900000.0,131.116,131116.0,56.2,0.010676156583629748,-0.0007316403987438491
322,Paper products,2025,55.2,55200000.0,165.3,165300000.0,136.19,136190.0,56.8,-0.028169014084506894,0.03869855700295899
323,Printing and related support activities,1997,35.7,35700000.0,117.7,117700000.0,104.725,104725.0,,,
323,Printing and related support activities,1998,36.2,36200000.0,119.0,119000000.0,109.603,109603.0,35.7,0.014005602240896309,0.04657913583194073
323,Printing and related support activities,1999,36.8,36800000.0,120.4,120400000.0,114.686,114686.0,36.2,0.016574585635358963,0.046376467797414334
323,Printing and related support activities,2000,38.3,38300000.0,122.0,122000000.0,114.011,114011.0,36.8,0.040760869565217295,-0.0058856355614461675
323,Printing and related support activities,2001,38.7,38700000.0,119.2,119200000.0,110.419,110419.0,38.3,0.010443864229765065,-0.03150573190306194
323,Printing and related support activities,2002,40.4,40400000.0,117.6,117600000.0,104.2,104200.0,38.7,0.04392764857881115,-0.056321828670790275
323,Printing and related support activities,2003,40.9,40900000.0,111.8,111800000.0,103.056,103056.0,40.4,0.012376237623762387,-0.010978886756238038
323,Printing and related support activities,2004,41.9,41900000.0,111.6,111600000.0,101.941,101941.0,40.9,0.02444987775061125,-0.010819360347772089
323,Printing and related support activities,2005,42.5,42500000.0,110.5,110500000.0,104.544,104544.0,41.9,0.014319809069212486,0.0255343777282937
323,Printing and related support activities,2006,43.3,43300000.0,108.0,108000000.0,108.241,108241.0,42.5,0.018823529411764683,0.03536310070400983
323,Printing and related support activities,2007,44.3,44300000.0,109.4,109400000.0,107.799,107799.0,43.3,0.023094688221708903,-0.004083480381740667
323,Printing and related support activities,2008,43.3,43300000.0,103.1,103100000.0,104.346,104346.0,44.3,-0.02257336343115124,-0.0320318370300281
323,Printing and related support activities,2009,37.8,37800000.0,87.6,87600000.0,104.911,104911.0,43.3,-0.12702078521939952,0.005414678090199798
323,Printing and related support activities,2010,38.4,38400000.0,87.1,87100000.0,102.691,102691.0,37.8,0.015873015873015817,-0.021160793434434888
323,Printing and related support activities,2011,38.7,38700000.0,86.2,86200000.0,100.223,100223.0,38.4,0.007812500000000222,-0.024033264843072888
323,Printing and related support activities,2012,38.9,38900000.0,84.9,84900000.0,98.949,98949.0,38.7,0.0051679586563306845,-0.0127116530137793
323,Printing and related support activities,2013,40.0,40000000.0,84.7,84700000.0,97.794,97794.0,38.9,0.028277634961439535,-0.011672679865385227
323,Printing and related support activities,2014,40.1,40100000.0,83.6,83600000.0,97.684,97684.0,40.0,0.0024999999999999467,-0.0011248133832341134
323,Printing and related support activities,2015,40.2,40200000.0,83.0,83000000.0,100.469,100469.0,40.1,0.0024937655860348684,0.02851029851357434
323,Printing and related support activities,2016,41.0,41000000.0,86.6,86600000.0,101.026,101026.0,40.2,0.01990049751243772,0.00554399864634858
323,Printing and related support activities,2017,40.6,40600000.0,83.9,83900000.0,100.0,100000.0,41.0,-0.009756097560975618,-0.01015580147684747
323,Printing and related support activities,2018,42.0,42000000.0,82.4,82400000.0,98.823,98823.0,40.6,0.034482758620689724,-0.011770000000000058
323,Printing and related support activities,2019,40.7,40700000.0,78.2,78200000.0,102.066,102066.0,42.0,-0.030952380952380842,0.03281624722989607
323,Printing and related support activities,2020,35.2,35200000.0,70.9,70900000.0,103.606,103606.0,40.7,-0.1351351351351351,0.01508827621343034
323,Printing and related support activities,2021,37.6,37600000.0,71.5,71500000.0,103.633,103633.0,35.2,0.06818181818181812,0.000260602667799148
323,Printing and related support activities,2022,33.4,33400000.0,70.7,70700000.0,122.262,122262.0,37.6,-0.11170212765957455,0.17975934306639774
323,Printing and related support activities,2023,29.8,29800000.0,64.6,64599999.99999999,137.551,137551.0,33.4,-0.10778443113772451,0.12505111972648897
323,Printing and related support activities,2024,28.7,28700000.0,63.2,63200000.0,144.111,144111.0,29.8,-0.03691275167785235,0.04769140173462927
323,Printing and related support activities,2025,28.0,28000000.0,61.7,61700000.0,148.123,148123.0,28.7,-0.024390243902439046,0.027839651379839125
324,Petroleum and coal products,1997,97.8,97800000.0,437.6,437600000.0,48.602,48602.0,,,
324,Petroleum and coal products,1998,106.6,106600000.0,432.0,432000000.0,47.021,47021.0,97.8,0.08997955010224956,-0.032529525533928516
324,Petroleum and coal products,1999,102.3,102300000.0,443.5,443500000.0,44.231,44231.0,106.6,-0.040337711069418414,-0.059335190659492554
324,Petroleum and coal products,2000,102.8,102800000.0,441.5,441500000.0,51.266,51266.0,102.3,0.004887585532746819,0.15905134407994392
324,Petroleum and coal products,2001,123.9,123900000.0,445.2,445200000.0,55.117,55117.0,102.8,0.2052529182879379,0.0751180119377366
324,Petroleum and coal products,2002,107.7,107700000.0,460.6,460600000.0,47.074,47074.0,123.9,-0.13075060532687655,-0.14592593936535003
324,Petroleum and coal products,2003,143.8,143800000.0,436.1,436100000.0,56.485,56485.0,107.7,0.3351903435468895,0.19991927603347914
324,Petroleum and coal products,2004,164.4,164400000.0,474.3,474300000.0,63.398,63398.0,143.8,0.14325452016689844,0.12238647428520855
324,Petroleum and coal products,2005,164.1,164100000.0,501.4,501400000.0,85.959,85959.0,164.4,-0.0018248175182482562,0.355862960976687
324,Petroleum and coal products,2006,143.2,143200000.0,496.8,496800000.0,97.731,97731.0,164.1,-0.12736136502132844,0.1369490105748088
324,Petroleum and coal products,2007,146.8,146800000.0,510.5,510500000.0,105.404,105404.0,143.2,0.025139664804469497,0.07851142421544854
324,Petroleum and coal products,2008,157.9,157900000.0,489.3,489300000.0,98.065,98065.0,146.8,0.07561307901907344,-0.06962733862092518
324,Petroleum and coal products,2009,148.8,148800000.0,488.5,488500000.0,74.349,74349.0,157.9,-0.05763141228625712,-0.241839596186203
324,Petroleum and coal products,2010,127.2,127200000.0,477.4,477400000.0,97.349,97349.0,148.8,-0.14516129032258074,0.3093518406434519
324,Petroleum and coal products,2011,106.7,106700000.0,490.6,490600000.0,149.029,149029.0,127.2,-0.16116352201257866,0.530873455300003
324,Petroleum and coal products,2012,98.0,98000000.0,494.3,494300000.0,162.422,162422.0,106.7,-0.08153701968134963,0.08986841487227326
324,Petroleum and coal products,2013,106.5,106500000.0,513.3,513299999.99999994,137.607,137607.0,98.0,0.08673469387755106,-0.1527810272007487
324,Petroleum and coal products,2014,114.8,114800000.0,498.0,498000000.0,128.772,128771.99999999999,106.5,0.07793427230046945,-0.06420458261571005
324,Petroleum and coal products,2015,112.5,112500000.0,494.2,494200000.0,116.851,116851.0,114.8,-0.020034843205574915,-0.09257447271145891
324,Petroleum and coal products,2016,96.5,96500000.0,521.9,521900000.0,78.781,78781.0,112.5,-0.14222222222222225,-0.32579952246878496
324,Petroleum and coal products,2017,110.7,110700000.0,538.8,538800000.0,100.0,100000.0,96.5,0.14715025906735746,0.2693415925159619
324,Petroleum and coal products,2018,116.1,116100000.0,550.9,550900000.0,132.909,132909.0,110.7,0.04878048780487787,0.3290899999999999
324,Petroleum and coal products,2019,132.9,132900000.0,550.8,550800000.0,107.873,107873.0,116.1,0.14470284237726116,-0.18836948588884117
324,Petroleum and coal products,2020,88.4,88400000.0,430.2,430200000.0,69.582,69582.0,132.9,-0.33483822422874343,-0.3549637073224997
324,Petroleum and coal products,2021,115.9,115900000.0,463.4,463400000.0,127.508,127508.0,88.4,0.31108597285067874,0.8324854128941395
324,Petroleum and coal products,2022,105.3,105300000.0,463.0,463000000.0,219.367,219367.0,115.9,-0.09145815358067311,0.7204175424287103
324,Petroleum and coal products,2023,116.9,116900000.0,460.4,460400000.0,186.565,186565.0,105.3,0.11016144349477686,-0.14953023927938114
324,Petroleum and coal products,2024,140.0,140000000.0,456.8,456800000.0,139.788,139788.0,116.9,0.19760479041916157,-0.2507276284404898
324,Petroleum and coal products,2025,124.8,124800000.0,447.3,447300000.0,129.894,129894.0,140.0,-0.10857142857142854,-0.07077860760580312
325,Chemical products,1997,298.0,298000000.0,755.8,755800000.0,58.181,58181.0,,,
325,Chemical products,1998,287.9,287900000.0,762.6,762600000.0,62.849,62849.0,298.0,-0.03389261744966454,0.08023237826781937
325,Chemical products,1999,307.3,307300000.0,774.0,774000000.0,61.439,61439.0,287.9,0.06738450850989941,-0.022434724498400893
325,Chemical products,2000,313.0,313000000.0,772.8,772800000.0,60.013,60013.0,307.3,0.018548649528148387,-0.02321001318380833
325,Chemical products,2001,312.1,312100000.0,754.8,754800000.0,62.078,62078.0,313.0,-0.002875399361022324,0.0344092113375436
325,Chemical products,2002,333.1,333100000.0,797.8,797800000.0,62.397,62397.0,312.1,0.06728612624158914,0.005138696478623528
325,Chemical products,2003,334.3,334300000.0,795.3,795300000.0,63.011,63011.0,333.1,0.0036025217652355668,0.009840216677083902
325,Chemical products,2004,361.9,361900000.0,833.1,833100000.0,62.663,62663.0,334.3,0.08256057433442998,-0.005522845217501793
325,Chemical products,2005,345.2,345200000.0,848.1,848100000.0,64.587,64587.0,361.9,-0.04614534401768444,0.03070392416577583
325,Chemical products,2006,384.6,384600000.0,865.1,865100000.0,65.974,65974.0,345.2,0.11413673232908472,0.021474909811572074
325,Chemical products,2007,408.5,408500000.0,925.4,925400000.0,65.596,65596.0,384.6,0.06214248569942793,-0.00572952981477548
325,Chemical products,2008,371.3,371300000.0,835.7,835700000.0,71.545,71545.0,408.5,-0.09106487148102815,0.09069150557960848
325,Chemical products,2009,367.5,367500000.0,740.8,740800000.0,78.347,78347.0,371.3,-0.010234311877188262,0.09507303095953579
325,Chemical products,2010,390.4,390400000.0,796.4,796400000.0,77.697,77697.0,367.5,0.062312925170068034,-0.008296424879063569
325,Chemical products,2011,365.6,365600000.0,784.5,784500000.0,83.687,83687.0,390.4,-0.0635245901639343,0.0770943537073503
325,Chemical products,2012,346.4,346400000.0,796.2,796200000.0,88.045,88045.0,365.6,-0.052516411378555894,0.052074993726624275
325,Chemical products,2013,356.9,356900000.0,825.8,825800000.0,89.289,89289.0,346.4,0.030311778290992963,0.01412913850871722
325,Chemical products,2014,350.8,350800000.0,812.9,812900000.0,92.205,92205.0,356.9,-0.017091622303166076,0.032657998185666726
325,Chemical products,2015,340.2,340200000.0,804.9,804900000.0,95.021,95021.0,350.8,-0.030216647662485774,0.030540643132151102
325,Chemical products,2016,352.3,352300000.0,809.8,809800000.0,97.019,97019.0,340.2,0.03556731334509111,0.02102693088896146
325,Chemical products,2017,345.1,345100000.0,782.7,782700000.0,100.0,100000.0,352.3,-0.02043712744819748,0.030725940279739072
325,Chemical products,2018,387.5,387500000.0,786.5,786500000.0,102.241,102241.0,345.1,0.1228629382787596,0.02241000000000004
325,Chemical products,2019,368.5,368500000.0,786.5,786500000.0,101.703,101703.0,387.5,-0.049032258064516165,-0.005262076857620701
325,Chemical products,2020,391.1,391100000.0,760.2,760200000.0,100.921,100921.0,368.5,0.06132971506105833,-0.007689055386763344
325,Chemical products,2021,418.9,418900000.0,770.6,770600000.0,110.89,110890.0,391.1,0.07108156481718209,0.09878023404445058
325,Chemical products,2022,425.3,425300000.0,741.4,741400000.0,119.8,119800.0,418.9,0.015278109333970002,0.08034989629362421
325,Chemical products,2023,431.1,431100000.0,787.5,787500000.0,119.368,119368.0,425.3,0.01363743240065829,-0.003606010016694472
325,Chemical products,2024,476.0,476000000.0,828.0,828000000.0,116.401,116401.0,431.1,0.10415216887033174,-0.02485590778097979
325,Chemical products,2025,498.1,498100000.0,855.3,855300000.0,116.007,116007.0,476.0,0.046428571428571486,-0.0033848506456128913
326,Plastics and rubber products,1997,63.5,63500000.0,240.6,240600000.0,90.746,90746.0,,,
326,Plastics and rubber products,1998,64.7,64700000.0,249.2,249200000.0,95.511,95511.0,63.5,0.018897637795275646,0.05250920150750438
326,Plastics and rubber products,1999,70.8,70800000.0,262.2,262200000.0,93.211,93211.0,64.7,0.09428129829984533,-0.024080995906230696
326,Plastics and rubber products,2000,75.3,75300000.0,265.8,265800000.0,87.024,87024.0,70.8,0.06355932203389836,-0.06637628606065804
326,Plastics and rubber products,2001,70.6,70600000.0,250.6,250600000.0,89.964,89964.0,75.3,-0.06241699867197881,0.03378378378378377
326,Plastics and rubber products,2002,69.6,69600000.0,255.6,255600000.0,90.581,90581.0,70.6,-0.014164305949008527,0.006858298875105584
326,Plastics and rubber products,2003,72.5,72500000.0,254.4,254400000.0,86.558,86558.0,69.6,0.04166666666666674,-0.04441328755478513
326,Plastics and rubber products,2004,78.4,78400000.0,257.1,257100000.00000003,81.384,81384.0,72.5,0.0813793103448277,-0.05977494858938526
326,Plastics and rubber products,2005,77.7,77700000.0,259.7,259700000.0,80.929,80929.0,78.4,-0.008928571428571508,-0.00559077951440079
326,Plastics and rubber products,2006,72.6,72600000.0,258.0,258000000.0,88.118,88118.0,77.7,-0.06563706563706573,0.08883095058631629
326,Plastics and rubber products,2007,74.4,74400000.0,252.8,252800000.0,85.097,85097.0,72.6,0.024793388429752206,-0.03428357429810025
326,Plastics and rubber products,2008,64.5,64500000.0,227.7,227700000.0,86.887,86887.0,74.4,-0.13306451612903236,0.021034819088804557
326,Plastics and rubber products,2009,64.2,64200000.0,193.4,193400000.0,94.091,94091.0,64.5,-0.0046511627906976605,0.08291228837455544
326,Plastics and rubber products,2010,68.3,68300000.0,209.2,209200000.0,90.592,90592.0,64.2,0.06386292834890961,-0.03718740368366791
326,Plastics and rubber products,2011,66.9,66900000.00000001,211.9,211900000.0,94.197,94197.0,68.3,-0.020497803806734827,0.03979380077711059
326,Plastics and rubber products,2012,68.8,68800000.0,222.5,222500000.0,98.436,98436.0,66.9,0.0284005979073243,0.0450014331666615
326,Plastics and rubber products,2013,69.0,69000000.0,225.8,225800000.0,99.942,99942.0,68.8,0.0029069767441860517,0.015299280750944666
326,Plastics and rubber products,2014,68.7,68700000.0,230.7,230700000.0,97.334,97334.0,69.0,-0.004347826086956497,-0.02609513517840334
326,Plastics and rubber products,2015,75.9,75900000.0,235.9,235900000.0,102.125,102125.0,68.7,0.10480349344978168,0.04922226560092047
326,Plastics and rubber products,2016,76.8,76800000.0,235.9,235900000.0,102.656,102656.0,75.9,0.011857707509881354,0.005199510403916863
326,Plastics and rubber products,2017,77.2,77200000.0,237.8,237800000.0,100.0,100000.0,76.8,0.005208333333333481,-0.025872817955112315
326,Plastics and rubber products,2018,80.1,80100000.0,245.0,245000000.0,100.879,100879.0,77.2,0.03756476683937815,0.008790000000000076
326,Plastics and rubber products,2019,81.6,81600000.0,240.8,240800000.0,103.927,103927.0,80.1,0.01872659176029967,0.030214415289604446
326,Plastics and rubber products,2020,76.9,76900000.0,226.7,226700000.0,104.129,104129.0,81.6,-0.05759803921568618,0.0019436720005387986
326,Plastics and rubber products,2021,78.0,78000000.0,237.4,237400000.0,106.294,106294.0,76.9,0.014304291287386084,0.020791518212985638
326,Plastics and rubber products,2022,69.8,69800000.0,226.1,226100000.0,136.485,136485.0,78.0,-0.1051282051282052,0.2840329651720701
326,Plastics and rubber products,2023,67.5,67500000.0,221.4,221400000.0,150.843,150843.0,69.8,-0.032951289398280736,0.10519837344763139
326,Plastics and rubber products,2024,66.4,66400000.00000001,222.6,222600000.0,152.86,152860.0,67.5,-0.016296296296296253,0.013371518731396304
326,Plastics and rubber products,2025,68.5,68500000.0,222.3,222300000.0,148.037,148037.0,66.4,0.031626506024096335,-0.031551746696323435
327,Nonmetallic mineral products,1997,58.9,58900000.0,139.1,139100000.0,67.516,67516.0,,,
327,Nonmetallic mineral products,1998,58.5,58500000.0,146.4,146400000.0,69.766,69766.0,58.9,-0.006791171477079749,0.0333254339712068
327,Nonmetallic mineral products,1999,59.6,59600000.0,149.1,149100000.0,72.511,72511.0,58.5,0.018803418803418737,0.039345813146804964
327,Nonmetallic mineral products,2000,59.6,59600000.0,150.0,150000000.0,71.488,71488.0,59.6,0.0,-0.014108204272455183
327,Nonmetallic mineral products,2001,58.4,58400000.0,144.2,144200000.0,70.689,70689.0,59.6,-0.020134228187919545,-0.01117670098478074
327,Nonmetallic mineral products,2002,57.5,57500000.0,144.1,144100000.0,72.657,72657.0,58.4,-0.015410958904109595,0.027840258031659904
327,Nonmetallic mineral products,2003,59.8,59800000.0,145.3,145300000.0,70.306,70306.0,57.5,0.040000000000000036,-0.032357515449302876
327,Nonmetallic mineral products,2004,64.1,64099999.99999999,149.0,149000000.0,70.641,70641.0,59.8,0.07190635451505023,0.00476488493158489
327,Nonmetallic mineral products,2005,65.6,65599999.99999999,154.0,154000000.0,74.449,74449.0,64.1,0.023400936037441422,0.053906371653855256
327,Nonmetallic mineral products,2006,61.4,61400000.0,158.4,158400000.0,82.258,82258.0,65.6,-0.06402439024390238,0.1048905962470954
327,Nonmetallic mineral products,2007,61.6,61600000.0,158.5,158500000.0,81.573,81573.0,61.4,0.0032573289902280145,-0.008327457511731362
327,Nonmetallic mineral products,2008,58.1,58100000.0,138.3,138300000.0,77.012,77012.0,61.6,-0.05681818181818177,-0.05591310850403919
327,Nonmetallic mineral products,2009,46.7,46700000.0,106.8,106800000.0,83.182,83182.0,58.1,-0.1962134251290878,0.08011738430374482
327,Nonmetallic mineral products,2010,48.1,48100000.0,110.2,110200000.0,79.781,79781.0,46.7,0.02997858672376874,-0.040886249428962906
327,Nonmetallic mineral products,2011,50.5,50500000.0,110.9,110900000.0,77.127,77127.0,48.1,0.0498960498960499,-0.033266065855278915
327,Nonmetallic mineral products,2012,53.4,53400000.0,114.3,114300000.0,80.048,80048.0,50.5,0.05742574257425748,0.037872599738094426
327,Nonmetallic mineral products,2013,56.4,56400000.0,118.3,118300000.0,82.938,82938.0,53.4,0.05617977528089879,0.03610333799720178
327,Nonmetallic mineral products,2014,56.5,56500000.0,123.0,123000000.0,86.066,86066.0,56.4,0.0017730496453900457,0.03771491957848028
327,Nonmetallic mineral products,2015,56.5,56500000.0,125.2,125200000.0,93.843,93843.0,56.5,0.0,0.09036088583180346
327,Nonmetallic mineral products,2016,55.3,55300000.0,128.0,128000000.0,99.467,99467.0,56.5,-0.0212389380530974,0.05992988288950696
327,Nonmetallic mineral products,2017,58.5,58500000.0,127.3,127300000.0,100.0,100000.0,55.3,0.05786618444846292,0.005358561130827333
327,Nonmetallic mineral products,2018,58.3,58300000.0,127.1,127100000.0,101.919,101919.0,58.5,-0.0034188034188035177,0.01919000000000004
327,Nonmetallic mineral products,2019,60.6,60600000.0,128.1,128100000.0,103.973,103973.0,58.3,0.03945111492281317,0.020153258960547094
327,Nonmetallic mineral products,2020,59.1,59100000.0,124.1,124100000.0,108.0,108000.0,60.6,-0.024752475247524774,0.0387312090638916
327,Nonmetallic mineral products,2021,61.3,61300000.0,127.5,127500000.0,110.693,110693.0,59.1,0.0372250423011844,0.024935185185185116
327,Nonmetallic mineral products,2022,58.8,58800000.0,131.3,131300000.00000001,121.802,121802.0,61.3,-0.04078303425774876,0.10035864959843899
327,Nonmetallic mineral products,2023,52.1,52100000.0,126.1,126100000.0,145.218,145218.0,58.8,-0.11394557823129248,0.19224643273509456
327,Nonmetallic mineral products,2024,49.6,49600000.0,122.7,122700000.0,156.183,156183.0,52.1,-0.04798464491362764,0.07550716853282657
327,Nonmetallic mineral products,2025,48.8,48800000.0,120.3,120300000.0,156.451,156451.0,49.6,-0.016129032258064613,0.0017159357932681196
331,Primary metals,1997,40.8,40800000.0,251.1,251100000.0,117.707,117707.0,,,
331,Primary metals,1998,44.0,44000000.0,260.5,260500000.0,111.274,111274.0,40.8,0.07843137254901977,-0.05465265447254619
331,Primary metals,1999,47.1,47100000.0,258.1,258100000.00000003,98.001,98001.0,44.0,0.07045454545454555,-0.1192821323939105
331,Primary metals,2000,47.9,47900000.0,245.8,245800000.0,98.275,98275.0,47.1,0.01698513800424628,0.0027958898378588337
331,Primary metals,2001,45.5,45500000.0,225.1,225100000.0,88.5,88500.0,47.9,-0.050104384133611624,-0.09946578478758594
331,Primary metals,2002,46.5,46500000.0,229.6,229600000.0,89.539,89539.0,45.5,0.0219780219780219,0.011740112994350405
331,Primary metals,2003,45.1,45100000.0,221.4,221400000.0,87.041,87041.0,46.5,-0.03010752688172036,-0.027898457655323394
331,Primary metals,2004,48.5,48500000.0,242.8,242800000.0,113.455,113455.0,45.1,0.07538802660753885,0.3034661826036007
331,Primary metals,2005,44.3,44300000.0,243.4,243400000.0,126.809,126809.0,48.5,-0.08659793814432992,0.11770305407430248
331,Primary metals,2006,40.2,40200000.0,240.0,240000000.0,155.766,155766.0,44.3,-0.09255079006771993,0.22835129998659398
331,Primary metals,2007,39.9,39900000.0,247.8,247800000.0,161.87,161870.0,40.2,-0.007462686567164312,0.039186985606615155
331,Primary metals,2008,41.7,41700000.0,250.1,250100000.0,165.282,165282.0,39.9,0.04511278195488733,0.02107864335577947
331,Primary metals,2009,40.1,40100000.0,184.8,184800000.0,102.515,102515.0,41.7,-0.0383693045563549,-0.3797570213332365
331,Primary metals,2010,40.8,40800000.0,227.5,227500000.0,124.855,124855.0,40.1,0.0174563591022443,0.2179193288787007
331,Primary metals,2011,45.3,45300000.0,244.3,244300000.0,138.229,138229.0,40.8,0.11029411764705888,0.10711625485563259
331,Primary metals,2012,53.5,53500000.0,243.5,243500000.0,123.006,123006.0,45.3,0.18101545253863138,-0.11012884416439395
331,Primary metals,2013,57.9,57900000.0,252.1,252100000.0,108.314,108314.0,53.5,0.08224299065420548,-0.11944132806529772
331,Primary metals,2014,56.9,56900000.0,252.1,252100000.0,113.311,113311.0,57.9,-0.01727115716753025,0.04613438705984474
331,Primary metals,2015,62.7,62700000.0,238.5,238500000.0,96.544,96544.0,56.9,0.1019332161687172,-0.1479732770869554
331,Primary metals,2016,66.5,66500000.0,225.8,225800000.0,86.267,86267.0,62.7,0.06060606060606055,-0.10644887305270134
331,Primary metals,2017,59.8,59800000.0,222.9,222900000.0,100.0,100000.0,66.5,-0.10075187969924815,0.15919181146904382
331,Primary metals,2018,60.0,60000000.0,232.1,232100000.0,113.006,113006.0,59.8,0.0033444816053511683,0.13006000000000006
331,Primary metals,2019,67.0,67000000.0,222.7,222700000.0,100.705,100705.0,60.0,0.1166666666666667,-0.10885262729412604
331,Primary metals,2020,74.6,74600000.0,201.8,201800000.0,75.437,75437.0,67.0,0.11343283582089536,-0.2509110769078
331,Primary metals,2021,65.7,65700000.0,210.8,210800000.0,112.321,112321.0,74.6,-0.11930294906166206,0.4889377891485611
331,Primary metals,2022,71.3,71300000.0,220.6,220600000.0,119.475,119475.0,65.7,0.0852359208523592,0.06369245288058334
331,Primary metals,2023,86.5,86500000.0,236.4,236400000.0,96.177,96177.0,71.3,0.2131837307152875,-0.19500313873195219
331,Primary metals,2024,92.6,92600000.0,241.6,241600000.0,82.654,82654.0,86.5,0.07052023121387285,-0.14060534223359022
331,Primary metals,2025,98.5,98500000.0,236.5,236500000.0,78.273,78273.0,92.6,0.06371490280777548,-0.05300408933626932
332,Fabricated metal products,1997,158.5,158500000.0,361.0,361000000.0,69.41,69410.0,,,
332,Fabricated metal products,1998,154.5,154500000.0,373.4,373400000.0,72.315,72315.0,158.5,-0.025236593059936863,0.04185275896844831
332,Fabricated metal products,1999,155.3,155300000.0,375.8,375800000.0,74.732,74732.0,154.5,0.005177993527508251,0.03342321786627944
332,Fabricated metal products,2000,164.9,164900000.0,389.2,389200000.0,73.53,73530.0,155.3,0.06181584030907916,-0.016084140662634416
332,Fabricated metal products,2001,147.1,147100000.0,363.3,363300000.0,75.369,75369.0,164.9,-0.10794420861127962,0.0250101999184007
332,Fabricated metal products,2002,140.6,140600000.0,354.0,354000000.0,75.428,75428.0,147.1,-0.04418762746431004,0.0007828152158049217
332,Fabricated metal products,2003,147.1,147100000.0,348.1,348100000.0,73.722,73722.0,140.6,0.046230440967283126,-0.022617595587845374
332,Fabricated metal products,2004,153.1,153100000.0,346.9,346900000.0,74.912,74912.0,147.1,0.04078857919782464,0.01614172160277816
332,Fabricated metal products,2005,155.9,155900000.0,363.0,363000000.0,78.452,78452.0,153.1,0.018288700195950414,0.04725544639043133
332,Fabricated metal products,2006,161.4,161400000.0,383.4,383400000.0,78.538,78538.0,155.9,0.03527902501603597,0.00109621169632379
332,Fabricated metal products,2007,168.2,168200000.0,399.4,399400000.0,80.184,80184.0,161.4,0.042131350681536395,0.02095800758868327
332,Fabricated metal products,2008,160.3,160300000.0,387.2,387200000.0,83.088,83088.0,168.2,-0.046967895362663326,0.03621670158635126
332,Fabricated metal products,2009,121.1,121100000.0,303.4,303400000.0,96.853,96853.0,160.3,-0.24454148471615733,0.16566772578471012
332,Fabricated metal products,2010,133.9,133900000.0,318.1,318100000.0,89.618,89618.0,121.1,0.10569777043765494,-0.0747008352864651
332,Fabricated metal products,2011,142.2,142200000.0,339.6,339600000.0,89.619,89619.0,133.9,0.061986557132188036,1.1158472628336469e-05
332,Fabricated metal products,2012,147.3,147300000.0,351.5,351500000.0,93.653,93653.0,142.2,0.035864978902953704,0.04501277630859524
332,Fabricated metal products,2013,146.5,146500000.0,357.1,357100000.0,96.24,96240.0,147.3,-0.005431093007467802,0.02762324752010059
332,Fabricated metal products,2014,148.2,148200000.0,364.5,364500000.0,95.876,95876.0,146.5,0.011604095563139794,-0.0037822111388194912
332,Fabricated metal products,2015,141.8,141800000.0,356.5,356500000.0,101.818,101818.0,148.2,-0.0431848852901483,0.06197588551879507
332,Fabricated metal products,2016,136.7,136700000.0,348.5,348500000.0,103.751,103751.0,141.8,-0.035966149506347134,0.01898485533009886
332,Fabricated metal products,2017,144.8,144800000.0,346.3,346300000.0,100.0,100000.0,136.7,0.05925384052670091,-0.036153868396449185
332,Fabricated metal products,2018,150.7,150700000.0,357.3,357300000.0,100.746,100746.0,144.8,0.04074585635359096,0.007460000000000022
332,Fabricated metal products,2019,149.3,149300000.0,353.5,353500000.0,106.368,106368.0,150.7,-0.009289980092899608,0.055803704365433804
332,Fabricated metal products,2020,135.1,135100000.0,323.5,323500000.0,109.735,109735.0,149.3,-0.09511051574012064,0.03165425691937429
332,Fabricated metal products,2021,139.8,139800000.0,326.1,326100000.0,106.146,106146.0,135.1,0.03478904515173964,-0.032706064610197316
332,Fabricated metal products,2022,132.2,132199999.99999999,325.9,325900000.0,132.582,132582.0,139.8,-0.05436337625178844,0.24905319088802202
332,Fabricated metal products,2023,123.0,123000000.0,318.4,318400000.0,152.738,152738.0,132.2,-0.06959152798789703,0.15202667028706762
332,Fabricated metal products,2024,118.0,118000000.0,317.2,317200000.0,161.46,161460.0,123.0,-0.04065040650406504,0.05710432243449581
332,Fabricated metal products,2025,119.1,119100000.0,310.7,310700000.0,161.984,161984.0,118.0,0.009322033898305104,0.0032453858540815173
333,Machinery,1997,135.6,135600000.0,379.8,379800000.0,75.403,75403.0,,,
333,Machinery,1998,146.3,146300000.0,388.5,388500000.0,77.795,77795.0,135.6,0.07890855457227142,0.031722875747649315
333,Machinery,1999,138.4,138400000.0,382.3,382300000.0,80.285,80285.0,146.3,-0.05399863294600138,0.03200719840606725
333,Machinery,2000,142.0,142000000.0,405.0,405000000.0,79.627,79627.0,138.4,0.026011560693641522,-0.008195802453758505
333,Machinery,2001,128.5,128500000.0,361.1,361100000.0,81.977,81977.0,142.0,-0.09507042253521125,0.02951260250919918
333,Machinery,2002,119.9,119900000.0,335.2,335200000.0,82.498,82498.0,128.5,-0.06692607003891049,0.006355441160325492
333,Machinery,2003,119.8,119800000.0,337.6,337600000.0,81.264,81264.0,119.9,-0.0008340283569642226,-0.014957938374263735
333,Machinery,2004,134.4,134400000.0,350.6,350600000.0,77.484,77484.0,119.8,0.12186978297161954,-0.04651506202008271
333,Machinery,2005,144.8,144800000.0,379.2,379200000.0,79.003,79003.0,134.4,0.07738095238095233,0.019604047287181903
333,Machinery,2006,154.1,154100000.0,398.0,398000000.0,79.072,79072.0,144.8,0.0642265193370164,0.0008733845550168429
333,Machinery,2007,161.4,161400000.0,413.6,413600000.0,80.302,80302.0,154.1,0.04737183646982479,0.015555443140429004
333,Machinery,2008,164.9,164900000.0,404.8,404800000.0,79.854,79854.0,161.4,0.021685254027261402,-0.005578939503374847
333,Machinery,2009,131.3,131300000.00000001,318.5,318500000.0,90.241,90241.0,164.9,-0.20375985445724676,0.13007488666816935
333,Machinery,2010,148.7,148700000.0,354.9,354900000.0,85.662,85662.0,131.3,0.13252094440213225,-0.050741902239558434
333,Machinery,2011,170.7,170700000.0,401.1,401100000.0,84.882,84882.0,148.7,0.14794889038332215,-0.00910555438817684
333,Machinery,2012,173.0,173000000.0,430.0,430000000.0,88.417,88417.0,170.7,0.013473930872876405,0.041646049810324826
333,Machinery,2013,171.5,171500000.0,416.0,416000000.0,91.701,91701.0,173.0,-0.00867052023121384,0.037142178540325865
333,Machinery,2014,168.4,168400000.0,422.9,422900000.0,93.987,93987.0,171.5,-0.018075801749271148,0.024928844832662778
333,Machinery,2015,149.7,149700000.0,388.3,388300000.0,99.5,99500.0,168.4,-0.11104513064133026,0.058657048315192695
333,Machinery,2016,136.4,136400000.0,361.6,361600000.0,102.136,102136.0,149.7,-0.08884435537742141,0.026492462311557663
333,Machinery,2017,147.6,147600000.0,378.3,378300000.0,100.0,100000.0,136.4,0.08211143695014655,-0.020913292081146673
333,Machinery,2018,156.4,156400000.0,381.7,381700000.0,99.026,99026.0,147.6,0.05962059620596216,-0.009740000000000082
333,Machinery,2019,154.2,154200000.0,372.6,372600000.0,104.365,104365.0,156.4,-0.01406649616368294,0.05391513339930931
333,Machinery,2020,138.7,138700000.0,330.4,330400000.0,108.194,108194.0,154.2,-0.10051880674448765,0.0366885450103005
333,Machinery,2021,157.3,157300000.0,350.3,350300000.0,100.572,100572.0,138.7,0.13410237923576074,-0.07044752943786159
333,Machinery,2022,151.3,151300000.0,349.6,349600000.0,115.849,115849.0,157.3,-0.03814367450731082,0.1519011255617866
333,Machinery,2023,146.6,146600000.0,334.5,334500000.0,135.253,135253.0,151.3,-0.031064111037673592,0.1674938929123253
333,Machinery,2024,145.5,145500000.0,319.9,319900000.0,143.379,143379.0,146.6,-0.007503410641200525,0.06007999822554777
333,Machinery,2025,141.1,141100000.0,316.2,316200000.0,145.379,145379.0,145.5,-0.030240549828178698,0.013949044141750244
334,Computer and electronic products,1997,22.1,22100000.0,143.2,143200000.0,883.529,883529.0,,,
334,Computer and electronic products,1998,28.9,28900000.0,169.5,169500000.0,662.993,662993.0,22.1,0.3076923076923075,-0.24960810567621428
334,Computer and electronic products,1999,36.8,36800000.0,204.0,204000000.0,507.657,507657.0,28.9,0.273356401384083,-0.23429508305517566
334,Computer and electronic products,2000,55.6,55600000.0,256.3,256300000.0,405.177,405177.0,36.8,0.5108695652173914,-0.20186858449701273
334,Computer and electronic products,2001,55.1,55100000.0,245.1,245100000.0,314.826,314826.0,55.6,-0.008992805755395739,-0.22299143337356264
334,Computer and electronic products,2002,61.8,61800000.0,219.5,219500000.0,279.925,279925.0,55.1,0.12159709618874759,-0.11085806127829345
334,Computer and electronic products,2003,80.6,80600000.0,237.7,237700000.0,240.097,240097.0,61.8,0.30420711974110026,-0.14228096811645974
334,Computer and electronic products,2004,94.1,94100000.0,258.6,258600000.00000003,214.163,214163.0,80.6,0.16749379652605456,-0.10801467740121695
334,Computer and electronic products,2005,107.6,107600000.0,276.1,276100000.0,196.206,196206.0,94.1,0.1434643995749203,-0.08384734991571852
334,Computer and electronic products,2006,128.7,128699999.99999999,305.5,305500000.0,174.038,174038.0,107.6,0.19609665427509282,-0.11298329306952881
334,Computer and electronic products,2007,148.8,148800000.0,340.7,340700000.0,153.496,153496.0,128.7,0.15617715617715633,-0.11803169422769744
334,Computer and electronic products,2008,171.4,171400000.0,348.1,348100000.0,134.006,134006.0,148.8,0.1518817204301075,-0.12697399280763022
334,Computer and electronic products,2009,173.8,173800000.0,302.2,302200000.0,125.708,125708.0,171.4,0.014002333722286986,-0.06192260048057552
334,Computer and electronic products,2010,193.2,193200000.0,321.3,321300000.0,118.371,118371.0,173.8,0.11162255466052917,-0.05836541827091357
334,Computer and electronic products,2011,199.5,199500000.0,330.6,330600000.0,113.919,113919.0,193.2,0.03260869565217406,-0.037610563398129626
334,Computer and electronic products,2012,205.2,205200000.0,329.7,329700000.0,111.044,111044.0,199.5,0.02857142857142847,-0.025237229961639462
334,Computer and electronic products,2013,209.1,209100000.0,332.0,332000000.0,109.017,109017.0,205.2,0.01900584795321647,-0.018254025431360565
334,Computer and electronic products,2014,217.7,217700000.0,333.0,333000000.0,106.33,106330.0,209.1,0.04112864658058335,-0.02464753203628789
334,Computer and electronic products,2015,232.2,232200000.0,337.7,337700000.0,104.371,104371.0,217.7,0.0666054203031694,-0.018423775039969947
334,Computer and electronic products,2016,238.3,238300000.0,346.5,346500000.0,101.006,101006.0,232.2,0.02627045650301474,-0.03224075653198677
334,Computer and electronic products,2017,248.7,248700000.0,354.3,354300000.0,100.0,100000.0,238.3,0.04364246747796874,-0.009959804368057323
334,Computer and electronic products,2018,264.5,264500000.0,369.4,369400000.0,98.272,98272.0,248.7,0.06353035786087657,-0.017279999999999962
334,Computer and electronic products,2019,273.2,273200000.0,371.4,371400000.0,97.469,97469.0,264.5,0.03289224952741021,-0.008171198306740624
334,Computer and electronic products,2020,278.9,278900000.0,368.9,368900000.0,97.773,97773.0,273.2,0.02086383601756947,0.0031189403810443217
334,Computer and electronic products,2021,300.3,300300000.0,381.0,381000000.0,96.172,96172.0,278.9,0.07673001075654362,-0.01637466376197927
334,Computer and electronic products,2022,292.5,292500000.0,387.5,387500000.0,99.163,99163.0,300.3,-0.025974025974025983,0.031100528220272095
334,Computer and electronic products,2023,288.0,288000000.0,376.3,376300000.0,101.988,101988.0,292.5,-0.01538461538461533,0.028488448312374626
334,Computer and electronic products,2024,287.2,287200000.0,379.6,379600000.0,104.395,104395.0,288.0,-0.002777777777777768,0.02360081578224893
334,Computer and electronic products,2025,297.3,297300000.0,385.9,385900000.0,106.946,106946.0,287.2,0.03516713091922008,0.024436036208630663
335,"Electrical equipment, appliances, and components",1997,56.5,56500000.0,151.3,151300000.0,82.976,82976.0,,,
335,"Electrical equipment, appliances, and components",1998,47.4,47400000.0,156.4,156400000.0,85.655,85655.0,56.5,-0.16106194690265485,0.032286444273042836
335,"Electrical equipment, appliances, and components",1999,52.1,52100000.0,160.4,160400000.0,85.509,85509.0,47.4,0.09915611814345993,-0.0017045122876656604
335,"Electrical equipment, appliances, and components",2000,54.5,54500000.0,169.7,169700000.0,83.845,83845.0,52.1,0.04606525911708248,-0.01945993988936834
335,"Electrical equipment, appliances, and components",2001,52.1,52100000.0,150.1,150100000.0,85.023,85023.0,54.5,-0.044036697247706424,0.014049734629375532
335,"Electrical equipment, appliances, and components",2002,52.0,52000000.0,138.1,138100000.0,84.089,84089.0,52.1,-0.0019193857965451588,-0.010985262811239238
335,"Electrical equipment, appliances, and components",2003,56.1,56100000.0,134.6,134600000.0,81.126,81126.0,52.0,0.07884615384615379,-0.035236475638906306
335,"Electrical equipment, appliances, and components",2004,52.5,52500000.0,136.0,136000000.0,80.191,80191.0,56.1,-0.06417112299465244,-0.011525281660626718
335,"Electrical equipment, appliances, and components",2005,52.8,52800000.0,138.1,138100000.0,81.873,81873.0,52.5,0.005714285714285561,0.020974922372834826
335,"Electrical equipment, appliances, and components",2006,60.5,60500000.0,138.4,138400000.0,85.033,85033.0,52.8,0.14583333333333348,0.03859636265924049
335,"Electrical equipment, appliances, and components",2007,56.8,56800000.0,142.6,142600000.0,88.478,88478.0,60.5,-0.06115702479338847,0.040513682923100314
335,"Electrical equipment, appliances, and components",2008,60.8,60800000.0,137.0,137000000.0,91.251,91251.0,56.8,0.07042253521126751,0.03134112434729541
335,"Electrical equipment, appliances, and components",2009,50.9,50900000.0,109.9,109900000.0,99.568,99568.0,60.8,-0.16282894736842102,0.09114420663883127
335,"Electrical equipment, appliances, and components",2010,52.5,52500000.0,113.7,113700000.0,96.633,96633.0,50.9,0.03143418467583503,-0.029477342117949612
335,"Electrical equipment, appliances, and components",2011,50.6,50600000.0,119.8,119800000.0,95.517,95517.0,52.5,-0.03619047619047622,-0.011548849771817027
335,"Electrical equipment, appliances, and components",2012,52.0,52000000.0,122.5,122500000.0,100.388,100388.0,50.6,0.027667984189723382,0.05099615775202326
335,"Electrical equipment, appliances, and components",2013,57.1,57100000.0,123.5,123500000.0,100.766,100766.0,52.0,0.09807692307692317,0.003765390285691561
335,"Electrical equipment, appliances, and components",2014,53.0,53000000.0,127.2,127200000.0,100.622,100622.0,57.1,-0.07180385288966729,-0.0014290534505686514
335,"Electrical equipment, appliances, and components",2015,60.1,60100000.0,127.8,127800000.0,102.221,102221.0,53.0,0.13396226415094348,0.015891157003438572
335,"Electrical equipment, appliances, and components",2016,55.2,55200000.0,124.9,124900000.0,101.347,101347.0,60.1,-0.08153078202995001,-0.00855010222948327
335,"Electrical equipment, appliances, and components",2017,57.6,57600000.0,124.3,124300000.0,100.0,100000.0,55.2,0.04347826086956519,-0.013290970625672194
335,"Electrical equipment, appliances, and components",2018,57.5,57500000.0,122.9,122900000.0,103.964,103964.0,57.6,-0.0017361111111111605,0.0396399999999999
335,"Electrical equipment, appliances, and components",2019,55.3,55300000.0,123.1,123100000.0,108.54,108540.0,57.5,-0.03826086956521746,0.04401523604324575
335,"Electrical equipment, appliances, and components",2020,52.9,52900000.0,118.3,118300000.0,109.018,109018.0,55.3,-0.04339963833634719,0.0044039063939560474
335,"Electrical equipment, appliances, and components",2021,56.6,56600000.0,122.1,122100000.0,108.098,108098.0,52.9,0.06994328922495274,-0.00843897338054267
335,"Electrical equipment, appliances, and components",2022,51.5,51500000.0,126.5,126500000.0,135.208,135208.0,56.6,-0.09010600706713778,0.2507909489537272
335,"Electrical equipment, appliances, and components",2023,48.7,48700000.0,133.1,133100000.0,155.239,155239.0,51.5,-0.05436893203883486,0.14814951778001295
335,"Electrical equipment, appliances, and components",2024,50.5,50500000.0,135.2,135200000.0,158.861,158861.0,48.7,0.03696098562628336,0.023331765857806275
335,"Electrical equipment, appliances, and components",2025,52.5,52500000.0,136.3,136300000.0,157.13,157130.0,50.5,0.03960396039603964,-0.010896318164936636
3361MV,"Motor vehicles, bodies and trailers, and parts",1997,86.2,86200000.0,484.0,484000000.0,129.955,129955.00000000001,,,
3361MV,"Motor vehicles, bodies and trailers, and parts",1998,95.9,95900000.0,508.6,508600000.0,129.153,129152.99999999999,86.2,0.1125290023201857,-0.006171367011657991
3361MV,"Motor vehicles, bodies and trailers, and parts",1999,102.1,102100000.0,570.0,570000000.0,132.062,132062.0,95.9,0.06465067778936384,0.022523673472548245
3361MV,"Motor vehicles, bodies and trailers, and parts",2000,105.0,105000000.0,543.4,543400000.0,130.986,130985.99999999999,102.1,0.028403525954946218,-0.008147688207054471
3361MV,"Motor vehicles, bodies and trailers, and parts",2001,95.7,95700000.0,519.9,519900000.0,130.611,130610.99999999999,105.0,-0.08857142857142852,-0.0028629013787733193
3361MV,"Motor vehicles, bodies and trailers, and parts",2002,107.8,107800000.0,547.7,547700000.0,125.404,125404.0,95.7,0.12643678160919536,-0.039866473727327656
3361MV,"Motor vehicles, bodies and trailers, and parts",2003,118.1,118100000.0,561.7,561700000.0,121.211,121211.0,107.8,0.09554730983302417,-0.033435935057892885
3361MV,"Motor vehicles, bodies and trailers, and parts",2004,121.9,121900000.0,575.3,575300000.0,114.125,114125.0,118.1,0.0321761219305674,-0.05846004075537703
3361MV,"Motor vehicles, bodies and trailers, and parts",2005,129.1,129100000.0,592.8,592800000.0,105.291,105291.0,121.9,0.059064807219031845,-0.07740635268346119
3361MV,"Motor vehicles, bodies and trailers, and parts",2006,143.8,143800000.0,595.2,595200000.0,93.219,93219.0,129.1,0.11386522075910155,-0.11465367410319971
3361MV,"Motor vehicles, bodies and trailers, and parts",2007,138.6,138600000.0,576.5,576500000.0,90.164,90164.0,143.8,-0.03616133518776088,-0.03277228891105888
3361MV,"Motor vehicles, bodies and trailers, and parts",2008,107.3,107300000.0,466.7,466700000.0,84.18,84180.0,138.6,-0.22582972582972582,-0.06636795173239873
3361MV,"Motor vehicles, bodies and trailers, and parts",2009,46.9,46900000.0,373.0,373000000.0,101.924,101924.0,107.3,-0.5629077353215284,0.21078641007365162
3361MV,"Motor vehicles, bodies and trailers, and parts",2010,96.9,96900000.0,468.7,468700000.0,91.673,91673.0,46.9,1.0660980810234544,-0.10057493818923913
3361MV,"Motor vehicles, bodies and trailers, and parts",2011,122.9,122900000.0,529.9,529900000.0,85.018,85018.0,96.9,0.2683178534571724,-0.0725949843465361
3361MV,"Motor vehicles, bodies and trailers, and parts",2012,130.3,130300000.00000001,538.1,538100000.0,88.841,88841.0,122.9,0.060211554109031784,0.044966948175680255
3361MV,"Motor vehicles, bodies and trailers, and parts",2013,138.5,138500000.0,573.3,573300000.0,89.027,89027.0,130.3,0.06293169608595539,0.0020936279420538106
3361MV,"Motor vehicles, bodies and trailers, and parts",2014,144.7,144700000.0,611.6,611600000.0,91.897,91897.0,138.5,0.04476534296028878,0.032237411122468584
3361MV,"Motor vehicles, bodies and trailers, and parts",2015,144.6,144600000.0,637.5,637500000.0,101.433,101433.0,144.7,-0.0006910850034553828,0.10376834934763912
3361MV,"Motor vehicles, bodies and trailers, and parts",2016,152.5,152500000.0,632.6,632600000.0,102.201,102201.0,144.6,0.05463347164591981,0.00757150039927823
3361MV,"Motor vehicles, bodies and trailers, and parts",2017,159.1,159100000.0,597.2,597200000.0,100.0,100000.0,152.5,0.04327868852459016,-0.02153599279850482
3361MV,"Motor vehicles, bodies and trailers, and parts",2018,165.7,165700000.0,628.4,628400000.0,97.223,97223.0,159.1,0.041483343808925266,-0.02776999999999996
3361MV,"Motor vehicles, bodies and trailers, and parts",2019,167.3,167300000.0,636.4,636400000.0,96.713,96713.0,165.7,0.009656004828002551,-0.0052456723203357924
3361MV,"Motor vehicles, bodies and trailers, and parts",2020,148.4,148400000.0,563.4,563400000.0,96.195,96195.0,167.3,-0.11297071129707115,-0.005356053477815759
3361MV,"Motor vehicles, bodies and trailers, and parts",2021,175.8,175800000.0,629.5,629500000.0,81.507,81507.0,148.4,0.1846361185983827,-0.15268984874473712
3361MV,"Motor vehicles, bodies and trailers, and parts",2022,212.0,212000000.0,638.1,638100000.0,78.575,78575.0,175.8,0.20591581342434573,-0.035972370471247905
3361MV,"Motor vehicles, bodies and trailers, and parts",2023,202.7,202700000.0,680.0,680000000.0,90.16,90160.0,212.0,-0.043867924528301905,0.14743875278396423
3361MV,"Motor vehicles, bodies and trailers, and parts",2024,204.0,204000000.0,658.9,658900000.0,91.115,91115.0,202.7,0.006413418845584662,0.010592280390417042
3361MV,"Motor vehicles, bodies and trailers, and parts",2025,220.5,220500000.0,650.6,650600000.0,83.644,83644.0,204.0,0.0808823529411764,-0.08199528068923878
3364OT,Other transportation equipment,1997,101.6,101600000.0,225.6,225600000.0,61.561,61561.0,,,
3364OT,Other transportation equipment,1998,107.4,107400000.0,265.4,265399999.99999997,62.22,62220.0,101.6,0.05708661417322847,0.010704829356248169
3364OT,Other transportation equipment,1999,115.1,115100000.0,257.0,257000000.0,64.148,64147.99999999999,107.4,0.07169459962756042,0.030986820957891403
3364OT,Other transportation equipment,2000,105.8,105800000.0,224.4,224400000.0,67.216,67216.0,115.1,-0.08079930495221543,0.04782690029307224
3364OT,Other transportation equipment,2001,108.7,108700000.0,245.2,245200000.0,70.74,70740.0,105.8,0.027410207939508657,0.05242799333492032
3364OT,Other transportation equipment,2002,101.3,101300000.0,235.4,235400000.0,72.035,72035.0,108.7,-0.06807727690892373,0.018306474413344764
3364OT,Other transportation equipment,2003,96.1,96100000.0,224.8,224800000.0,75.533,75533.0,101.3,-0.0513326752221126,0.048559727910043815
3364OT,Other transportation equipment,2004,98.3,98300000.0,223.3,223300000.0,77.188,77188.0,96.1,0.02289281997918846,0.021910952828565033
3364OT,Other transportation equipment,2005,113.0,113000000.0,251.6,251600000.0,79.382,79382.0,98.3,0.14954221770091558,0.02842410737420331
3364OT,Other transportation equipment,2006,117.9,117900000.0,253.2,253200000.0,81.656,81656.0,113.0,0.04336283185840717,0.028646292610415403
3364OT,Other transportation equipment,2007,138.4,138400000.0,305.5,305500000.0,82.57,82570.0,117.9,0.1738761662425785,0.011193298716566824
3364OT,Other transportation equipment,2008,137.1,137100000.0,303.5,303500000.0,83.588,83588.0,138.4,-0.009393063583815087,0.012328933026523048
3364OT,Other transportation equipment,2009,132.6,132600000.0,275.6,275600000.0,88.49,88490.0,137.1,-0.03282275711159732,0.05864478154759056
3364OT,Other transportation equipment,2010,136.6,136600000.0,273.7,273700000.0,88.38,88380.0,132.6,0.030165912518853588,-0.0012430783139337764
3364OT,Other transportation equipment,2011,142.4,142400000.0,278.3,278300000.0,89.315,89315.0,136.6,0.04245973645680823,0.01057931658746325
3364OT,Other transportation equipment,2012,139.5,139500000.0,307.7,307700000.0,90.937,90937.0,142.4,-0.020365168539325906,0.018160443374573232
3364OT,Other transportation equipment,2013,143.5,143500000.0,316.3,316300000.0,92.864,92864.0,139.5,0.028673835125448077,0.02119049451818289
3364OT,Other transportation equipment,2014,145.5,145500000.0,329.3,329300000.0,95.315,95315.0,143.5,0.013937282229965264,0.0263934355616815
3364OT,Other transportation equipment,2015,150.8,150800000.0,330.4,330400000.0,98.181,98181.0,145.5,0.036426116838488065,0.03006871950899659
3364OT,Other transportation equipment,2016,147.5,147500000.0,304.8,304800000.0,99.555,99555.0,150.8,-0.021883289124668526,0.013994561065786781
3364OT,Other transportation equipment,2017,150.9,150900000.0,335.6,335600000.0,100.0,100000.0,147.5,0.0230508474576272,0.004469891015016714
3364OT,Other transportation equipment,2018,159.0,159000000.0,347.7,347700000.0,100.245,100245.0,150.9,0.05367793240556651,0.0024500000000000632
3364OT,Other transportation equipment,2019,162.4,162400000.0,318.5,318500000.0,101.962,101962.0,159.0,0.021383647798742134,0.017128036311037986
3364OT,Other transportation equipment,2020,139.7,139700000.0,270.7,270700000.0,103.701,103701.0,162.4,-0.1397783251231528,0.017055373570545873
3364OT,Other transportation equipment,2021,152.0,152000000.0,264.7,264700000.0,100.848,100848.0,139.7,0.08804581245526144,-0.02751178870020532
3364OT,Other transportation equipment,2022,156.3,156300000.0,280.5,280500000.0,102.822,102822.0,152.0,0.02828947368421053,0.019574012375059624
3364OT,Other transportation equipment,2023,176.7,176700000.0,316.8,316800000.0,107.971,107971.0,156.3,0.13051823416506703,0.05007683180642286
3364OT,Other transportation equipment,2024,176.7,176700000.0,319.0,319000000.0,111.648,111648.0,176.7,0.0,0.03405544081281087
3364OT,Other transportation equipment,2025,190.1,190100000.0,361.6,361600000.0,110.621,110621.0,176.7,0.07583474816072444,-0.009198552593866482
337,Furniture and related products,1997,38.1,38100000.0,90.0,90000000.0,73.311,73311.0,,,
337,Furniture and related products,1998,38.8,38800000.0,95.9,95900000.0,76.485,76485.0,38.1,0.01837270341207331,0.04329500347833193
337,Furniture and related products,1999,40.7,40700000.0,98.0,98000000.0,77.807,77807.0,38.8,0.0489690721649485,0.01728443485650777
337,Furniture and related products,2000,42.3,42300000.0,103.5,103500000.0,79.229,79229.0,40.7,0.03931203931203919,0.01827599059210616
337,Furniture and related products,2001,38.2,38200000.0,98.5,98500000.0,81.735,81735.0,42.3,-0.09692671394799046,0.031629832510823075
337,Furniture and related products,2002,37.3,37300000.0,100.9,100900000.0,83.684,83684.0,38.2,-0.023560209424083878,0.02384535388756337
337,Furniture and related products,2003,36.6,36600000.0,99.5,99500000.0,82.956,82956.0,37.3,-0.018766756032171483,-0.00869939295444766
337,Furniture and related products,2004,39.2,39200000.0,101.7,101700000.0,79.021,79021.0,36.6,0.0710382513661203,-0.04743478470514495
337,Furniture and related products,2005,41.3,41300000.0,105.4,105400000.0,81.627,81627.0,39.2,0.05357142857142838,0.032978575315422365
337,Furniture and related products,2006,41.8,41800000.0,104.9,104900000.0,82.613,82613.0,41.3,0.012106537530266248,0.01207933649405235
337,Furniture and related products,2007,38.3,38300000.0,102.0,102000000.0,84.961,84961.0,41.8,-0.08373205741626799,0.028421676975778576
337,Furniture and related products,2008,32.6,32600000.0,88.4,88400000.0,85.47,85470.0,38.3,-0.1488250652741513,0.005990984098586338
337,Furniture and related products,2009,23.8,23800000.0,66.7,66700000.0,95.922,95922.0,32.6,-0.26993865030674846,0.12228852228852216
337,Furniture and related products,2010,24.0,24000000.0,63.9,63900000.0,91.089,91089.0,23.8,0.008403361344537785,-0.05038468755864134
337,Furniture and related products,2011,24.3,24300000.0,62.7,62700000.0,90.514,90514.0,24.0,0.012499999999999956,-0.006312507547563406
337,Furniture and related products,2012,23.8,23800000.0,70.2,70200000.0,94.144,94144.0,24.3,-0.020576131687242816,0.04010429325850162
337,Furniture and related products,2013,25.7,25700000.0,71.2,71200000.0,93.137,93137.0,23.8,0.07983193277310918,-0.010696380013596296
337,Furniture and related products,2014,27.1,27100000.0,72.1,72100000.0,93.796,93796.0,25.7,0.054474708171206254,0.0070755983121637556
337,Furniture and related products,2015,28.9,28900000.0,76.5,76500000.0,98.37,98370.0,27.1,0.06642066420664205,0.048765405774233495
337,Furniture and related products,2016,29.1,29100000.0,77.1,77100000.0,100.648,100648.0,28.9,0.006920415224913601,0.02315746670732932
337,Furniture and related products,2017,28.9,28900000.0,76.3,76300000.0,100.0,100000.0,29.1,-0.0068728522336770626,-0.006438279945950254
337,Furniture and related products,2018,30.3,30300000.0,75.0,75000000.0,98.846,98846.0,28.9,0.04844290657439454,-0.011539999999999995
337,Furniture and related products,2019,29.1,29100000.0,70.8,70800000.0,104.542,104542.0,30.3,-0.03960396039603953,0.05762499241243946
337,Furniture and related products,2020,27.4,27400000.0,65.9,65900000.00000001,107.797,107797.0,29.1,-0.05841924398625442,0.031135811444204187
337,Furniture and related products,2021,28.8,28800000.0,66.0,66000000.0,104.502,104502.0,27.4,0.051094890510948954,-0.03056671335936989
337,Furniture and related products,2022,27.8,27800000.0,65.6,65599999.99999999,121.117,121117.0,28.8,-0.03472222222222221,0.15899217239861452
337,Furniture and related products,2023,23.9,23900000.0,63.0,63000000.0,141.12,141120.0,27.8,-0.1402877697841728,0.16515435487999208
337,Furniture and related products,2024,23.6,23600000.0,62.7,62700000.0,145.798,145798.0,23.9,-0.012552301255229992,0.0331490929705216
337,Furniture and related products,2025,23.2,23200000.0,61.5,61500000.0,148.701,148701.0,23.6,-0.016949152542372947,0.01991110989176792
339,Miscellaneous manufacturing,1997,55.7,55700000.0,143.4,143400000.0,93.734,93734.0,,,
339,Miscellaneous manufacturing,1998,57.6,57600000.0,149.6,149600000.0,95.941,95941.0,55.7,0.03411131059245953,0.023545351740030362
339,Miscellaneous manufacturing,1999,59.7,59700000.0,146.9,146900000.0,96.576,96576.0,57.6,0.03645833333333326,0.0066186510459551595
339,Miscellaneous manufacturing,2000,62.4,62400000.0,163.0,163000000.0,94.941,94941.0,59.7,0.045226130653266194,-0.01692967196819073
339,Miscellaneous manufacturing,2001,59.1,59100000.0,149.0,149000000.0,97.225,97225.0,62.4,-0.05288461538461531,0.024057045954856138
339,Miscellaneous manufacturing,2002,61.8,61800000.0,157.9,157900000.0,98.78,98780.0,59.1,0.045685279187817285,0.015993828747750127
339,Miscellaneous manufacturing,2003,63.4,63400000.0,162.1,162100000.0,98.12,98120.0,61.8,0.025889967637540368,-0.006681514476614692
339,Miscellaneous manufacturing,2004,67.0,67000000.0,162.1,162100000.0,95.335,95335.0,63.4,0.056782334384858135,-0.02838361190379135
339,Miscellaneous manufacturing,2005,70.7,70700000.0,176.0,176000000.0,93.712,93712.0,67.0,0.055223880597014885,-0.01702417789898769
339,Miscellaneous manufacturing,2006,75.7,75700000.0,181.0,181000000.0,93.047,93047.0,70.7,0.07072135785007072,-0.007096209663650432
339,Miscellaneous manufacturing,2007,77.2,77200000.0,180.9,180900000.0,93.543,93543.0,75.7,0.01981505944517825,0.005330639354304889
339,Miscellaneous manufacturing,2008,82.4,82400000.0,187.2,187200000.0,91.743,91743.0,77.2,0.06735751295336789,-0.019242487412206244
339,Miscellaneous manufacturing,2009,83.9,83900000.0,176.2,176200000.0,96.885,96885.0,82.4,0.01820388349514568,0.05604787286223489
339,Miscellaneous manufacturing,2010,87.6,87600000.0,172.3,172300000.0,94.987,94987.0,83.9,0.04410011918951118,-0.01959023584662234
339,Miscellaneous manufacturing,2011,85.1,85100000.0,170.7,170700000.0,94.574,94574.0,87.6,-0.028538812785388168,-0.004347963405518573
339,Miscellaneous manufacturing,2012,84.8,84800000.0,162.8,162800000.0,96.013,96013.0,85.1,-0.003525264394829586,0.015215598367416039
339,Miscellaneous manufacturing,2013,82.4,82400000.0,172.6,172600000.0,96.888,96888.0,84.8,-0.028301886792452713,0.009113349233957901
339,Miscellaneous manufacturing,2014,83.2,83200000.0,167.0,167000000.0,96.479,96479.0,82.4,0.009708737864077666,-0.004221369003385433
339,Miscellaneous manufacturing,2015,79.5,79500000.0,168.8,168800000.0,99.667,99667.0,83.2,-0.044471153846153855,0.033043460234869704
339,Miscellaneous manufacturing,2016,83.5,83500000.0,159.4,159400000.0,100.626,100626.0,79.5,0.05031446540880502,0.009622041397854941
339,Miscellaneous manufacturing,2017,86.6,86600000.0,158.8,158800000.0,100.0,100000.0,83.5,0.03712574850299388,-0.00622105618826152
339,Miscellaneous manufacturing,2018,91.9,91900000.0,165.0,165000000.0,99.708,99708.0,86.6,0.06120092378752906,-0.0029200000000000337
339,Miscellaneous manufacturing,2019,88.9,88900000.0,161.0,161000000.0,102.814,102814.0,91.9,-0.03264417845484224,0.03115096080555224
339,Miscellaneous manufacturing,2020,87.8,87800000.0,149.5,149500000.0,104.896,104896.0,88.9,-0.012373453318335281,0.020250160483980872
339,Miscellaneous manufacturing,2021,97.6,97600000.0,162.6,162600000.0,100.519,100519.0,87.8,0.11161731207289294,-0.041727043929225105
339,Miscellaneous manufacturing,2022,96.8,96800000.0,155.0,155000000.0,104.001,104001.0,97.6,-0.008196721311475419,0.034640217272356555
339,Miscellaneous manufacturing,2023,97.0,97000000.0,148.4,148400000.0,111.981,111981.0,96.8,0.0020661157024792765,0.07673003144200519
339,Miscellaneous manufacturing,2024,97.4,97400000.0,146.1,146100000.0,116.878,116878.0,97.0,0.004123711340206171,0.043730632875220055
339,Miscellaneous manufacturing,2025,97.1,97100000.0,145.3,145300000.0,119.95,119950.0,97.4,-0.0030800821355236874,0.026283817313780267
33DG,Durable goods,1997,573.5,573500000.0,2256.3,2256300000.0,143.633,143633.0,,,
33DG,Durable goods,1998,626.3,626300000.0,2436.7,2436700000.0,135.837,135837.0,573.5,0.09206625980819516,-0.05427722041592131
33DG,Durable goods,1999,675.3,675300000.0,2588.5,2588500000.0,129.597,129597.00000000001,626.3,0.07823726648570983,-0.045937410278495405
33DG,Durable goods,2000,754.8,754800000.0,2713.9,2713900000.0,122.5,122500.0,675.3,0.11772545535317636,-0.05476207010964762
33DG,Durable goods,2001,714.4,714400000.0,2567.4,2567400000.0,116.645,116645.0,754.8,-0.05352411234764176,-0.04779591836734698
33DG,Durable goods,2002,732.0,732000000.0,2510.5,2510500000.0,113.767,113767.0,714.4,0.024636058230683044,-0.024673153585665908
33DG,Durable goods,2003,792.2,792200000.0,2543.0,2543000000.0,108.942,108942.0,732.0,0.08224043715846996,-0.04241124403385865
33DG,Durable goods,2004,848.7,848700000.0,2630.1,2630100000.0,106.627,106627.0,792.2,0.07132037364301946,-0.021249839364065215
33DG,Durable goods,2005,907.2,907200000.0,2773.4,2773400000.0,105.414,105414.0,848.7,0.06892895015906686,-0.011376105489228738
33DG,Durable goods,2006,975.4,975400000.0,2864.4,2864400000.0,102.952,102952.0,907.2,0.07517636684303342,-0.023355531523327144
33DG,Durable goods,2007,1027.4,1027400000.0000001,2975.2,2975200000.0,100.359,100359.0,975.4,0.05331146196432246,-0.025186494677131077
33DG,Durable goods,2008,1029.8,1029800000.0,2817.3,2817300000.0,96.883,96883.0,1027.4,0.0023359937706830536,-0.034635657987823754
33DG,Durable goods,2009,877.2,877200000.0,2303.9,2303900000.0,99.786,99786.0,1029.8,-0.14818411342008153,0.029963977168337097
33DG,Durable goods,2010,990.2,990200000.0,2514.9,2514900000.0,96.35,96350.0,877.2,0.12881896944824445,-0.03443368809251801
33DG,Durable goods,2011,1061.2,1061200000.0,2679.3,2679300000.0,94.93,94930.0,990.2,0.07170268632599464,-0.01473793461338857
33DG,Durable goods,2012,1093.7,1093700000.0,2763.2,2763200000.0,96.173,96173.0,1061.2,0.030625706747078763,0.013093858632676758
33DG,Durable goods,2013,1120.3,1120300000.0,2829.0,2829000000.0,96.73,96730.0,1093.7,0.024321111822254604,0.005791646304056153
33DG,Durable goods,2014,1130.2,1130200000.0,2899.0,2899000000.0,97.872,97872.0,1120.3,0.00883691868249592,0.011806058099865568
33DG,Durable goods,2015,1139.9,1139900000.0,2889.8,2889800000.0,100.403,100403.0,1130.2,0.00858255176075029,0.025860307340199506
33DG,Durable goods,2016,1135.4,1135400000.0,2815.5,2815500000.0,100.393,100393.0,1139.9,-0.003947714711816874,-9.959861757125044e-05
33DG,Durable goods,2017,1178.3,1178300000.0,2829.6,2829600000.0,100.0,100000.0,1135.4,0.03778404086665477,-0.003914615560845935
33DG,Durable goods,2018,1227.6,1227600000.0,2920.1,2920100000.0,100.399,100399.0,1178.3,0.041839938895018136,0.003989999999999938
33DG,Durable goods,2019,1241.9,1241900000.0,2866.8,2866800000.0,101.661,101661.0,1227.6,0.0116487455197134,0.012569846313210231
33DG,Durable goods,2020,1176.7,1176700000.0,2631.5,2631500000.0,102.063,102063.0,1241.9,-0.052500201304452876,0.003954318765308162
33DG,Durable goods,2021,1263.4,1263400000.0,2757.0,2757000000.0,101.547,101547.0,1176.7,0.07368063227670607,-0.005055700890626458
33DG,Durable goods,2022,1265.9,1265900000.0,2797.5,2797500000.0,110.067,110067.0,1263.4,0.0019787873990817495,0.08390203551065012
33DG,Durable goods,2023,1264.3,1264300000.0,2857.5,2857500000.0,118.048,118048.0,1265.9,-0.0012639229007032071,0.07251038004124766
33DG,Durable goods,2024,1260.4,1260400000.0,2829.1,2829100000.0,120.985,120985.0,1264.3,-0.0030847109072212886,0.02487970994849542
33DG,Durable goods,2025,1295.7,1295700000.0,2843.4,2843400000.0,120.115,120115.0,1260.4,0.028006981910504658,-0.007190974087696866
42,Wholesale trade,1997,715.7,715700000.0,1022.6,1022600000.0,73.709,73709.0,,,
42,Wholesale trade,1998,784.0,784000000.0,1078.4,1078400000.0,71.776,71776.0,715.7,0.09543104652787471,-0.02622474867383906
42,Wholesale trade,1999,809.7,809700000.0,1148.5,1148500000.0,72.058,72058.0,784.0,0.03278061224489792,0.003928889879625697
42,Wholesale trade,2000,851.9,851900000.0,1204.3,1204300000.0,73.003,73003.0,809.7,0.052118068420402563,0.013114435593549523
42,Wholesale trade,2001,866.2,866200000.0,1200.2,1200200000.0,70.735,70735.0,851.9,0.016786007747388254,-0.03106721641576371
42,Wholesale trade,2002,876.0,876000000.0,1253.5,1253500000.0,69.904,69904.0,866.2,0.011313784345416744,-0.011748073796564729
42,Wholesale trade,2003,924.3,924300000.0,1304.5,1304500000.0,69.323,69323.0,876.0,0.05513698630136976,-0.008311398489356914
42,Wholesale trade,2004,965.8,965800000.0,1379.4,1379400000.0,72.073,72073.0,924.3,0.04489884236719677,0.039669373800903074
42,Wholesale trade,2005,1009.8,1009800000.0,1450.9,1450900000.0,74.554,74554.0,965.8,0.04555808656036442,0.03442343179831564
42,Wholesale trade,2006,1039.7,1039700000.0,1505.1,1505100000.0,77.861,77861.0,1009.8,0.029609823727470896,0.044357110282479795
42,Wholesale trade,2007,1075.0,1075000000.0,1560.8,1560800000.0,79.646,79646.0,1039.7,0.03395210156775996,0.022925469747370197
42,Wholesale trade,2008,1074.3,1074300000.0,1578.8,1578800000.0,82.17,82170.0,1075.0,-0.000651162790697768,0.031690229264495384
42,Wholesale trade,2009,941.0,941000000.0,1309.6,1309600000.0,88.419,88419.0,1074.3,-0.12408079679791484,0.07604965315808676
42,Wholesale trade,2010,999.6,999600000.0,1526.8,1526800000.0,88.8,88800.0,941.0,0.06227417640807653,0.004309028602449638
42,Wholesale trade,2011,1020.8,1020800000.0,1672.5,1672500000.0,91.572,91572.0,999.6,0.021208483393357236,0.031216216216216175
42,Wholesale trade,2012,1056.5,1056500000.0,1764.3,1764300000.0,94.436,94436.0,1020.8,0.03497257053291536,0.031275935875595184
42,Wholesale trade,2013,1084.3,1084300000.0,1834.5,1834500000.0,96.157,96157.0,1056.5,0.026313298627543835,0.018223982379600878
42,Wholesale trade,2014,1127.6,1127600000.0,1921.4,1921400000.0,96.853,96853.0,1084.3,0.03993359771281013,0.00723816258826715
42,Wholesale trade,2015,1179.0,1179000000.0,1956.4,1956400000.0,97.423,97423.0,1127.6,0.04558354026250444,0.005885207479376042
42,Wholesale trade,2016,1169.2,1169200000.0,1966.0,1966000000.0,97.747,97747.0,1179.0,-0.008312128922815853,0.003325703375999467
42,Wholesale trade,2017,1176.1,1176100000.0,2053.9,2053900000.0,100.0,100000.0,1169.2,0.0059014710913443125,0.023049300745803025
42,Wholesale trade,2018,1185.9,1185900000.0,2115.5,2115500000.0,103.054,103054.0,1176.1,0.008332624776804742,0.03054000000000001
42,Wholesale trade,2019,1198.2,1198200000.0,2095.9,2095900000.0,108.231,108231.0,1185.9,0.010371869466228034,0.050235798707473744
42,Wholesale trade,2020,1204.2,1204200000.0,1988.6,1988600000.0,108.147,108147.0,1198.2,0.005007511266900355,-0.0007761177481496739
42,Wholesale trade,2021,1192.3,1192300000.0,2202.9,2202900000.0,118.665,118665.0,1204.2,-0.00988207938880592,0.09725651196981877
42,Wholesale trade,2022,1174.3,1174300000.0,2257.0,2257000000.0,135.778,135778.0,1192.3,-0.015096871592719996,0.14421269961656757
42,Wholesale trade,2023,1157.1,1157100000.0,2170.3,2170300000.0,142.843,142843.0,1174.3,-0.014647023758835087,0.0520334663936719
42,Wholesale trade,2024,1148.8,1148800000.0,2150.3,2150300000.0,148.526,148526.0,1157.1,-0.007173105176734862,0.039784938708932405
42,Wholesale trade,2025,1169.5,1169500000.0,2142.4,2142400000.0,162.862,162862.0,1148.8,0.018018802228412234,0.09652182109529628
441,Motor vehicle and parts dealers,1997,127.1,127100000.0,202.4,202400000.0,93.25,93250.0,,,
441,Motor vehicle and parts dealers,1998,132.9,132900000.0,202.5,202500000.0,93.071,93071.0,127.1,0.045633359559402065,-0.0019195710455763848
441,Motor vehicle and parts dealers,1999,140.7,140700000.0,221.7,221700000.0,96.181,96181.0,132.9,0.05869074492099302,0.03341534957183234
441,Motor vehicle and parts dealers,2000,143.1,143100000.0,218.1,218100000.0,96.852,96852.0,140.7,0.017057569296375252,0.006976429856208721
441,Motor vehicle and parts dealers,2001,140.6,140600000.0,200.0,200000000.0,94.351,94351.0,143.1,-0.017470300489168422,-0.025822905051005707
441,Motor vehicle and parts dealers,2002,142.2,142200000.0,221.2,221200000.0,103.38,103380.0,140.6,0.011379800853485111,0.09569585907939504
441,Motor vehicle and parts dealers,2003,144.2,144200000.0,221.7,221700000.0,103.917,103917.0,142.2,0.014064697609001309,0.005194428322693012
441,Motor vehicle and parts dealers,2004,146.6,146600000.0,226.1,226100000.0,104.149,104149.0,144.2,0.01664355062413314,0.002232550978184422
441,Motor vehicle and parts dealers,2005,147.8,147800000.0,214.8,214800000.0,106.923,106923.0,146.6,0.008185538881309906,0.026634917281971093
441,Motor vehicle and parts dealers,2006,143.9,143900000.0,209.1,209100000.0,111.505,111505.0,147.8,-0.026387009472259804,0.04285326823976132
441,Motor vehicle and parts dealers,2007,145.2,145200000.0,208.3,208300000.0,112.148,112148.0,143.9,0.009034051424600342,0.005766557553472884
441,Motor vehicle and parts dealers,2008,131.1,131100000.0,178.9,178900000.0,110.467,110467.0,145.2,-0.09710743801652888,-0.01498912151799403
441,Motor vehicle and parts dealers,2009,109.7,109700000.0,139.6,139600000.0,114.707,114707.0,131.1,-0.16323417238749038,0.03838250337204774
441,Motor vehicle and parts dealers,2010,121.2,121200000.0,181.2,181200000.0,117.992,117992.0,109.7,0.10483135824977219,0.028638182499760356
441,Motor vehicle and parts dealers,2011,123.3,123300000.0,177.7,177700000.0,121.993,121993.0,121.2,0.017326732673267342,0.03390907858159875
441,Motor vehicle and parts dealers,2012,134.3,134300000.0,198.2,198200000.0,121.599,121599.0,123.3,0.0892133008921332,-0.0032296935070044164
441,Motor vehicle and parts dealers,2013,151.1,151100000.0,220.7,220700000.0,120.249,120249.0,134.3,0.1250930752047652,-0.011102064984087057
441,Motor vehicle and parts dealers,2014,164.3,164300000.0,246.0,246000000.0,118.238,118238.0,151.1,0.08735936465916616,-0.01672363179735381
441,Motor vehicle and parts dealers,2015,182.7,182700000.0,281.8,281800000.0,114.581,114581.0,164.3,0.11199026171637239,-0.030929142915137264
441,Motor vehicle and parts dealers,2016,213.1,213100000.0,327.4,327400000.0,105.066,105066.0,182.7,0.16639299397920082,-0.08304169103079917
441,Motor vehicle and parts dealers,2017,235.8,235800000.0,355.7,355700000.0,100.0,100000.0,213.1,0.10652275926794941,-0.048217311023547094
441,Motor vehicle and parts dealers,2018,243.7,243700000.0,368.2,368200000.0,99.822,99822.0,235.8,0.03350296861747237,-0.0017800000000000038
441,Motor vehicle and parts dealers,2019,260.2,260200000.0,369.1,369100000.0,98.967,98967.0,243.7,0.06770619614279849,-0.008565246138125926
441,Motor vehicle and parts dealers,2020,226.0,226000000.0,322.5,322500000.0,113.178,113178.0,260.2,-0.1314373558800922,0.14359331898511618
441,Motor vehicle and parts dealers,2021,189.4,189400000.0,295.9,295900000.0,167.729,167729.0,226.0,-0.16194690265486722,0.4819929668310097
441,Motor vehicle and parts dealers,2022,161.4,161400000.0,293.7,293700000.0,211.777,211777.0,189.4,-0.14783526927138335,0.26261409774099875
441,Motor vehicle and parts dealers,2023,222.9,222900000.0,362.8,362800000.0,161.357,161357.0,161.4,0.3810408921933086,-0.23808062254163576
441,Motor vehicle and parts dealers,2024,322.3,322300000.0,470.5,470500000.0,110.729,110729.0,222.9,0.44593988335576484,-0.31376389000787075
441,Motor vehicle and parts dealers,2025,314.3,314300000.0,464.9,464900000.0,118.447,118447.0,322.3,-0.02482159478746504,0.06970170416060828
445,Food and beverage stores,1997,186.0,186000000.0,239.9,239900000.0,48.878,48878.0,,,
445,Food and beverage stores,1998,197.4,197400000.0,243.7,243700000.0,49.758,49758.0,186.0,0.06129032258064515,0.018004009984041947
445,Food and beverage stores,1999,195.7,195700000.0,251.1,251100000.0,50.948,50948.0,197.4,-0.00861195542046611,0.023915752240845745
445,Food and beverage stores,2000,194.4,194400000.0,246.8,246800000.0,52.166,52166.0,195.7,-0.006642820643842584,0.023906728428986446
445,Food and beverage stores,2001,197.0,197000000.0,253.3,253300000.0,55.362,55362.0,194.4,0.01337448559670773,0.061265958670398524
445,Food and beverage stores,2002,195.6,195600000.0,250.1,250100000.0,56.841,56841.0,197.0,-0.007106598984771617,0.026715075322423232
445,Food and beverage stores,2003,194.4,194400000.0,248.8,248800000.0,59.219,59219.0,195.6,-0.006134969325153339,0.04183599866293686
445,Food and beverage stores,2004,188.6,188600000.0,251.9,251900000.0,62.201,62201.0,194.4,-0.029835390946502116,0.050355460240801175
445,Food and beverage stores,2005,183.0,183000000.0,246.7,246700000.0,66.953,66953.0,188.6,-0.02969247083775184,0.07639748557097148
445,Food and beverage stores,2006,182.3,182300000.0,252.3,252300000.0,69.048,69048.0,183.0,-0.0038251366120217734,0.03129060684360674
445,Food and beverage stores,2007,174.9,174900000.0,249.1,249100000.0,70.964,70964.0,182.3,-0.04059243006034008,0.027748812420345326
445,Food and beverage stores,2008,170.1,170100000.0,242.5,242500000.0,75.554,75554.0,174.9,-0.027444253859348233,0.064680683163294
445,Food and beverage stores,2009,168.2,168200000.0,234.4,234400000.0,78.149,78149.0,170.1,-0.011169900058788929,0.03434629536490452
445,Food and beverage stores,2010,177.3,177300000.0,247.5,247500000.0,75.007,75007.0,168.2,0.05410225921522005,-0.04020524894752331
445,Food and beverage stores,2011,166.1,166100000.0,244.0,244000000.0,79.36,79360.0,177.3,-0.0631697687535252,0.058034583438878906
445,Food and beverage stores,2012,158.6,158600000.0,238.4,238400000.0,84.361,84361.0,166.1,-0.045153521974714006,0.0630166330645161
445,Food and beverage stores,2013,161.7,161700000.0,238.2,238200000.0,86.316,86316.0,158.6,0.01954602774274905,0.02317421557354704
445,Food and beverage stores,2014,160.7,160700000.0,240.9,240900000.0,89.343,89343.0,161.7,-0.00618429189857761,0.035068816905324596
445,Food and beverage stores,2015,158.9,158900000.0,241.1,241100000.0,95.494,95494.0,160.7,-0.011200995644057188,0.06884702774699747
445,Food and beverage stores,2016,156.3,156300000.0,239.6,239600000.0,99.939,99939.0,158.9,-0.016362492133417228,0.04654742706348025
445,Food and beverage stores,2017,162.1,162100000.0,249.2,249200000.0,100.0,100000.0,156.3,0.03710812539987196,0.0006103723271195793
445,Food and beverage stores,2018,158.6,158600000.0,245.4,245400000.0,103.429,103429.0,162.1,-0.021591610117211557,0.03428999999999993
445,Food and beverage stores,2019,160.3,160300000.0,250.8,250800000.0,105.276,105276.0,158.6,0.010718789407314189,0.01785766081079765
445,Food and beverage stores,2020,174.0,174000000.0,267.1,267100000.00000003,110.075,110075.0,160.3,0.08546475358702432,0.04558493863748625
445,Food and beverage stores,2021,179.0,179000000.0,278.7,278700000.0,109.983,109983.0,174.0,0.028735632183908066,-0.000835793776970184
445,Food and beverage stores,2022,166.9,166900000.0,270.3,270300000.0,126.012,126012.0,179.0,-0.06759776536312845,0.14574070538174078
445,Food and beverage stores,2023,160.0,160000000.0,253.2,253200000.0,144.2,144200.0,166.9,-0.04134212103055723,0.1443354601149096
445,Food and beverage stores,2024,158.2,158200000.0,251.7,251700000.0,149.273,149273.0,160.0,-0.011250000000000093,0.0351803051317614
445,Food and beverage stores,2025,155.1,155100000.0,249.8,249800000.0,155.531,155531.0,158.2,-0.019595448798988557,0.04192318771646586
44RT,Retail trade,1997,698.0,698000000.0,1093.2,1093200000.0,83.081,83081.0,,,
44RT,Retail trade,1998,764.6,764600000.0,1144.4,1144400000.0,81.992,81992.0,698.0,0.09541547277936968,-0.013107690085579105
44RT,Retail trade,1999,791.6,791600000.0,1213.3,1213300000.0,82.463,82463.0,764.6,0.0353125817420874,0.005744462874426537
44RT,Retail trade,2000,816.2,816200000.0,1246.5,1246500000.0,83.972,83972.0,791.6,0.031076301162203057,0.01829911596716105
44RT,Retail trade,2001,846.5,846500000.0,1231.9,1231900000.0,83.804,83804.0,816.2,0.037123254104386216,-0.002000666888962943
44RT,Retail trade,2002,887.2,887200000.0,1309.0,1309000000.0,82.572,82572.0,846.5,0.04808033077377449,-0.014700968927497504
44RT,Retail trade,2003,933.5,933500000.0,1379.6,1379600000.0,82.435,82435.0,887.2,0.052186654643823216,-0.0016591580681102336
44RT,Retail trade,2004,948.6,948600000.0,1451.4,1451400000.0,83.854,83854.0,933.5,0.016175682913765366,0.017213562200521615
44RT,Retail trade,2005,979.1,979100000.0,1472.6,1472600000.0,85.851,85851.0,948.6,0.03215264600463841,0.02381520261406722
44RT,Retail trade,2006,986.3,986300000.0,1501.9,1501900000.0,88.192,88192.0,979.1,0.0073536921662751276,0.027268173929249517
44RT,Retail trade,2007,955.7,955700000.0,1494.7,1494700000.0,90.963,90963.0,986.3,-0.03102504309033749,0.03142008345428149
44RT,Retail trade,2008,924.3,924300000.0,1402.4,1402400000.0,92.106,92106.0,955.7,-0.03285549858742287,0.012565548629662526
44RT,Retail trade,2009,885.0,885000000.0,1312.2,1312200000.0,94.043,94043.0,924.3,-0.042518662771827254,0.021030117473346044
44RT,Retail trade,2010,922.4,922400000.0,1409.0,1409000000.0,93.619,93619.0,885.0,0.04225988700564964,-0.004508575864232367
44RT,Retail trade,2011,927.8,927800000.0,1423.0,1423000000.0,95.243,95243.0,922.4,0.005854293148308765,0.01734690607675793
44RT,Retail trade,2012,934.8,934800000.0,1454.5,1454500000.0,98.776,98776.0,927.8,0.007544729467557687,0.0370945896286341
44RT,Retail trade,2013,978.1,978100000.0,1522.0,1522000000.0,100.154,100154.0,934.8,0.04632006846384251,0.013950757268972325
44RT,Retail trade,2014,1007.0,1007000000.0,1586.7,1586700000.0,101.112,101112.0,978.1,0.029547081075554704,0.009565269484993033
44RT,Retail trade,2015,1059.9,1059900000.0000001,1679.3,1679300000.0,102.006,102006.0,1007.0,0.05253227408143002,0.008841680512698735
44RT,Retail trade,2016,1122.1,1122100000.0,1766.7,1766700000.0,100.996,100996.0,1059.9,0.058684781583168144,-0.009901378350293144
44RT,Retail trade,2017,1178.9,1178900000.0,1846.9,1846900000.0,100.0,100000.0,1122.1,0.05061937438730957,-0.00986177670402788
44RT,Retail trade,2018,1220.1,1220100000.0,1914.6,1914600000.0,100.286,100286.0,1178.9,0.03494783272542179,0.0028600000000000847
44RT,Retail trade,2019,1253.7,1253700000.0,1934.5,1934500000.0,101.904,101904.0,1220.1,0.027538726333907082,0.016133857168498134
44RT,Retail trade,2020,1231.4,1231400000.0,1927.6,1927600000.0,108.434,108434.0,1253.7,-0.017787349445640865,0.06407991835452975
44RT,Retail trade,2021,1238.8,1238800000.0,2082.7,2082699999.9999998,124.109,124109.0,1231.4,0.006009420172161661,0.14455797996938236
44RT,Retail trade,2022,1204.6,1204600000.0,2076.9,2076900000.0,136.795,136795.0,1238.8,-0.027607361963190247,0.10221659992426013
44RT,Retail trade,2023,1331.5,1331500000.0,2154.6,2154600000.0,133.653,133653.0,1204.6,0.10534617300348681,-0.022968675755692836
44RT,Retail trade,2024,1469.5,1469500000.0,2288.7,2288700000.0,125.826,125826.0,1331.5,0.10364250844911749,-0.05856209737155171
44RT,Retail trade,2025,1464.9,1464900000.0,2304.2,2304200000.0,131.2,131200.0,1469.5,-0.0031303164341611733,0.04270977381463292
452,General merchandise stores,1997,73.9,73900000.0,125.4,125400000.0,108.019,108019.0,,,
452,General merchandise stores,1998,80.0,80000000.0,131.9,131900000.0,107.679,107679.0,73.9,0.08254397834912042,-0.0031475944046881477
452,General merchandise stores,1999,83.7,83700000.0,141.3,141300000.0,106.396,106396.0,80.0,0.046250000000000124,-0.011915043787553814
452,General merchandise stores,2000,89.3,89300000.0,145.2,145200000.0,105.963,105963.0,83.7,0.0669056152927121,-0.0040697018684913155
452,General merchandise stores,2001,94.1,94100000.0,147.3,147300000.0,105.898,105898.0,89.3,0.05375139977603571,-0.000613421666053271
452,General merchandise stores,2002,109.0,109000000.0,160.6,160600000.0,94.122,94122.0,94.1,0.15834218916046772,-0.11120134469017351
452,General merchandise stores,2003,122.3,122300000.0,185.5,185500000.0,90.007,90007.0,109.0,0.12201834862385308,-0.0437198529568007
452,General merchandise stores,2004,127.7,127700000.0,201.8,201800000.0,89.648,89648.0,122.3,0.044153720359771054,-0.003988578666103804
452,General merchandise stores,2005,135.1,135100000.0,209.1,209100000.0,89.671,89671.0,127.7,0.05794831636648379,0.0002565589862575379
452,General merchandise stores,2006,137.3,137300000.0,211.9,211900000.0,90.235,90235.0,135.1,0.016284233900814238,0.006289658864069736
452,General merchandise stores,2007,136.0,136000000.0,220.9,220900000.0,91.611,91611.0,137.3,-0.009468317552804195,0.015249071867900588
452,General merchandise stores,2008,138.1,138100000.0,218.2,218200000.0,93.039,93039.0,136.0,0.01544117647058818,0.015587647771555746
452,General merchandise stores,2009,145.7,145700000.0,228.1,228100000.0,91.555,91555.0,138.1,0.05503258508327291,-0.015950300411655238
452,General merchandise stores,2010,142.9,142900000.0,233.0,233000000.0,93.062,93062.0,145.7,-0.01921757035003424,0.01646005133526285
452,General merchandise stores,2011,148.8,148800000.0,232.6,232600000.0,90.64,90640.0,142.9,0.041287613715885296,-0.02602566031247977
452,General merchandise stores,2012,130.1,130100000.0,212.0,212000000.0,103.171,103171.0,148.8,-0.12567204301075274,0.1382502206531333
452,General merchandise stores,2013,132.6,132600000.0,216.8,216800000.0,101.092,101092.0,130.1,0.01921598770176791,-0.020151011427629983
452,General merchandise stores,2014,135.7,135700000.0,221.0,221000000.0,102.221,102221.0,132.6,0.02337858220211153,0.011168044949155354
452,General merchandise stores,2015,142.0,142000000.0,228.9,228900000.0,101.571,101571.0,135.7,0.04642593957258678,-0.006358771680965769
452,General merchandise stores,2016,144.2,144200000.0,228.7,228700000.0,101.982,101982.0,142.0,0.015492957746478853,0.004046430575656457
452,General merchandise stores,2017,152.1,152100000.0,233.9,233900000.0,100.0,100000.0,144.2,0.054785020804438256,-0.019434802219999603
452,General merchandise stores,2018,158.3,158300000.0,243.7,243700000.0,97.915,97915.0,152.1,0.04076265614727159,-0.020849999999999924
452,General merchandise stores,2019,157.2,157200000.0,238.2,238200000.0,101.732,101732.0,158.3,-0.006948831332912353,0.038982791196445765
452,General merchandise stores,2020,165.3,165300000.0,250.1,250100000.0,98.279,98279.0,157.2,0.05152671755725202,-0.033942122439350464
452,General merchandise stores,2021,178.2,178200000.0,266.8,266800000.0,102.832,102832.0,165.3,0.07803992740471855,0.046327292707496026
452,General merchandise stores,2022,159.9,159900000.0,241.2,241200000.0,124.573,124573.0,178.2,-0.10269360269360261,0.2114225143924071
452,General merchandise stores,2023,152.8,152800000.0,231.5,231500000.0,135.861,135861.0,159.9,-0.044402751719824884,0.09061353583842413
452,General merchandise stores,2024,162.8,162800000.0,233.4,233400000.0,137.613,137613.0,152.8,0.0654450261780104,0.01289553293439627
452,General merchandise stores,2025,160.0,160000000.0,228.4,228400000.0,144.514,144514.0,162.8,-0.017199017199017286,0.05014787847078406
481,Air transportation,1997,108.6,108600000.0,213.9,213900000.0,50.324,50324.0,,,
481,Air transportation,1998,104.8,104800000.0,217.0,217000000.0,52.663,52663.0,108.6,-0.03499079189686927,0.04647881726412839
481,Air transportation,1999,102.9,102900000.0,215.3,215300000.0,56.066,56066.0,104.8,-0.018129770992366345,0.06461842280158758
481,Air transportation,2000,83.7,83700000.0,203.6,203600000.0,69.451,69451.0,102.9,-0.1865889212827988,0.23873648913780166
481,Air transportation,2001,57.3,57300000.0,166.2,166200000.0,85.832,85832.0,83.7,-0.3154121863799284,0.2358641344257102
481,Air transportation,2002,58.0,58000000.0,153.8,153800000.0,89.704,89704.0,57.3,0.01221640488656206,0.0451113803709573
481,Air transportation,2003,62.6,62600000.0,165.0,165000000.0,87.19,87190.0,58.0,0.07931034482758625,-0.02802550610898058
481,Air transportation,2004,74.4,74400000.0,177.2,177200000.0,81.76,81760.0,62.6,0.18849840255591066,-0.06227778414955831
481,Air transportation,2005,78.4,78400000.0,180.0,180000000.0,78.676,78676.0,74.4,0.053763440860215006,-0.03772015655577299
481,Air transportation,2006,85.7,85700000.0,183.6,183600000.0,79.386,79386.0,78.4,0.0931122448979591,0.009024353042859312
481,Air transportation,2007,92.9,92900000.0,189.7,189700000.0,78.763,78763.0,85.7,0.08401400233372236,-0.007847731338019193
481,Air transportation,2008,88.7,88700000.0,185.2,185200000.0,77.465,77465.0,92.9,-0.0452099031216362,-0.016479819204448853
481,Air transportation,2009,88.0,88000000.0,171.1,171100000.0,81.379,81379.0,88.7,-0.007891770011273946,0.050526044019880034
481,Air transportation,2010,102.4,102400000.0,179.5,179500000.0,82.279,82279.0,88.0,0.1636363636363638,0.011059364209439648
481,Air transportation,2011,102.7,102700000.0,199.5,199500000.0,82.556,82556.0,102.4,0.0029296875,0.003366594149175395
481,Air transportation,2012,98.1,98100000.0,191.3,191300000.0,89.729,89729.0,102.7,-0.044790652385589214,0.08688647705799712
481,Air transportation,2013,103.2,103200000.0,198.2,198200000.0,90.673,90673.0,98.1,0.051987767584097844,0.010520567486542731
481,Air transportation,2014,106.4,106400000.0,206.2,206200000.0,95.503,95503.0,103.2,0.03100775193798455,0.053268337873457305
481,Air transportation,2015,111.6,111600000.0,217.3,217300000.0,103.906,103906.0,106.4,0.04887218045112762,0.08798676481367074
481,Air transportation,2016,120.3,120300000.0,224.3,224300000.0,103.871,103871.0,111.6,0.07795698924731176,-0.00033684291571234315
481,Air transportation,2017,128.7,128699999.99999999,236.3,236300000.0,100.0,100000.0,120.3,0.06982543640897743,-0.037267379730627326
481,Air transportation,2018,133.9,133900000.0,246.9,246900000.0,97.912,97912.0,128.7,0.04040404040404044,-0.0208799999999999
481,Air transportation,2019,133.2,133199999.99999999,256.2,256200000.0,105.285,105285.0,133.9,-0.00522778192681117,0.07530231228041506
481,Air transportation,2020,71.0,71000000.0,134.1,134100000.0,90.468,90468.0,133.2,-0.46696696696696693,-0.1407322980481549
481,Air transportation,2021,119.1,119100000.0,202.1,202100000.0,81.769,81769.0,71.0,0.6774647887323944,-0.0961555467126497
481,Air transportation,2022,145.2,145200000.0,254.2,254200000.0,101.53,101530.0,119.1,0.21914357682619645,0.24166860301581283
481,Air transportation,2023,154.6,154600000.0,261.0,261000000.0,108.826,108826.0,145.2,0.06473829201101933,0.07186053383236479
481,Air transportation,2024,162.4,162400000.0,276.3,276300000.0,108.206,108206.0,154.6,0.05045278137128073,-0.005697167956186799
481,Air transportation,2025,168.3,168300000.0,283.2,283200000.0,109.852,109852.0,162.4,0.03633004926108385,0.01521172578230412
482,Rail transportation,1997,36.9,36900000.0,68.7,68700000.0,54.063,54063.0,,,
482,Rail transportation,1998,39.1,39100000.0,67.8,67800000.0,56.762,56762.0,36.9,0.05962059620596216,0.04992323770415985
482,Rail transportation,1999,40.9,40900000.0,68.8,68800000.0,55.257,55257.0,39.1,0.04603580562659837,-0.02651421725802483
482,Rail transportation,2000,43.3,43300000.0,68.8,68800000.0,53.818,53818.0,40.9,0.05867970660146704,-0.026041949436270473
482,Rail transportation,2001,42.1,42100000.0,68.4,68400000.0,55.474,55474.0,43.3,-0.02771362586605075,0.030770374224237118
482,Rail transportation,2002,37.9,37900000.0,68.1,68100000.0,57.333,57333.0,42.1,-0.09976247030878871,0.033511194433428315
482,Rail transportation,2003,41.3,41300000.0,68.7,68700000.0,56.702,56702.0,37.9,0.08970976253298146,-0.011005877941150821
482,Rail transportation,2004,43.6,43600000.0,73.0,73000000.0,57.852,57852.0,41.3,0.05569007263922532,0.020281471553031505
482,Rail transportation,2005,44.1,44100000.0,75.0,75000000.0,63.46,63460.0,43.6,0.011467889908256979,0.09693701168498925
482,Rail transportation,2006,45.6,45600000.0,78.0,78000000.0,70.385,70385.0,44.1,0.03401360544217691,0.10912385754806175
482,Rail transportation,2007,44.7,44700000.0,78.5,78500000.0,72.45,72450.0,45.6,-0.019736842105263164,0.02933863749378407
482,Rail transportation,2008,45.8,45800000.0,79.4,79400000.0,81.332,81332.0,44.7,0.02460850111856816,0.12259489302967541
482,Rail transportation,2009,40.7,40700000.0,66.9,66900000.00000001,80.779,80779.0,45.8,-0.11135371179039288,-0.006799291791668716
482,Rail transportation,2010,40.7,40700000.0,77.5,77500000.0,82.911,82911.0,40.7,0.0,0.02639299818022023
482,Rail transportation,2011,41.0,41000000.0,81.9,81900000.0,89.151,89151.0,40.7,0.0073710073710073765,0.07526142490140031
482,Rail transportation,2012,42.4,42400000.0,81.8,81800000.0,93.801,93801.0,41.0,0.034146341463414664,0.05215869704209708
482,Rail transportation,2013,42.7,42700000.0,82.8,82800000.0,97.568,97568.0,42.4,0.0070754716981134,0.04015948657263779
482,Rail transportation,2014,45.0,45000000.0,87.7,87700000.0,100.35,100350.0,42.7,0.05386416861826682,0.028513447031813577
482,Rail transportation,2015,46.2,46200000.0,84.1,84100000.0,99.975,99975.0,45.0,0.02666666666666684,-0.0037369207772794955
482,Rail transportation,2016,43.1,43100000.0,78.3,78300000.0,98.088,98088.0,46.2,-0.0670995670995671,-0.018874718679669944
482,Rail transportation,2017,44.3,44300000.0,79.6,79600000.0,100.0,100000.0,43.1,0.0278422273781902,0.01949270043226492
482,Rail transportation,2018,44.9,44900000.0,82.1,82100000.0,103.947,103947.0,44.3,0.013544018058690765,0.039470000000000116
482,Rail transportation,2019,41.9,41900000.0,78.1,78100000.0,110.287,110287.0,44.9,-0.06681514476614703,0.06099262123967031
482,Rail transportation,2020,37.3,37300000.0,67.9,67900000.0,111.853,111853.0,41.9,-0.10978520286396187,0.014199316329213563
482,Rail transportation,2021,40.4,40400000.0,73.2,73200000.0,112.341,112341.0,37.3,0.08310991957104563,0.004362869122866542
482,Rail transportation,2022,41.3,41300000.0,76.6,76600000.0,121.687,121687.0,40.4,0.022277227722772297,0.0831931351866193
482,Rail transportation,2023,40.5,40500000.0,72.6,72600000.0,129.525,129525.0,41.3,-0.01937046004842613,0.06441115320453306
482,Rail transportation,2024,40.2,40200000.0,71.5,71500000.0,132.331,132331.0,40.5,-0.007407407407407307,0.02166377147268861
482,Rail transportation,2025,37.7,37700000.0,70.2,70200000.0,134.988,134988.0,40.2,-0.062189054726368154,0.020078439670220938
483,Water transportation,1997,7.9,7900000.0,38.5,38500000.0,83.31,83310.0,,,
483,Water transportation,1998,7.2,7200000.0,37.4,37400000.0,89.433,89433.0,7.9,-0.08860759493670889,0.0734965790421318
483,Water transportation,1999,5.9,5900000.0,35.6,35600000.0,111.461,111461.0,7.2,-0.18055555555555558,0.24630729149195485
483,Water transportation,2000,6.4,6400000.0,35.1,35100000.0,126.026,126026.0,5.9,0.0847457627118644,0.1306735091197817
483,Water transportation,2001,6.1,6100000.0,33.5,33500000.0,135.275,135275.0,6.4,-0.04687500000000011,0.07338961801533017
483,Water transportation,2002,4.5,4500000.0,31.1,31100000.0,157.841,157841.0,6.1,-0.2622950819672131,0.16681574570319713
483,Water transportation,2003,4.4,4400000.0,33.2,33200000.000000004,186.327,186327.0,4.5,-0.022222222222222143,0.1804727542273552
483,Water transportation,2004,5.2,5200000.0,38.3,38300000.0,166.467,166467.0,4.4,0.18181818181818166,-0.10658680706499857
483,Water transportation,2005,6.2,6200000.0,40.3,40300000.0,141.21,141210.0,5.2,0.1923076923076923,-0.15172376507055452
483,Water transportation,2006,10.1,10100000.0,44.7,44700000.0,126.312,126312.0,6.2,0.629032258064516,-0.10550244316974722
483,Water transportation,2007,13.0,13000000.0,50.7,50700000.0,109.723,109723.0,10.1,0.28712871287128716,-0.13133352333903348
483,Water transportation,2008,15.7,15700000.0,50.5,50500000.0,104.622,104622.0,13.0,0.20769230769230762,-0.04648979703435008
483,Water transportation,2009,19.6,19600000.0,49.1,49100000.0,79.494,79494.0,15.7,0.24840764331210208,-0.24017892986178813
483,Water transportation,2010,16.2,16200000.0,49.9,49900000.0,90.364,90364.0,19.6,-0.17346938775510212,0.13673987973935153
483,Water transportation,2011,17.3,17300000.0,50.8,50800000.0,81.737,81737.0,16.2,0.06790123456790131,-0.09546943473064506
483,Water transportation,2012,17.8,17800000.0,52.9,52900000.0,74.053,74053.0,17.3,0.028901734104046284,-0.09400883320895059
483,Water transportation,2013,23.3,23300000.0,53.6,53600000.0,72.19,72190.0,17.8,0.3089887640449438,-0.02515765735351705
483,Water transportation,2014,21.5,21500000.0,56.1,56100000.0,78.415,78415.0,23.3,-0.07725321888412018,0.08623077988641104
483,Water transportation,2015,17.7,17700000.0,53.5,53500000.0,94.029,94029.0,21.5,-0.17674418604651165,0.19912006631384283
483,Water transportation,2016,14.9,14900000.0,53.1,53100000.0,96.13,96130.0,17.7,-0.1581920903954802,0.022344170415510067
483,Water transportation,2017,14.0,14000000.0,55.0,55000000.0,100.0,100000.0,14.9,-0.06040268456375841,0.040257983980027
483,Water transportation,2018,14.5,14500000.0,56.4,56400000.0,107.758,107758.0,14.0,0.03571428571428581,0.07757999999999998
483,Water transportation,2019,13.3,13300000.0,56.2,56200000.0,116.386,116386.0,14.5,-0.08275862068965512,0.0800683011934149
483,Water transportation,2020,13.0,13000000.0,38.7,38700000.0,98.189,98189.0,13.3,-0.022556390977443663,-0.15635042015362677
483,Water transportation,2021,17.6,17600000.0,35.7,35700000.0,112.903,112903.0,13.0,0.3538461538461539,0.14985385328295453
483,Water transportation,2022,14.6,14600000.0,49.8,49800000.0,146.109,146109.0,17.6,-0.17045454545454553,0.29411087393603363
483,Water transportation,2023,14.8,14800000.0,53.0,53000000.0,155.301,155301.0,14.6,0.013698630136986356,0.06291193560971586
483,Water transportation,2024,16.1,16100000.000000002,57.0,57000000.0,151.204,151204.0,14.8,0.08783783783783794,-0.026381027810509772
483,Water transportation,2025,18.1,18100000.0,59.8,59800000.0,133.686,133686.0,16.1,0.12422360248447206,-0.11585672336710673
484,Truck transportation,1997,126.3,126300000.0,256.1,256100000.00000003,61.058,61058.0,,,
484,Truck transportation,1998,131.6,131600000.0,269.2,269200000.0,65.042,65042.0,126.3,0.04196357878068091,0.06524943496347735
484,Truck transportation,1999,138.2,138200000.0,279.8,279800000.0,66.836,66836.0,131.6,0.050151975683890626,0.0275821776698133
484,Truck transportation,2000,142.6,142600000.0,287.1,287100000.0,68.72,68720.0,138.2,0.03183791606367592,0.02818840146029089
484,Truck transportation,2001,135.8,135800000.0,280.4,280400000.0,71.568,71568.0,142.6,-0.04768583450210362,0.041443538998835905
484,Truck transportation,2002,131.8,131800000.00000001,281.9,281900000.0,73.666,73666.0,135.8,-0.02945508100147276,0.02931477755421419
484,Truck transportation,2003,134.5,134500000.0,282.1,282100000.0,75.374,75374.0,131.8,0.020485584218512765,0.023185730187603504
484,Truck transportation,2004,140.1,140100000.0,300.4,300400000.0,77.87,77870.0,134.5,0.04163568773234205,0.03311486719558476
484,Truck transportation,2005,143.5,143500000.0,315.5,315500000.0,81.448,81448.0,140.1,0.024268379728765277,0.045948375497624205
484,Truck transportation,2006,150.2,150200000.0,324.1,324100000.0,83.539,83539.0,143.5,0.04668989547038316,0.025672821923190314
484,Truck transportation,2007,151.3,151300000.0,325.2,325200000.0,81.788,81788.0,150.2,0.007323568575233086,-0.02096027005350798
484,Truck transportation,2008,139.7,139700000.0,310.8,310800000.0,86.27,86270.0,151.3,-0.07666886979510923,0.054800215190492496
484,Truck transportation,2009,127.7,127700000.0,264.7,264700000.0,85.707,85707.0,139.7,-0.08589835361488896,-0.00652602295119975
484,Truck transportation,2010,136.1,136100000.0,282.8,282800000.0,83.441,83441.0,127.7,0.06577916992952226,-0.026438913974354383
484,Truck transportation,2011,142.8,142800000.0,295.9,295900000.0,85.458,85458.0,136.1,0.04922850844966953,0.024172768782732668
484,Truck transportation,2012,144.5,144500000.0,306.5,306500000.0,88.845,88845.0,142.8,0.011904761904761862,0.039633504177490675
484,Truck transportation,2013,148.8,148800000.0,313.5,313500000.0,90.422,90422.0,144.5,0.02975778546712804,0.017750014069446873
484,Truck transportation,2014,158.5,158500000.0,336.1,336100000.0,93.745,93745.0,148.8,0.06518817204301075,0.036749905996328325
484,Truck transportation,2015,163.4,163400000.0,342.6,342600000.0,98.812,98812.0,158.5,0.0309148264984227,0.0540508827137447
484,Truck transportation,2016,165.5,165500000.0,345.2,345200000.0,99.653,99653.0,163.4,0.01285189718482238,0.008511112010687105
484,Truck transportation,2017,178.0,178000000.0,367.2,367200000.0,100.0,100000.0,165.5,0.07552870090634434,0.003482082827411137
484,Truck transportation,2018,177.8,177800000.0,378.0,378000000.0,107.662,107662.0,178.0,-0.0011235955056179137,0.07662000000000013
484,Truck transportation,2019,176.1,176100000.0,376.0,376000000.0,112.091,112091.0,177.8,-0.009561304836895435,0.04113800598168327
484,Truck transportation,2020,173.5,173500000.0,380.7,380700000.0,113.42,113420.0,176.1,-0.014764338444065883,0.011856438072637587
484,Truck transportation,2021,190.2,190200000.0,402.2,402200000.0,121.558,121558.0,173.5,0.09625360230547542,0.07175101393052374
484,Truck transportation,2022,170.6,170600000.0,398.4,398400000.0,152.132,152132.0,190.2,-0.10304942166140907,0.2515177939748927
484,Truck transportation,2023,170.7,170700000.0,380.5,380500000.0,150.493,150493.0,170.6,0.0005861664712778492,-0.010773538768963808
484,Truck transportation,2024,180.5,180500000.0,383.3,383300000.0,142.605,142605.0,170.7,0.057410661980082045,-0.05241439801186765
484,Truck transportation,2025,181.5,181500000.0,383.3,383300000.0,144.47,144470.0,180.5,0.005540166204986097,0.013078082816170511
485,Transit and ground passenger transportation,1997,29.3,29300000.0,44.0,44000000.0,51.562,51562.0,,,
485,Transit and ground passenger transportation,1998,30.2,30200000.0,47.5,47500000.0,53.491,53491.0,29.3,0.030716723549488067,0.03741127186687865
485,Transit and ground passenger transportation,1999,33.9,33900000.0,47.2,47200000.0,52.191,52191.0,30.2,0.1225165562913908,-0.024303153801573996
485,Transit and ground passenger transportation,2000,35.3,35300000.0,45.5,45500000.0,52.3,52300.0,33.9,0.041297935103244754,0.0020884826885860797
485,Transit and ground passenger transportation,2001,35.0,35000000.0,45.5,45500000.0,54.357,54357.0,35.3,-0.008498583569405027,0.03933078393881462
485,Transit and ground passenger transportation,2002,34.5,34500000.0,45.3,45300000.0,56.364,56364.0,35.0,-0.014285714285714235,0.036922567470610845
485,Transit and ground passenger transportation,2003,35.7,35700000.0,43.8,43800000.0,60.054,60054.0,34.5,0.034782608695652195,0.0654673195656803
485,Transit and ground passenger transportation,2004,36.5,36500000.0,49.6,49600000.0,63.188,63188.0,35.7,0.022408963585434094,0.052186365604289575
485,Transit and ground passenger transportation,2005,36.0,36000000.0,52.9,52900000.0,65.437,65437.0,36.5,-0.013698630136986356,0.03559220105083227
485,Transit and ground passenger transportation,2006,37.5,37500000.0,57.7,57700000.0,68.954,68954.0,36.0,0.04166666666666674,0.05374635145254203
485,Transit and ground passenger transportation,2007,38.3,38300000.0,60.2,60200000.0,68.621,68621.0,37.5,0.021333333333333204,-0.00482930649418456
485,Transit and ground passenger transportation,2008,39.2,39200000.0,57.5,57500000.0,71.745,71745.0,38.3,0.023498694516971508,0.0455254222468342
485,Transit and ground passenger transportation,2009,36.8,36800000.0,54.5,54500000.0,79.807,79807.0,39.2,-0.061224489795918546,0.11237020001393816
485,Transit and ground passenger transportation,2010,37.7,37700000.0,52.4,52400000.0,83.379,83379.0,36.8,0.0244565217391306,0.04475797862342912
485,Transit and ground passenger transportation,2011,39.3,39300000.0,54.5,54500000.0,87.066,87066.0,37.7,0.04244031830238715,0.044219767567373
485,Transit and ground passenger transportation,2012,41.4,41400000.0,55.5,55500000.0,88.083,88083.0,39.3,0.05343511450381677,0.011680793880504359
485,Transit and ground passenger transportation,2013,41.2,41200000.0,59.5,59500000.0,91.469,91469.0,41.4,-0.004830917874396046,0.038441015860041006
485,Transit and ground passenger transportation,2014,43.6,43600000.0,66.3,66300000.0,91.768,91768.0,41.2,0.058252427184465994,0.003268867047852453
485,Transit and ground passenger transportation,2015,42.9,42900000.0,69.3,69300000.0,96.268,96268.0,43.6,-0.016055045871559703,0.04903670124662196
485,Transit and ground passenger transportation,2016,41.5,41500000.0,69.1,69100000.0,99.735,99735.0,42.9,-0.03263403263403264,0.03601404412681264
485,Transit and ground passenger transportation,2017,43.4,43400000.0,78.3,78300000.0,100.0,100000.0,41.5,0.04578313253012034,0.002657041159071616
485,Transit and ground passenger transportation,2018,46.8,46800000.0,94.2,94200000.0,98.383,98383.0,43.4,0.07834101382488479,-0.016170000000000018
485,Transit and ground passenger transportation,2019,55.4,55400000.0,107.7,107700000.0,98.044,98044.0,46.8,0.18376068376068377,-0.00344571724789855
485,Transit and ground passenger transportation,2020,43.5,43500000.0,73.2,73200000.0,93.728,93728.0,55.4,-0.21480144404332124,-0.04402105177267357
485,Transit and ground passenger transportation,2021,49.4,49400000.0,85.4,85400000.0,95.284,95284.0,43.5,0.13563218390804588,0.016601229088426317
485,Transit and ground passenger transportation,2022,62.5,62500000.0,113.6,113600000.0,92.749,92749.0,49.4,0.2651821862348178,-0.026604676545905037
485,Transit and ground passenger transportation,2023,75.2,75200000.0,137.5,137500000.0,94.641,94641.0,62.5,0.20320000000000005,0.020399141769722684
485,Transit and ground passenger transportation,2024,91.0,91000000.0,168.7,168700000.0,92.189,92189.0,75.2,0.2101063829787233,-0.02590843292019329
485,Transit and ground passenger transportation,2025,102.4,102400000.0,187.0,187000000.0,89.156,89156.0,91.0,0.12527472527472527,-0.03289980366421141
486,Pipeline transportation,1997,11.2,11200000.0,43.0,43000000.0,62.293,62293.0,,,
486,Pipeline transportation,1998,17.9,17900000.0,44.5,44500000.0,54.899,54899.0,11.2,0.5982142857142856,-0.11869712487759454
486,Pipeline transportation,1999,20.1,20100000.0,45.0,45000000.0,51.952,51952.0,17.9,0.1229050279329611,-0.05368039490701115
486,Pipeline transportation,2000,18.0,18000000.0,41.7,41700000.0,52.014,52014.0,20.1,-0.10447761194029859,0.0011934093008931779
486,Pipeline transportation,2001,30.6,30600000.0,39.6,39600000.0,52.527,52527.0,18.0,0.7000000000000002,0.009862729265197823
486,Pipeline transportation,2002,18.7,18700000.0,38.2,38200000.0,53.583,53583.0,30.6,-0.38888888888888895,0.020103946541778495
486,Pipeline transportation,2003,19.5,19500000.0,37.7,37700000.0,53.071,53071.0,18.7,0.04278074866310155,-0.00955526939514395
486,Pipeline transportation,2004,19.5,19500000.0,37.3,37300000.0,54.465,54465.0,19.5,0.0,0.0262666993273164
486,Pipeline transportation,2005,18.0,18000000.0,35.6,35600000.0,54.793,54793.0,19.5,-0.07692307692307687,0.006022216102083755
486,Pipeline transportation,2006,17.3,17300000.0,35.1,35100000.0,62.032,62032.0,18.0,-0.03888888888888886,0.13211541620279954
486,Pipeline transportation,2007,19.3,19300000.0,35.5,35500000.0,67.232,67232.0,17.3,0.11560693641618491,0.08382770183131294
486,Pipeline transportation,2008,23.0,23000000.0,40.7,40700000.0,70.791,70791.0,19.3,0.1917098445595855,0.052936101856258855
486,Pipeline transportation,2009,20.3,20300000.0,36.0,36000000.0,72.088,72088.0,23.0,-0.11739130434782608,0.01832153804862191
486,Pipeline transportation,2010,25.2,25200000.0,38.1,38100000.0,80.248,80248.0,20.3,0.2413793103448274,0.11319498390855642
486,Pipeline transportation,2011,25.5,25500000.0,40.9,40900000.0,84.584,84584.0,25.2,0.011904761904761862,0.05403249925231779
486,Pipeline transportation,2012,29.3,29300000.0,41.8,41800000.0,86.432,86432.0,25.5,0.1490196078431374,0.021848103660266682
486,Pipeline transportation,2013,29.1,29100000.0,42.1,42100000.0,92.896,92896.0,29.3,-0.0068259385665528916,0.07478711588300624
486,Pipeline transportation,2014,32.1,32100000.0,44.8,44800000.0,94.103,94103.0,29.1,0.10309278350515472,0.012993024457457647
486,Pipeline transportation,2015,39.3,39300000.0,47.2,47200000.0,93.676,93676.0,32.1,0.22429906542056055,-0.0045375811610680605
486,Pipeline transportation,2016,39.9,39900000.0,46.2,46200000.0,98.237,98237.0,39.3,0.01526717557251911,0.0486890985951578
486,Pipeline transportation,2017,41.0,41000000.0,48.1,48100000.0,100.0,100000.0,39.9,0.027568922305764465,0.017946394942842447
486,Pipeline transportation,2018,43.3,43300000.0,54.2,54200000.0,101.757,101757.0,41.0,0.056097560975609584,0.017570000000000086
486,Pipeline transportation,2019,35.0,35000000.0,55.9,55900000.0,111.091,111091.0,43.3,-0.19168591224018472,0.0917283331859231
486,Pipeline transportation,2020,32.8,32799999.999999996,51.8,51800000.0,117.517,117517.0,35.0,-0.06285714285714294,0.05784446984904279
486,Pipeline transportation,2021,34.3,34300000.0,52.8,52800000.0,122.281,122281.0,32.8,0.0457317073170731,0.040538815660712935
486,Pipeline transportation,2022,32.8,32799999.999999996,52.0,52000000.0,132.271,132271.0,34.3,-0.04373177842565601,0.08169707477040578
486,Pipeline transportation,2023,33.4,33400000.0,51.2,51200000.0,139.515,139515.0,32.8,0.018292682926829285,0.05476635090080206
486,Pipeline transportation,2024,34.5,34500000.0,51.8,51800000.0,140.555,140555.0,33.4,0.03293413173652704,0.0074543955847043986
486,Pipeline transportation,2025,35.6,35600000.0,53.3,53300000.0,143.98,143980.0,34.5,0.03188405797101446,0.024367685247767668
487OS,Other transportation and support activities,1997,111.1,111100000.0,151.8,151800000.0,50.272,50272.0,,,
487OS,Other transportation and support activities,1998,118.7,118700000.0,171.1,171100000.0,50.391,50391.0,111.1,0.06840684068406855,0.0023671228516868315
487OS,Other transportation and support activities,1999,113.3,113300000.0,185.3,185300000.0,51.311,51311.0,118.7,-0.04549283909014323,0.018257228473338438
487OS,Other transportation and support activities,2000,122.3,122300000.0,194.4,194400000.0,53.828,53828.0,113.3,0.07943512797881724,0.049053809124749215
487OS,Other transportation and support activities,2001,123.2,123200000.0,194.9,194900000.0,56.094,56094.0,122.3,0.007358953393295176,0.04209704986252505
487OS,Other transportation and support activities,2002,125.7,125700000.0,199.1,199100000.0,57.052,57052.0,123.2,0.02029220779220786,0.017078475416265615
487OS,Other transportation and support activities,2003,127.2,127200000.0,201.9,201900000.0,57.609,57609.0,125.7,0.01193317422434359,0.009763023206899035
487OS,Other transportation and support activities,2004,135.7,135700000.0,211.9,211900000.0,59.65,59650.0,127.2,0.06682389937106903,0.03542849207589094
487OS,Other transportation and support activities,2005,145.2,145200000.0,217.4,217400000.0,61.144,61144.0,135.7,0.07000736919675754,0.02504610226320203
487OS,Other transportation and support activities,2006,148.1,148100000.0,228.9,228900000.0,63.879,63879.0,145.2,0.019972451790633672,0.04473047232762006
487OS,Other transportation and support activities,2007,132.2,132199999.99999999,233.3,233300000.0,68.033,68033.0,148.1,-0.1073598919648886,0.06502919582335354
487OS,Other transportation and support activities,2008,132.8,132800000.00000001,219.4,219400000.0,71.083,71083.0,132.2,0.004538577912254427,0.04483118486616777
487OS,Other transportation and support activities,2009,117.8,117800000.0,195.2,195200000.0,72.701,72701.0,132.8,-0.11295180722891573,0.022762123151808478
487OS,Other transportation and support activities,2010,118.1,118100000.0,198.6,198600000.0,76.647,76647.0,117.8,0.002546689303905003,0.0542771076051225
487OS,Other transportation and support activities,2011,115.4,115400000.0,201.8,201800000.0,81.481,81481.0,118.1,-0.022861981371718798,0.06306835231646368
487OS,Other transportation and support activities,2012,111.1,111100000.0,203.9,203900000.0,85.486,85486.0,115.4,-0.0372616984402081,0.04915256317423711
487OS,Other transportation and support activities,2013,111.3,111300000.0,207.7,207700000.0,89.035,89035.0,111.1,0.0018001800180018623,0.041515569800902874
487OS,Other transportation and support activities,2014,112.1,112100000.0,218.1,218100000.0,92.591,92591.0,111.3,0.007187780772686336,0.03993934969394064
487OS,Other transportation and support activities,2015,117.5,117500000.0,227.9,227900000.0,97.337,97337.0,112.1,0.04817127564674406,0.051257681632124186
487OS,Other transportation and support activities,2016,121.1,121100000.0,234.0,234000000.0,98.348,98348.0,117.5,0.030638297872340292,0.010386595025529743
487OS,Other transportation and support activities,2017,125.0,125000000.0,238.7,238700000.0,100.0,100000.0,121.1,0.03220478943022309,0.01679749461097324
487OS,Other transportation and support activities,2018,129.8,129800000.00000001,247.6,247600000.0,102.99,102990.0,125.0,0.03839999999999999,0.029900000000000038
487OS,Other transportation and support activities,2019,133.5,133500000.0,247.6,247600000.0,107.905,107905.0,129.8,0.028505392912172578,0.04772307991067093
487OS,Other transportation and support activities,2020,149.0,149000000.0,269.6,269600000.0,109.491,109491.0,133.5,0.11610486891385774,0.014698114081831193
487OS,Other transportation and support activities,2021,151.7,151700000.0,287.0,287000000.0,129.339,129339.0,149.0,0.018120805369127524,0.18127517330191512
487OS,Other transportation and support activities,2022,152.4,152400000.0,289.5,289500000.0,142.23,142230.0,151.7,0.004614370468029039,0.099668313501728
487OS,Other transportation and support activities,2023,164.9,164900000.0,279.7,279700000.0,127.488,127488.0,152.4,0.08202099737532809,-0.10364901919426273
487OS,Other transportation and support activities,2024,153.4,153400000.0,263.1,263100000.00000003,140.914,140914.0,164.9,-0.06973923590054576,0.10531187248995977
487OS,Other transportation and support activities,2025,150.9,150900000.0,257.7,257700000.0,149.781,149781.0,153.4,-0.01629726205997395,0.06292490455171262
48TW,Transportation and warehousing,1997,441.1,441100000.0,834.5,834500000.0,58.317,58317.0,,,
48TW,Transportation and warehousing,1998,464.1,464100000.0,875.2,875200000.0,60.332,60332.0,441.1,0.05214237134436628,0.03455253185177565
48TW,Transportation and warehousing,1999,468.3,468300000.0,900.1,900100000.0,61.951,61951.0,464.1,0.009049773755656076,0.026834847178943244
48TW,Transportation and warehousing,2000,466.6,466600000.0,903.5,903500000.0,65.964,65964.0,468.3,-0.0036301516122143607,0.06477700117835061
48TW,Transportation and warehousing,2001,436.7,436700000.0,858.0,858000000.0,70.529,70529.0,466.6,-0.06408058294042018,0.06920441452913706
48TW,Transportation and warehousing,2002,420.3,420300000.0,850.2,850200000.0,72.721,72721.0,436.7,-0.03755438516143805,0.03107941414170079
48TW,Transportation and warehousing,2003,436.4,436400000.0,872.9,872900000.0,73.64,73640.0,420.3,0.03830597192481555,0.01263733997057237
48TW,Transportation and warehousing,2004,473.3,473300000.0,933.6,933600000.0,74.374,74374.0,436.4,0.08455545371219064,0.00996740901683868
48TW,Transportation and warehousing,2005,496.2,496200000.0,967.0,967000000.0,75.699,75699.0,473.3,0.04838368899218248,0.0178153655847475
48TW,Transportation and warehousing,2006,525.5,525500000.0,1011.6,1011600000.0,78.082,78082.0,496.2,0.0590487706569931,0.03147994028983203
48TW,Transportation and warehousing,2007,523.6,523600000.0,1038.0,1038000000.0,79.071,79071.0,525.5,-0.0036156041864889854,0.012666171460772091
48TW,Transportation and warehousing,2008,519.6,519600000.0,1014.7,1014700000.0,82.18,82180.0,523.6,-0.007639419404125269,0.03931909296708036
48TW,Transportation and warehousing,2009,487.5,487500000.0,911.9,911900000.0,82.952,82952.0,519.6,-0.06177829099307164,0.009394013141883484
48TW,Transportation and warehousing,2010,514.4,514400000.0,965.5,965500000.0,84.272,84272.0,487.5,0.05517948717948706,0.0159128170508247
48TW,Transportation and warehousing,2011,525.2,525200000.00000006,1024.0,1024000000.0,86.166,86166.0,514.4,0.020995334370140117,0.02247484336434402
48TW,Transportation and warehousing,2012,531.0,531000000.0,1046.2,1046200000.0,89.139,89139.0,525.2,0.011043412033511002,0.03450316830304301
48TW,Transportation and warehousing,2013,547.7,547700000.0,1073.0,1073000000.0,90.81,90810.0,531.0,0.03145009416195865,0.01874600343284083
48TW,Transportation and warehousing,2014,569.7,569700000.0,1131.5,1131500000.0,93.653,93653.0,547.7,0.04016797516888815,0.031307124765995065
48TW,Transportation and warehousing,2015,591.1,591100000.0,1157.7,1157700000.0,98.794,98794.0,569.7,0.037563629980691626,0.054894130460316104
48TW,Transportation and warehousing,2016,603.8,603800000.0,1171.7,1171700000.0,99.86,99860.0,591.1,0.021485366266283057,0.010790128955199707
48TW,Transportation and warehousing,2017,635.5,635500000.0,1226.9,1226900000.0,100.0,100000.0,603.8,0.0525008280887711,0.0014019627478469854
48TW,Transportation and warehousing,2018,657.6,657600000.0,1284.3,1284300000.0,102.988,102988.0,635.5,0.03477576711250996,0.029879999999999907
48TW,Transportation and warehousing,2019,658.9,658900000.0,1306.7,1306700000.0,107.745,107745.0,657.6,0.001976885644768833,0.04618984736085752
48TW,Transportation and warehousing,2020,604.4,604400000.0,1155.4,1155400000.0,105.826,105826.0,658.9,-0.08271361359842166,-0.017810571256206886
48TW,Transportation and warehousing,2021,691.4,691400000.0,1280.8,1280800000.0,112.713,112713.0,604.4,0.1439444076770351,0.06507852512615053
48TW,Transportation and warehousing,2022,695.0,695000000.0,1362.4,1362400000.0,131.238,131238.0,691.4,0.005206826728377134,0.16435548694471813
48TW,Transportation and warehousing,2023,712.7,712700000.0,1347.1,1347100000.0,132.75,132750.0,695.0,0.025467625899280533,0.01152105335344955
48TW,Transportation and warehousing,2024,734.4,734400000.0,1376.0,1376000000.0,134.435,134435.0,712.7,0.03044759365792049,0.012693032015065997
48TW,Transportation and warehousing,2025,746.1,746100000.0,1398.0,1398000000.0,137.226,137226.0,734.4,0.015931372549019773,0.020760962546955808
493,Warehousing and storage,1997,22.0,22000000.0,32.0,32000000.0,95.292,95292.0,,,
493,Warehousing and storage,1998,25.7,25700000.0,34.4,34400000.0,96.543,96543.0,22.0,0.1681818181818182,0.013128069512655882
493,Warehousing and storage,1999,24.9,24900000.0,36.5,36500000.0,99.031,99031.0,25.7,-0.0311284046692607,0.025770900013465603
493,Warehousing and storage,2000,26.5,26500000.0,39.0,39000000.0,100.642,100642.0,24.9,0.06425702811244993,0.01626763336732928
493,Warehousing and storage,2001,25.2,25200000.0,41.1,41100000.0,102.529,102529.0,26.5,-0.049056603773584895,0.018749627392142365
493,Warehousing and storage,2002,25.5,25500000.0,44.3,44300000.0,103.93,103930.0,25.2,0.011904761904761862,0.013664426650020989
493,Warehousing and storage,2003,27.4,27400000.0,49.9,49900000.0,104.871,104871.0,25.5,0.07450980392156858,0.009054171076686046
493,Warehousing and storage,2004,32.1,32100000.0,54.3,54300000.0,104.767,104767.0,27.4,0.17153284671532854,-0.0009916945580761283
493,Warehousing and storage,2005,36.6,36600000.0,57.9,57900000.0,103.936,103936.0,32.1,0.14018691588785037,-0.007931886949134603
493,Warehousing and storage,2006,39.3,39300000.0,66.3,66300000.0,103.826,103826.0,36.6,0.07377049180327866,-0.0010583435960592746
493,Warehousing and storage,2007,37.2,37200000.0,70.8,70800000.0,110.857,110857.0,39.3,-0.05343511450381666,0.06771906844143083
493,Warehousing and storage,2008,39.4,39400000.0,75.9,75900000.0,114.942,114942.0,37.2,0.05913978494623651,0.03684927429030194
493,Warehousing and storage,2009,38.8,38800000.0,77.1,77100000.0,116.504,116504.0,39.4,-0.015228426395939132,0.013589462511527595
493,Warehousing and storage,2010,40.5,40500000.0,88.1,88100000.0,111.65,111650.0,38.8,0.04381443298969079,-0.04166380553457394
493,Warehousing and storage,2011,42.8,42800000.0,99.0,99000000.0,105.634,105634.0,40.5,0.05679012345679002,-0.05388266905508288
493,Warehousing and storage,2012,47.1,47100000.0,112.9,112900000.0,100.261,100261.0,42.8,0.10046728971962637,-0.05086430505329731
493,Warehousing and storage,2013,49.6,49600000.0,115.9,115900000.0,94.663,94663.0,47.1,0.05307855626326963,-0.055834272548648034
493,Warehousing and storage,2014,51.3,51300000.0,116.5,116500000.0,91.967,91967.0,49.6,0.03427419354838701,-0.028479976337111634
493,Warehousing and storage,2015,52.9,52900000.0,116.0,116000000.0,96.739,96739.0,51.3,0.031189083820662766,0.051888177280981385
493,Warehousing and storage,2016,57.6,57600000.0,121.4,121400000.0,98.643,98643.0,52.9,0.08884688090737236,0.019681824290100236
493,Warehousing and storage,2017,61.1,61100000.0,123.8,123800000.0,100.0,100000.0,57.6,0.06076388888888884,0.013756678122117227
493,Warehousing and storage,2018,66.8,66800000.0,125.2,125200000.0,102.733,102733.0,61.1,0.09328968903436974,0.027330000000000076
493,Warehousing and storage,2019,71.6,71600000.0,130.2,130199999.99999999,102.402,102402.0,66.8,0.0718562874251496,-0.003221944263284482
493,Warehousing and storage,2020,79.6,79600000.0,132.9,132900000.0,102.576,102576.0,71.6,0.1117318435754191,0.0016991855627819241
493,Warehousing and storage,2021,94.4,94400000.0,143.9,143900000.0,106.115,106115.0,79.6,0.18592964824120628,0.034501247855248884
493,Warehousing and storage,2022,93.4,93400000.0,141.6,141600000.0,123.567,123567.0,94.4,-0.010593220338983023,0.16446308250482966
493,Warehousing and storage,2023,81.4,81400000.0,131.6,131600000.0,144.23,144230.0,93.4,-0.12847965738758027,0.16722102179384457
493,Warehousing and storage,2024,84.1,84100000.0,131.2,131199999.99999999,152.416,152416.0,81.4,0.03316953316953297,0.056756569368370036
493,Warehousing and storage,2025,84.2,84200000.0,134.5,134500000.0,157.981,157981.0,84.1,0.0011890606420927874,0.03651191475960536
4A0,Other retail,1997,337.4,337400000.0,542.2,542200000.0,86.177,86177.0,,,
4A0,Other retail,1998,381.3,381300000.0,582.3,582300000.0,83.626,83626.0,337.4,0.13011262596324857,-0.029601865927103566
4A0,Other retail,1999,395.3,395300000.0,612.9,612900000.0,83.143,83143.0,381.3,0.03671649619721995,-0.005775715686509031
4A0,Other retail,2000,410.6,410600000.0,648.3,648300000.0,85.42,85420.0,395.3,0.038704781178851455,0.027386550882215088
4A0,Other retail,2001,435.8,435800000.0,646.4,646400000.0,84.461,84461.0,410.6,0.0613735996103264,-0.011226878951065333
4A0,Other retail,2002,457.7,457700000.0,686.9,686900000.0,81.237,81237.0,435.8,0.05025240936209263,-0.038171463752501245
4A0,Other retail,2003,488.1,488100000.0,731.7,731700000.0,80.84,80840.0,457.7,0.06641905178064245,-0.004886935755874733
4A0,Other retail,2004,498.6,498600000.0,779.3,779300000.0,82.413,82413.0,488.1,0.021511985248924503,0.01945818901533891
4A0,Other retail,2005,524.7,524700000.00000006,810.8,810800000.0,83.645,83645.0,498.6,0.05234657039711199,0.014949097836506331
4A0,Other retail,2006,535.3,535299999.99999994,839.8,839800000.0,85.86,85860.0,524.7,0.02020202020202011,0.026480961205092912
4A0,Other retail,2007,509.9,509900000.0,827.0,827000000.0,89.795,89795.0,535.3,-0.04745002802167009,0.04583042161658524
4A0,Other retail,2008,497.2,497200000.0,776.3,776300000.0,90.433,90433.0,509.9,-0.024906844479309687,0.007105072665515966
4A0,Other retail,2009,477.3,477300000.0,727.6,727600000.0,92.519,92519.0,497.2,-0.040024135156878526,0.023066800835978007
4A0,Other retail,2010,496.2,496200000.0,760.0,760000000.0,91.619,91619.0,477.3,0.039597737272155875,-0.00972773160107665
4A0,Other retail,2011,502.4,502400000.0,781.9,781900000.0,92.858,92858.0,496.2,0.012494961708988228,0.01352339580218076
4A0,Other retail,2012,521.3,521299999.99999994,815.8,815800000.0,94.398,94398.0,502.4,0.037619426751592355,0.016584462297271063
4A0,Other retail,2013,539.6,539600000.0,853.7,853700000.0,97.176,97176.0,521.3,0.035104546326491626,0.029428589588762488
4A0,Other retail,2014,550.8,550800000.0,883.9,883900000.0,98.329,98329.0,539.6,0.02075611564121549,0.011865069564501507
4A0,Other retail,2015,578.7,578700000.0,929.8,929800000.0,99.509,99509.0,550.8,0.050653594771242094,0.012000528836864088
4A0,Other retail,2016,608.8,608800000.0,971.1,971100000.0,99.556,99556.0,578.7,0.052013132884050295,0.0004723190867157445
4A0,Other retail,2017,629.0,629000000.0,1008.0,1008000000.0,100.0,100000.0,608.8,0.033180026281208974,0.004459801518743145
4A0,Other retail,2018,659.6,659600000.0,1057.6,1057599999.9999999,100.247,100247.0,629.0,0.048648648648648596,0.0024699999999999722
4A0,Other retail,2019,676.4,676400000.0,1076.4,1076400000.0,102.223,102223.0,659.6,0.02546998180715576,0.01971131305674989
4A0,Other retail,2020,666.9,666900000.0,1088.3,1088300000.0,108.796,108796.0,676.4,-0.014044943820224698,0.06430059771284347
4A0,Other retail,2021,704.5,704500000.0,1251.7,1251700000.0,119.17,119170.0,666.9,0.05638026690658271,0.09535277032243838
4A0,Other retail,2022,739.9,739900000.0,1281.6,1281600000.0,121.168,121168.0,704.5,0.050248403122782115,0.01676596458840307
4A0,Other retail,2023,801.7,801700000.0,1298.2,1298200000.0,122.441,122441.0,739.9,0.08352480064873635,0.010506074211012795
4A0,Other retail,2024,827.5,827500000.0,1316.3,1316300000.0,124.703,124703.0,801.7,0.032181614070101006,0.0184742039022876
4A0,Other retail,2025,836.6,836600000.0,1344.4,1344400000.0,128.812,128812.00000000001,827.5,0.010996978851963712,0.03295028988877591
51,Information,1997,290.4,290400000.0,671.2,671200000.0,135.694,135694.0,,,
51,Information,1998,323.6,323600000.0,746.0,746000000.0,134.327,134327.0,290.4,0.11432506887052352,-0.01007413739737928
51,Information,1999,363.5,363500000.0,843.9,843900000.0,133.505,133505.0,323.6,0.12330037082818279,-0.00611939520721827
51,Information,2000,357.2,357200000.0,931.1,931100000.0,131.908,131908.0,363.5,-0.017331499312242094,-0.01196209879779786
51,Information,2001,381.3,381300000.0,957.4,957400000.0,131.724,131724.0,357.2,0.06746920492721165,-0.0013949116050580024
51,Information,2002,418.3,418300000.0,968.8,968800000.0,131.622,131622.0,381.3,0.09703645423551,-0.0007743463605719425
51,Information,2003,433.9,433900000.0,971.2,971200000.0,130.183,130183.0,418.3,0.037293808271575246,-0.01093282278038643
51,Information,2004,486.7,486700000.0,1009.2,1009200000.0,127.461,127461.0,433.9,0.12168702466005987,-0.020909028060499435
51,Information,2005,521.7,521700000.00000006,1066.6,1066599999.9999999,123.061,123061.0,486.7,0.07191288267926876,-0.03452036309145534
51,Information,2006,542.4,542400000.0,1118.6,1118600000.0,120.19,120190.0,521.7,0.03967797584818844,-0.023329893304946392
51,Information,2007,601.3,601300000.0,1158.5,1158500000.0,117.678,117678.0,542.4,0.10859144542772858,-0.020900241284632637
51,Information,2008,642.3,642300000.0,1192.8,1192800000.0,115.807,115807.0,601.3,0.06818559787127887,-0.015899318479239866
51,Information,2009,625.9,625900000.0,1172.5,1172500000.0,115.264,115264.0,642.3,-0.025533239919040884,-0.0046888357353183086
51,Information,2010,670.8,670800000.0,1229.7,1229700000.0,112.536,112536.0,625.9,0.07173669915321934,-0.02366740699611325
51,Information,2011,685.0,685000000.0,1286.0,1286000000.0,111.395,111395.0,670.8,0.02116875372689342,-0.01013897774934247
51,Information,2012,689.5,689500000.0,1337.8,1337800000.0,110.612,110612.0,685.0,0.006569343065693456,-0.007029040800754061
51,Information,2013,762.7,762700000.0,1394.4,1394400000.0,109.532,109532.0,689.5,0.10616388687454692,-0.009763859255776941
51,Information,2014,786.8,786800000.0,1476.4,1476400000.0,107.876,107876.0,762.7,0.03159826930641141,-0.015118869371507748
51,Information,2015,870.6,870600000.0,1562.6,1562600000.0,104.879,104879.0,786.8,0.10650737163192692,-0.027781897734435845
51,Information,2016,948.0,948000000.0,1678.2,1678200000.0,102.84,102840.0,870.6,0.08890420399724319,-0.019441451577532187
51,Information,2017,1010.0,1010000000.0,1763.3,1763300000.0,100.0,100000.0,948.0,0.06540084388185652,-0.027615713730066105
51,Information,2018,1066.0,1066000000.0,1887.1,1887100000.0,97.693,97693.0,1010.0,0.055445544554455495,-0.023070000000000035
51,Information,2019,1177.7,1177700000.0,1968.5,1968500000.0,97.02,97020.0,1066.0,0.1047842401500938,-0.006888927558781122
51,Information,2020,1226.6,1226600000.0,2033.3,2033300000.0,96.352,96352.0,1177.7,0.04152160991763587,-0.006885178313749685
51,Information,2021,1393.6,1393600000.0,2271.7,2271700000.0,94.19,94190.0,1226.6,0.13614870373389865,-0.022438558618399274
51,Information,2022,1496.3,1496300000.0,2428.7,2428700000.0,92.458,92458.0,1393.6,0.07369402985074625,-0.018388363945217145
51,Information,2023,1616.5,1616500000.0,2525.9,2525900000.0,92.252,92252.0,1496.3,0.08033148432800918,-0.002228038677020927
51,Information,2024,1704.3,1704300000.0,2629.8,2629800000.0,93.449,93449.0,1616.5,0.05431487782245581,0.012975328448163737
51,Information,2025,1840.4,1840400000.0,2808.1,2808100000.0,92.111,92111.0,1704.3,0.07985683271724464,-0.014317970229750898
511,"Publishing industries, except internet (includes software)",1997,77.8,77800000.0,184.3,184300000.0,122.822,122822.0,,,
511,"Publishing industries, except internet (includes software)",1998,87.7,87700000.0,207.5,207500000.0,121.258,121258.0,77.8,0.12724935732647813,-0.012733875038673959
511,"Publishing industries, except internet (includes software)",1999,111.2,111200000.0,228.8,228800000.0,123.079,123079.0,87.7,0.2679589509692133,0.015017565851325188
511,"Publishing industries, except internet (includes software)",2000,90.6,90600000.0,244.7,244700000.0,124.287,124287.0,111.2,-0.18525179856115115,0.009814834374670012
511,"Publishing industries, except internet (includes software)",2001,88.0,88000000.0,243.6,243600000.0,126.568,126568.0,90.6,-0.028697571743929284,0.018352683707869577
511,"Publishing industries, except internet (includes software)",2002,103.6,103600000.0,246.0,246000000.0,128.401,128401.00000000001,88.0,0.17727272727272725,0.014482333607231057
511,"Publishing industries, except internet (includes software)",2003,113.0,113000000.0,245.4,245400000.0,125.415,125415.0,103.6,0.09073359073359089,-0.023255270597581035
511,"Publishing industries, except internet (includes software)",2004,129.3,129300000.00000001,265.7,265700000.0,120.928,120928.0,113.0,0.14424778761061963,-0.035777219630825696
511,"Publishing industries, except internet (includes software)",2005,139.7,139700000.0,276.0,276000000.0,120.253,120253.0,129.3,0.08043310131477166,-0.005581833818470439
511,"Publishing industries, except internet (includes software)",2006,130.5,130500000.0,283.5,283500000.0,120.523,120523.0,139.7,-0.06585540443808158,0.002245266230364251
511,"Publishing industries, except internet (includes software)",2007,156.1,156100000.0,290.3,290300000.0,118.307,118307.0,130.5,0.19616858237547885,-0.01838653203123053
511,"Publishing industries, except internet (includes software)",2008,153.9,153900000.0,289.6,289600000.0,118.016,118016.0,156.1,-0.014093529788597015,-0.0024597022999484075
511,"Publishing industries, except internet (includes software)",2009,145.5,145500000.0,269.0,269000000.0,117.281,117281.0,153.9,-0.05458089668615984,-0.00622796908893708
511,"Publishing industries, except internet (includes software)",2010,158.3,158300000.0,275.4,275400000.0,112.897,112897.0,145.5,0.08797250859106542,-0.03738030883092747
511,"Publishing industries, except internet (includes software)",2011,165.9,165900000.0,284.6,284600000.0,111.519,111519.0,158.3,0.04801010739102973,-0.012205815920706464
511,"Publishing industries, except internet (includes software)",2012,174.1,174100000.0,285.9,285900000.0,109.062,109062.0,165.9,0.04942736588306196,-0.022032120087160156
511,"Publishing industries, except internet (includes software)",2013,183.2,183200000.0,301.6,301600000.0,107.052,107052.0,174.1,0.052268811028144624,-0.0184298839192385
511,"Publishing industries, except internet (includes software)",2014,193.6,193600000.0,318.4,318400000.0,105.295,105295.0,183.2,0.05676855895196509,-0.016412584538355257
511,"Publishing industries, except internet (includes software)",2015,201.8,201800000.0,323.7,323700000.0,103.558,103558.0,193.6,0.0423553719008265,-0.016496509805783655
511,"Publishing industries, except internet (includes software)",2016,216.0,216000000.0,355.3,355300000.0,101.847,101847.0,201.8,0.07036669970267595,-0.0165221421811933
511,"Publishing industries, except internet (includes software)",2017,236.0,236000000.0,385.3,385300000.0,100.0,100000.0,216.0,0.09259259259259256,-0.01813504570581359
511,"Publishing industries, except internet (includes software)",2018,253.0,253000000.0,404.4,404400000.0,97.497,97497.0,236.0,0.07203389830508478,-0.025029999999999997
511,"Publishing industries, except internet (includes software)",2019,286.5,286500000.0,422.2,422200000.0,97.174,97174.0,253.0,0.1324110671936758,-0.0033129224488958053
511,"Publishing industries, except internet (includes software)",2020,312.7,312700000.0,448.7,448700000.0,96.999,96999.0,286.5,0.09144851657940656,-0.0018008932430486624
511,"Publishing industries, except internet (includes software)",2021,372.7,372700000.0,506.7,506700000.0,94.481,94481.0,312.7,0.19187719859290064,-0.025959030505469105
511,"Publishing industries, except internet (includes software)",2022,399.1,399100000.0,567.3,567300000.0,91.466,91466.0,372.7,0.07083445130131483,-0.03191117790878595
511,"Publishing industries, except internet (includes software)",2023,441.0,441000000.0,606.1,606100000.0,92.309,92309.0,399.1,0.10498621899273353,0.009216539479150798
511,"Publishing industries, except internet (includes software)",2024,462.3,462300000.0,641.2,641200000.0,95.766,95766.0,441.0,0.048299319727891143,0.037450302787377154
511,"Publishing industries, except internet (includes software)",2025,503.6,503600000.0,710.8,710800000.0,95.148,95148.0,462.3,0.08933592905040011,-0.0064532297475096145
512,Motion picture and sound recording industries,1997,34.4,34400000.0,94.8,94800000.0,117.279,117279.0,,,
512,Motion picture and sound recording industries,1998,41.9,41900000.0,102.1,102100000.0,116.682,116682.0,34.4,0.21802325581395343,-0.005090425395850917
512,Motion picture and sound recording industries,1999,51.0,51000000.0,108.5,108500000.0,118.351,118351.0,41.9,0.21718377088305485,0.014303834353199374
512,Motion picture and sound recording industries,2000,45.2,45200000.0,116.8,116800000.0,119.876,119876.0,51.0,-0.11372549019607836,0.012885400207856446
512,Motion picture and sound recording industries,2001,53.5,53500000.0,121.1,121100000.0,122.071,122071.0,45.2,0.1836283185840708,0.018310587607194062
512,Motion picture and sound recording industries,2002,59.1,59100000.0,123.5,123500000.0,121.204,121204.0,53.5,0.1046728971962616,-0.0071024239991480664
512,Motion picture and sound recording industries,2003,56.7,56700000.0,129.4,129400000.0,120.958,120958.0,59.1,-0.040609137055837574,-0.0020296359856110113
512,Motion picture and sound recording industries,2004,61.3,61300000.0,126.9,126900000.0,121.486,121486.0,56.7,0.08112874779541435,0.004365151540204115
512,Motion picture and sound recording industries,2005,54.1,54100000.0,131.9,131900000.0,116.478,116478.0,61.3,-0.11745513866231638,-0.04122285695471095
512,Motion picture and sound recording industries,2006,61.1,61100000.0,135.9,135900000.0,110.416,110416.0,54.1,0.12939001848428844,-0.052044162846202724
512,Motion picture and sound recording industries,2007,70.5,70500000.0,136.4,136400000.0,108.537,108537.0,61.1,0.15384615384615374,-0.017017461237501696
512,Motion picture and sound recording industries,2008,74.5,74500000.0,130.4,130400000.0,107.179,107179.0,70.5,0.05673758865248235,-0.012511862314233846
512,Motion picture and sound recording industries,2009,82.1,82100000.0,129.5,129500000.0,100.154,100154.0,74.5,0.10201342281879189,-0.06554455630300715
512,Motion picture and sound recording industries,2010,90.8,90800000.0,135.1,135100000.0,100.558,100558.0,82.1,0.10596833130328864,0.004033787966531754
512,Motion picture and sound recording industries,2011,85.4,85400000.0,134.0,134000000.0,99.733,99733.0,90.8,-0.05947136563876643,-0.008204220449889665
512,Motion picture and sound recording industries,2012,81.4,81400000.0,134.5,134500000.0,101.762,101762.0,85.4,-0.04683840749414525,0.020344319332618044
512,Motion picture and sound recording industries,2013,84.0,84000000.0,139.6,139600000.0,99.761,99761.0,81.4,0.03194103194103182,-0.01966352862561671
512,Motion picture and sound recording industries,2014,84.7,84700000.0,141.2,141200000.0,98.841,98841.0,84.0,0.008333333333333304,-0.009222040677218546
512,Motion picture and sound recording industries,2015,91.9,91900000.0,148.4,148400000.0,97.624,97624.0,84.7,0.0850059031877215,-0.012312704242166683
512,Motion picture and sound recording industries,2016,96.1,96100000.0,150.1,150100000.0,100.744,100744.0,91.9,0.04570184983677894,0.03195935425714991
512,Motion picture and sound recording industries,2017,97.7,97700000.0,150.7,150700000.0,100.0,100000.0,96.1,0.01664932362122795,-0.007385055189390921
512,Motion picture and sound recording industries,2018,93.2,93200000.0,160.5,160500000.0,100.498,100498.0,97.7,-0.04605936540429889,0.0049799999999999844
512,Motion picture and sound recording industries,2019,89.9,89900000.0,166.3,166300000.0,98.449,98449.0,93.2,-0.035407725321888406,-0.02038846544209838
512,Motion picture and sound recording industries,2020,79.0,79000000.0,147.9,147900000.0,96.029,96029.0,89.9,-0.12124582869855405,-0.02458125526922572
512,Motion picture and sound recording industries,2021,97.5,97500000.0,168.1,168100000.0,95.446,95446.0,79.0,0.23417721518987333,-0.006071082693769547
512,Motion picture and sound recording industries,2022,116.2,116200000.0,187.8,187800000.0,98.593,98593.0,97.5,0.19179487179487187,0.032971523164931016
512,Motion picture and sound recording industries,2023,116.2,116200000.0,197.0,197000000.0,97.994,97994.0,116.2,0.0,-0.006075482032192991
512,Motion picture and sound recording industries,2024,117.2,117200000.0,194.6,194600000.0,101.84,101840.0,116.2,0.008605851979345935,0.03924730085515438
512,Motion picture and sound recording industries,2025,119.4,119400000.0,199.7,199700000.0,99.728,99728.0,117.2,0.018771331058020424,-0.020738413197172068
513,Broadcasting and telecommunications,1997,144.2,144200000.0,342.6,342600000.0,156.89,156890.0,,,
513,Broadcasting and telecommunications,1998,156.5,156500000.0,382.4,382400000.0,154.517,154517.0,144.2,0.08529819694868257,-0.015125246988335728
513,Broadcasting and telecommunications,1999,170.0,170000000.0,438.6,438600000.0,150.804,150804.0,156.5,0.08626198083067083,-0.024029718412860723
513,Broadcasting and telecommunications,2000,189.1,189100000.0,494.6,494600000.0,146.399,146399.0,170.0,0.11235294117647054,-0.029210100527837457
513,Broadcasting and telecommunications,2001,195.0,195000000.0,514.5,514500000.0,144.297,144297.0,189.1,0.03120042305658388,-0.014358021571185597
513,Broadcasting and telecommunications,2002,195.8,195800000.0,514.9,514900000.0,143.44,143440.0,195.0,0.004102564102564266,-0.005939139413847827
513,Broadcasting and telecommunications,2003,202.2,202200000.0,511.1,511100000.0,142.223,142223.0,195.8,0.03268641470888656,-0.008484383714444932
513,Broadcasting and telecommunications,2004,223.3,223300000.0,523.8,523799999.99999994,139.32,139320.0,202.2,0.10435212660731952,-0.02041160712402368
513,Broadcasting and telecommunications,2005,254.6,254600000.0,559.3,559300000.0,131.384,131384.0,223.3,0.14017017465293313,-0.05696238874533455
513,Broadcasting and telecommunications,2006,269.1,269100000.0,589.1,589100000.0,126.436,126436.0,254.6,0.056952081696779455,-0.03766059794191057
513,Broadcasting and telecommunications,2007,302.4,302400000.0,610.8,610800000.0,123.661,123661.0,269.1,0.12374581939799323,-0.0219478629504255
513,Broadcasting and telecommunications,2008,325.4,325400000.0,633.5,633500000.0,120.446,120446.0,302.4,0.07605820105820116,-0.025998495887951778
513,Broadcasting and telecommunications,2009,309.3,309300000.0,631.0,631000000.0,121.098,121098.0,325.4,-0.04947756607252607,0.005413214220480578
513,Broadcasting and telecommunications,2010,318.7,318700000.0,657.1,657100000.0,117.836,117836.0,309.3,0.030391205948916866,-0.02693686105468296
513,Broadcasting and telecommunications,2011,315.8,315800000.0,679.8,679800000.0,116.475,116475.0,318.7,-0.00909946658299332,-0.011549950779048856
513,Broadcasting and telecommunications,2012,321.8,321800000.0,698.2,698200000.0,115.711,115711.0,315.8,0.01899936668777702,-0.006559347499463408
513,Broadcasting and telecommunications,2013,354.9,354900000.0,715.1,715100000.0,115.377,115377.0,321.8,0.1028589185829707,-0.0028865017154808825
513,Broadcasting and telecommunications,2014,353.8,353800000.0,757.8,757800000.0,113.271,113271.0,354.9,-0.003099464637926097,-0.01825320471151093
513,Broadcasting and telecommunications,2015,403.5,403500000.0,802.7,802700000.0,108.053,108053.0,353.8,0.14047484454494064,-0.04606651305276732
513,Broadcasting and telecommunications,2016,439.6,439600000.0,849.7,849700000.0,104.584,104584.0,403.5,0.08946716232961593,-0.03210461532766318
513,Broadcasting and telecommunications,2017,462.1,462100000.0,862.0,862000000.0,100.0,100000.0,439.6,0.0511828935395815,-0.043830796297712915
513,Broadcasting and telecommunications,2018,482.4,482400000.0,885.1,885100000.0,98.406,98406.0,462.1,0.04392988530621067,-0.015939999999999954
513,Broadcasting and telecommunications,2019,514.0,514000000.0,891.3,891300000.0,97.586,97586.0,482.4,0.06550580431177444,-0.008332825234233732
513,Broadcasting and telecommunications,2020,502.0,502000000.0,890.8,890800000.0,97.045,97045.0,514.0,-0.023346303501945553,-0.005543828008115925
513,Broadcasting and telecommunications,2021,525.3,525299999.99999994,929.5,929500000.0,94.875,94875.0,502.0,0.046414342629482075,-0.022360760471946017
513,Broadcasting and telecommunications,2022,518.6,518600000.0,930.7,930700000.0,93.932,93932.0,525.3,-0.012754616409670572,-0.009939393939393915
513,Broadcasting and telecommunications,2023,528.9,528900000.0,918.3,918300000.0,94.369,94369.0,518.6,0.019861164674122467,0.004652301665034164
513,Broadcasting and telecommunications,2024,528.4,528400000.0,899.7,899700000.0,94.926,94926.0,528.9,-0.0009453582907922309,0.005902362004471806
513,Broadcasting and telecommunications,2025,539.2,539200000.0,901.5,901500000.0,93.923,93923.0,528.4,0.020439061317184093,-0.010566125192254971
514,"Data processing, internet publishing, and other information services",1997,30.9,30900000.0,49.2,49200000.0,103.6,103600.0,,,
514,"Data processing, internet publishing, and other information services",1998,35.3,35300000.0,53.1,53100000.0,106.329,106329.0,30.9,0.14239482200647235,0.026341698841698902
514,"Data processing, internet publishing, and other information services",1999,29.3,29300000.0,66.0,66000000.0,108.41,108410.0,35.3,-0.16997167138810187,0.01957133049309223
514,"Data processing, internet publishing, and other information services",2000,25.2,25200000.0,71.7,71700000.0,108.91,108910.0,29.3,-0.13993174061433455,0.004612120653076257
514,"Data processing, internet publishing, and other information services",2001,40.4,40400000.0,74.5,74500000.0,109.543,109543.0,25.2,0.6031746031746033,0.005812138462951255
514,"Data processing, internet publishing, and other information services",2002,59.3,59300000.0,81.5,81500000.0,109.63,109630.0,40.4,0.4678217821782178,0.0007942086669161519
514,"Data processing, internet publishing, and other information services",2003,61.4,61400000.0,82.9,82900000.0,109.075,109075.0,59.3,0.03541315345699836,-0.005062482897017162
514,"Data processing, internet publishing, and other information services",2004,73.1,73100000.0,90.9,90900000.0,107.255,107255.0,61.4,0.19055374592833862,-0.016685766674306768
514,"Data processing, internet publishing, and other information services",2005,70.7,70700000.0,97.0,97000000.0,108.018,108018.0,73.1,-0.03283173734610112,0.00711388746445385
514,"Data processing, internet publishing, and other information services",2006,79.7,79700000.0,107.8,107800000.0,109.04,109040.0,70.7,0.12729844413012725,0.00946138606528546
514,"Data processing, internet publishing, and other information services",2007,68.2,68200000.0,118.7,118700000.0,106.182,106182.0,79.7,-0.14429109159347553,-0.026210564930300828
514,"Data processing, internet publishing, and other information services",2008,85.4,85400000.0,137.3,137300000.0,106.034,106034.0,68.2,0.25219941348973607,-0.0013938332297376288
514,"Data processing, internet publishing, and other information services",2009,87.6,87600000.0,141.9,141900000.0,107.295,107295.0,85.4,0.025761124121779666,0.011892411867891362
514,"Data processing, internet publishing, and other information services",2010,103.2,103200000.0,161.3,161300000.0,106.106,106106.0,87.6,0.17808219178082196,-0.011081597464933202
514,"Data processing, internet publishing, and other information services",2011,118.3,118300000.0,186.8,186800000.0,105.681,105681.0,103.2,0.14631782945736438,-0.004005428533730426
514,"Data processing, internet publishing, and other information services",2012,111.8,111800000.0,218.9,218900000.0,105.276,105276.0,118.3,-0.05494505494505497,-0.003832287733840478
514,"Data processing, internet publishing, and other information services",2013,140.3,140300000.0,238.1,238100000.0,104.1,104100.0,111.8,0.2549194991055457,-0.011170637182263743
514,"Data processing, internet publishing, and other information services",2014,155.6,155600000.0,258.8,258800000.0,103.224,103224.0,140.3,0.10905203136136832,-0.008414985590778024
514,"Data processing, internet publishing, and other information services",2015,173.4,173400000.0,287.6,287600000.0,102.869,102869.0,155.6,0.11439588688946034,-0.003439122684646967
514,"Data processing, internet publishing, and other information services",2016,196.2,196200000.0,322.9,322900000.0,101.089,101089.0,173.4,0.1314878892733562,-0.017303560839514343
514,"Data processing, internet publishing, and other information services",2017,214.2,214200000.0,365.2,365200000.0,100.0,100000.0,196.2,0.09174311926605516,-0.010772685455390785
514,"Data processing, internet publishing, and other information services",2018,237.8,237800000.0,437.5,437500000.0,95.228,95228.0,214.2,0.1101774042950514,-0.047720000000000096
514,"Data processing, internet publishing, and other information services",2019,288.7,288700000.0,490.1,490100000.0,94.958,94958.0,237.8,0.21404541631623197,-0.002835300541857433
514,"Data processing, internet publishing, and other information services",2020,335.4,335400000.0,548.3,548300000.0,94.083,94083.0,288.7,0.16175961205403522,-0.009214600139008877
514,"Data processing, internet publishing, and other information services",2021,401.6,401600000.0,671.4,671400000.0,91.9,91900.0,335.4,0.19737626714370915,-0.02320291657366358
514,"Data processing, internet publishing, and other information services",2022,467.3,467300000.0,749.0,749000000.0,89.178,89178.0,401.6,0.1635956175298805,-0.029619151251360276
514,"Data processing, internet publishing, and other information services",2023,538.5,538500000.0,813.2,813200000.0,87.505,87505.0,467.3,0.15236464797774452,-0.018760232344300132
514,"Data processing, internet publishing, and other information services",2024,608.5,608500000.0,907.1,907100000.0,86.951,86951.0,538.5,0.12999071494893233,-0.006331066796183116
514,"Data processing, internet publishing, and other information services",2025,695.0,695000000.0,1013.3,1013300000.0,84.97,84970.0,608.5,0.14215283483977004,-0.022782946717116448
52,Finance and insurance,1997,883.7,883700000.0,1510.0,1510000000.0,65.314,65313.99999999999,,,
52,Finance and insurance,1998,975.8,975800000.0,1667.0,1667000000.0,65.378,65378.0,883.7,0.10422088944211816,0.000979881801757676
52,Finance and insurance,1999,1064.3,1064300000.0,1879.4,1879400000.0,63.363,63363.0,975.8,0.09069481451117034,-0.030820765395087046
52,Finance and insurance,2000,1163.0,1163000000.0,2103.8,2103800000.0000002,64.005,64004.99999999999,1064.3,0.0927370102414733,0.010132096018180992
52,Finance and insurance,2001,1222.0,1222000000.0,2043.7,2043700000.0,65.49,65489.99999999999,1163.0,0.050730868443680244,0.02320131239746903
52,Finance and insurance,2002,1208.9,1208900000.0,2035.0,2035000000.0,66.926,66926.0,1222.0,-0.01072013093289681,0.02192701175752032
52,Finance and insurance,2003,1190.7,1190700000.0,2078.6,2078600000.0,70.82,70820.0,1208.9,-0.015055008685581961,0.05818366554104526
52,Finance and insurance,2004,1201.2,1201200000.0,2170.7,2170700000.0,72.696,72696.0,1190.7,0.008818342151675429,0.0264896921773512
52,Finance and insurance,2005,1310.1,1310100000.0,2291.8,2291800000.0,74.61,74610.0,1201.2,0.09065934065934056,0.026328821393199142
52,Finance and insurance,2006,1359.2,1359200000.0,2390.6,2390600000.0,77.127,77127.0,1310.1,0.037478055110297115,0.0337354242058705
52,Finance and insurance,2007,1303.5,1303500000.0,2496.6,2496600000.0,78.985,78985.0,1359.2,-0.04097998822836968,0.024090137046689275
52,Finance and insurance,2008,1133.5,1133500000.0,2472.9,2472900000.0,76.867,76867.0,1303.5,-0.13041810510164942,-0.02681521807938214
52,Finance and insurance,2009,1408.9,1408900000.0,2502.7,2502700000.0,68.634,68634.0,1133.5,0.24296426996030007,-0.10710708106209432
52,Finance and insurance,2010,1344.2,1344200000.0,2415.8,2415800000.0,73.889,73889.0,1408.9,-0.045922350770104314,0.07656555060174242
52,Finance and insurance,2011,1354.5,1354500000.0,2449.1,2449100000.0,75.492,75492.0,1344.2,0.0076625502157416925,0.02169470421849007
52,Finance and insurance,2012,1492.9,1492900000.0,2583.3,2583300000.0,78.333,78333.0,1354.5,0.10217792543373938,0.03763312668892049
52,Finance and insurance,2013,1400.2,1400200000.0,2649.7,2649700000.0,82.382,82382.0,1492.9,-0.062093911179583405,0.05168958165779447
52,Finance and insurance,2014,1480.5,1480500000.0,2725.4,2725400000.0,87.517,87517.0,1400.2,0.05734895014997865,0.06233157728630023
52,Finance and insurance,2015,1534.9,1534900000.0,2770.1,2770100000.0,90.596,90596.0,1480.5,0.036744343127322,0.03518173611983966
52,Finance and insurance,2016,1541.8,1541800000.0,2739.3,2739300000.0,95.66,95660.0,1534.9,0.004495406866896756,0.05589650757207809
52,Finance and insurance,2017,1508.0,1508000000.0,2807.7,2807700000.0,100.0,100000.0,1541.8,-0.021922428330522714,0.04536901526238757
52,Finance and insurance,2018,1471.8,1471800000.0,2790.3,2790300000.0,106.999,106999.0,1508.0,-0.024005305039787816,0.06999
52,Finance and insurance,2019,1523.2,1523200000.0,2815.1,2815100000.0,108.476,108476.0,1471.8,0.03492322326403041,0.013803867325862917
52,Finance and insurance,2020,1556.3,1556300000.0,2886.9,2886900000.0,110.445,110445.0,1523.2,0.021730567226890596,0.01815148051181814
52,Finance and insurance,2021,1641.6,1641600000.0,2970.5,2970500000.0,113.446,113446.0,1556.3,0.05480948403264141,0.027171895513603994
52,Finance and insurance,2022,1646.9,1646900000.0,2969.3,2969300000.0,120.385,120385.0,1641.6,0.003228557504873386,0.0611656647215415
52,Finance and insurance,2023,1625.0,1625000000.0,3161.0,3161000000.0,127.74,127740.0,1646.9,-0.013297710850689204,0.06109565145159279
52,Finance and insurance,2024,1627.2,1627200000.0,3245.3,3245300000.0,136.991,136991.0,1625.0,0.001353846153846261,0.07242054172537982
52,Finance and insurance,2025,1682.7,1682700000.0,3307.3,3307300000.0,145.091,145091.0,1627.2,0.03410766961651923,0.059127971910563515
521CI,"Federal Reserve banks, credit intermediation, and related activities",1997,394.9,394900000.0,651.6,651600000.0,59.032,59032.0,,,
521CI,"Federal Reserve banks, credit intermediation, and related activities",1998,456.6,456600000.0,712.1,712100000.0,58.465,58465.0,394.9,0.1562420866042038,-0.009604960021682984
521CI,"Federal Reserve banks, credit intermediation, and related activities",1999,542.8,542800000.0,810.0,810000000.0,55.727,55727.0,456.6,0.18878668418747258,-0.04683143761224673
521CI,"Federal Reserve banks, credit intermediation, and related activities",2000,545.5,545500000.0,856.0,856000000.0,58.907,58907.0,542.8,0.004974207811348608,0.057063900802124534
521CI,"Federal Reserve banks, credit intermediation, and related activities",2001,539.4,539400000.0,852.4,852400000.0,62.188,62188.0,545.5,-0.011182401466544478,0.05569796458824938
521CI,"Federal Reserve banks, credit intermediation, and related activities",2002,600.8,600800000.0,891.1,891100000.0,63.288,63288.0,539.4,0.1138301816833518,0.01768829999356769
521CI,"Federal Reserve banks, credit intermediation, and related activities",2003,580.4,580400000.0,882.3,882300000.0,68.702,68702.0,600.8,-0.03395472703062574,0.08554544305397549
521CI,"Federal Reserve banks, credit intermediation, and related activities",2004,539.6,539600000.0,888.8,888800000.0,69.385,69385.0,580.4,-0.07029634734665735,0.009941486419609458
521CI,"Federal Reserve banks, credit intermediation, and related activities",2005,583.0,583000000.0,923.7,923700000.0,71.022,71022.0,539.6,0.08042994810971082,0.023592995604237332
521CI,"Federal Reserve banks, credit intermediation, and related activities",2006,570.6,570600000.0,917.9,917900000.0,75.273,75273.0,583.0,-0.02126929674099487,0.05985469291205536
521CI,"Federal Reserve banks, credit intermediation, and related activities",2007,526.9,526900000.0,907.8,907800000.0,77.214,77214.0,570.6,-0.07658604977216976,0.02578613845602007
521CI,"Federal Reserve banks, credit intermediation, and related activities",2008,562.7,562700000.0,903.4,903400000.0,73.825,73825.0,526.9,0.06794458151451899,-0.04389100422203218
521CI,"Federal Reserve banks, credit intermediation, and related activities",2009,692.0,692000000.0,1046.3,1046300000.0,59.099,59099.0,562.7,0.22978496534565473,-0.19947172367084332
521CI,"Federal Reserve banks, credit intermediation, and related activities",2010,636.1,636100000.0,953.8,953800000.0,65.948,65948.0,692.0,-0.08078034682080926,0.11589028579163774
521CI,"Federal Reserve banks, credit intermediation, and related activities",2011,703.2,703200000.0,948.8,948800000.0,65.635,65635.0,636.1,0.10548655871718293,-0.00474616364408309
521CI,"Federal Reserve banks, credit intermediation, and related activities",2012,758.9,758900000.0,1006.2,1006200000.0,68.48,68480.0,703.2,0.07920932878270759,0.043345775881770354
521CI,"Federal Reserve banks, credit intermediation, and related activities",2013,702.7,702700000.0,1025.1,1025099999.9999999,72.583,72583.0,758.9,-0.07405455264198169,0.05991530373831777
521CI,"Federal Reserve banks, credit intermediation, and related activities",2014,724.1,724100000.0,1045.9,1045900000.0000001,77.7,77700.0,702.7,0.030453963284474028,0.07049860160092591
521CI,"Federal Reserve banks, credit intermediation, and related activities",2015,714.5,714500000.0,1043.7,1043700000.0,81.931,81931.0,724.1,-0.013257837315287957,0.05445302445302436
521CI,"Federal Reserve banks, credit intermediation, and related activities",2016,682.5,682500000.0,1043.3,1043300000.0,91.165,91165.0,714.5,-0.04478656403079073,0.11270459288913859
521CI,"Federal Reserve banks, credit intermediation, and related activities",2017,648.9,648900000.0,1057.9,1057900000.0000001,100.0,100000.0,682.5,-0.0492307692307693,0.09691219217901592
521CI,"Federal Reserve banks, credit intermediation, and related activities",2018,622.9,622900000.0,1032.6,1032599999.9999999,110.23,110230.0,648.9,-0.040067807058098315,0.10230000000000006
521CI,"Federal Reserve banks, credit intermediation, and related activities",2019,651.4,651400000.0,1014.3,1014300000.0,113.616,113616.0,622.9,0.045753732541338854,0.03071759049260625
521CI,"Federal Reserve banks, credit intermediation, and related activities",2020,695.9,695900000.0,1052.7,1052700000.0,111.051,111051.0,651.4,0.06831439975437514,-0.022576045627376362
521CI,"Federal Reserve banks, credit intermediation, and related activities",2021,740.5,740500000.0,1061.4,1061400000.0000001,113.994,113994.0,695.9,0.06408966805575522,0.02650133722343795
521CI,"Federal Reserve banks, credit intermediation, and related activities",2022,687.2,687200000.0,981.3,981300000.0,132.112,132112.0,740.5,-0.07197839297771769,0.15893818972928386
521CI,"Federal Reserve banks, credit intermediation, and related activities",2023,665.2,665200000.0,1023.9,1023900000.0,142.317,142317.0,687.2,-0.032013969732246794,0.07724506479350857
521CI,"Federal Reserve banks, credit intermediation, and related activities",2024,669.9,669900000.0,1007.9,1007900000.0,151.251,151251.0,665.2,0.0070655441972338195,0.06277535361200703
521CI,"Federal Reserve banks, credit intermediation, and related activities",2025,695.5,695500000.0,1025.6,1025599999.9999999,157.159,157159.0,669.9,0.03821465890431419,0.03906089877091712
523,"Securities, commodity contracts, and investments",1997,185.7,185700000.0,303.9,303900000.0,65.323,65322.99999999999,,,
523,"Securities, commodity contracts, and investments",1998,188.9,188900000.0,366.1,366100000.0,64.118,64117.99999999999,185.7,0.017232094776521434,-0.018446795156376705
523,"Securities, commodity contracts, and investments",1999,202.7,202700000.0,460.9,460900000.0,59.462,59462.0,188.9,0.07305452620434072,-0.07261611403973911
523,"Securities, commodity contracts, and investments",2000,255.1,255100000.0,596.5,596500000.0,52.281,52281.0,202.7,0.25851011346817954,-0.12076620362584511
523,"Securities, commodity contracts, and investments",2001,371.5,371500000.0,531.7,531700000.00000006,50.525,50525.0,255.1,0.4562916503332026,-0.033587727855243776
523,"Securities, commodity contracts, and investments",2002,316.7,316700000.0,482.2,482200000.0,51.35,51350.0,371.5,-0.1475100942126515,0.016328550222661997
523,"Securities, commodity contracts, and investments",2003,283.0,283000000.0,507.2,507200000.0,51.811,51811.0,316.7,-0.10640985159456895,0.00897760467380726
523,"Securities, commodity contracts, and investments",2004,285.2,285200000.0,538.7,538700000.0,56.004,56004.0,283.0,0.007773851590106018,0.08092876030186646
523,"Securities, commodity contracts, and investments",2005,330.5,330500000.0,572.7,572700000.0,59.217,59217.0,285.2,0.15883590462833097,0.05737090207842299
523,"Securities, commodity contracts, and investments",2006,371.3,371300000.0,647.3,647300000.0,61.153,61153.0,330.5,0.12344931921331326,0.032693314419845576
523,"Securities, commodity contracts, and investments",2007,309.9,309900000.0,685.4,685400000.0,66.567,66567.0,371.3,-0.1653649340156209,0.0885320425817211
523,"Securities, commodity contracts, and investments",2008,155.0,155000000.0,626.3,626300000.0,64.468,64468.0,309.9,-0.49983865763149404,-0.03153214055012232
523,"Securities, commodity contracts, and investments",2009,357.8,357800000.0,643.5,643500000.0,53.215,53215.0,155.0,1.3083870967741937,-0.17455171557982252
523,"Securities, commodity contracts, and investments",2010,330.3,330300000.0,625.7,625700000.0,59.548,59548.0,357.8,-0.07685858021240921,0.11900779855303956
523,"Securities, commodity contracts, and investments",2011,260.8,260800000.0,588.0,588000000.0,66.504,66504.0,330.3,-0.21041477444747203,0.11681332706388137
523,"Securities, commodity contracts, and investments",2012,330.9,330900000.0,601.3,601300000.0,70.366,70366.0,260.8,0.2687883435582821,0.05807169493564279
523,"Securities, commodity contracts, and investments",2013,308.9,308900000.0,594.6,594600000.0,79.853,79853.0,330.9,-0.06648534300392872,0.13482363641531414
523,"Securities, commodity contracts, and investments",2014,248.5,248500000.0,583.2,583200000.0,91.782,91782.0,308.9,-0.19553253480090638,0.14938699860994586
523,"Securities, commodity contracts, and investments",2015,245.5,245500000.0,572.4,572400000.0,94.218,94218.0,248.5,-0.012072434607645843,0.02654115185984196
523,"Securities, commodity contracts, and investments",2016,274.6,274600000.0,554.5,554500000.0,94.05,94050.0,245.5,0.1185336048879837,-0.0017830987709355206
523,"Securities, commodity contracts, and investments",2017,283.4,283400000.0,549.3,549300000.0,100.0,100000.0,274.6,0.03204661325564451,0.06326422115895802
523,"Securities, commodity contracts, and investments",2018,273.6,273600000.0,550.9,550900000.0,106.606,106606.0,283.4,-0.03458009880028212,0.06606000000000001
523,"Securities, commodity contracts, and investments",2019,257.4,257399999.99999997,569.6,569600000.0,108.408,108408.0,273.6,-0.0592105263157896,0.0169033637881546
523,"Securities, commodity contracts, and investments",2020,271.2,271200000.0,584.3,584300000.0,114.391,114391.0,257.4,0.053613053613053685,0.055189653900081126
523,"Securities, commodity contracts, and investments",2021,273.6,273600000.0,603.8,603800000.0,130.905,130905.0,271.2,0.00884955752212413,0.14436450420050528
523,"Securities, commodity contracts, and investments",2022,302.6,302600000.0,626.6,626600000.0,115.403,115403.0,273.6,0.10599415204678353,-0.11842175623543783
523,"Securities, commodity contracts, and investments",2023,309.2,309200000.0,711.0,711000000.0,115.462,115462.0,302.6,0.021810971579643068,0.0005112518738681349
523,"Securities, commodity contracts, and investments",2024,310.6,310600000.0,748.5,748500000.0,127.542,127542.0,309.2,0.004527813712807305,0.10462316606329347
523,"Securities, commodity contracts, and investments",2025,327.0,327000000.0,790.4,790400000.0,142.478,142478.0,310.6,0.05280103026400518,0.1171065217732199
524,Insurance carriers and related activities,1997,281.1,281100000.0,471.1,471100000.0,76.693,76693.0,,,
524,Insurance carriers and related activities,1998,304.4,304400000.0,496.0,496000000.0,77.765,77765.0,281.1,0.08288865172536442,0.013977807622599148
524,Insurance carriers and related activities,1999,301.1,301100000.0,512.3,512299999.99999994,77.853,77853.0,304.4,-0.010840998685939351,0.001131614479521481
524,Insurance carriers and related activities,2000,349.3,349300000.0,544.6,544600000.0,78.564,78564.0,301.1,0.16007970773829294,0.009132596046395047
524,Insurance carriers and related activities,2001,327.0,327000000.0,556.8,556800000.0,80.112,80112.0,349.3,-0.0638419696535929,0.019703681075301738
524,Insurance carriers and related activities,2002,305.2,305200000.0,568.8,568800000.0,82.32,82320.0,327.0,-0.06666666666666665,0.02756141402037149
524,Insurance carriers and related activities,2003,327.2,327200000.0,602.1,602100000.0,85.766,85766.0,305.2,0.07208387942332894,0.04186103012633646
524,Insurance carriers and related activities,2004,365.3,365300000.0,643.3,643300000.0,88.202,88202.0,327.2,0.11644254278728616,0.028402863605624606
524,Insurance carriers and related activities,2005,388.5,388500000.0,688.5,688500000.0,89.65,89650.0,365.3,0.0635094442923625,0.016416861295662333
524,Insurance carriers and related activities,2006,412.2,412200000.0,715.5,715500000.0,90.373,90373.0,388.5,0.061003861003861015,0.00806469604015625
524,Insurance carriers and related activities,2007,449.9,449900000.0,774.2,774200000.0,90.261,90261.0,412.2,0.09146045608927711,-0.0012393082004582556
524,Insurance carriers and related activities,2008,392.5,392500000.0,801.6,801600000.0,89.022,89022.0,449.9,-0.1275839075350077,-0.01372685877621549
524,Insurance carriers and related activities,2009,398.8,398800000.0,711.4,711400000.0,91.71,91710.0,392.5,0.01605095541401269,0.030194783311990214
524,Insurance carriers and related activities,2010,400.2,400200000.0,719.1,719100000.0,93.314,93314.0,398.8,0.0035105315947843163,0.017489913858903083
524,Insurance carriers and related activities,2011,406.1,406100000.0,779.2,779200000.0,94.917,94917.0,400.2,0.014742628685657344,0.01717855841567184
524,Insurance carriers and related activities,2012,423.5,423500000.0,844.9,844900000.0,96.074,96074.0,406.1,0.04284658950997278,0.01218959722705093
524,Insurance carriers and related activities,2013,401.4,401400000.0,875.4,875400000.0,96.735,96735.0,423.5,-0.05218417945690679,0.006880113246039432
524,Insurance carriers and related activities,2014,500.3,500300000.0,935.9,935900000.0,98.608,98608.0,401.4,0.24638764324862983,0.01936217501421411
524,Insurance carriers and related activities,2015,566.3,566300000.0,976.8,976800000.0,99.869,99869.0,500.3,0.131920847491505,0.01278800908648381
524,Insurance carriers and related activities,2016,581.3,581300000.0,981.6,981600000.0,100.972,100972.0,566.3,0.026487727352993096,0.011044468253411877
524,Insurance carriers and related activities,2017,568.9,568900000.0,1043.1,1043099999.9999999,100.0,100000.0,581.3,-0.021331498365731894,-0.009626431089806986
524,Insurance carriers and related activities,2018,575.2,575200000.0,1066.0,1066000000.0,103.547,103547.0,568.9,0.01107400246088952,0.03546999999999989
524,Insurance carriers and related activities,2019,614.5,614500000.0,1096.9,1096900000.0,102.745,102745.0,575.2,0.06832406119610557,-0.0077452750924700275
524,Insurance carriers and related activities,2020,587.8,587800000.0,1111.6,1111600000.0,107.958,107958.0,614.5,-0.04344995931651752,0.05073726215387597
524,Insurance carriers and related activities,2021,607.8,607800000.0,1162.6,1162600000.0,104.884,104884.0,587.8,0.0340251786321879,-0.028474036199262698
524,Insurance carriers and related activities,2022,662.3,662300000.0,1233.6,1233600000.0,106.982,106982.0,607.8,0.08966765383349795,0.020003050989664706
524,Insurance carriers and related activities,2023,659.3,659300000.0,1273.2,1273200000.0,113.703,113703.0,662.3,-0.004529669334138564,0.06282365257706912
524,Insurance carriers and related activities,2024,655.3,655300000.0,1319.3,1319300000.0,120.837,120837.0,659.3,-0.00606704080084941,0.06274240785203555
524,Insurance carriers and related activities,2025,657.4,657400000.0,1315.6,1315600000.0,128.213,128213.0,655.3,0.0032046390965969618,0.061040906344910884
525,"Funds, trusts, and other financial vehicles",1997,5.7,5700000.0,99.1,99100000.0,124.589,124589.0,,,
525,"Funds, trusts, and other financial vehicles",1998,8.5,8500000.0,112.4,112400000.0,154.278,154278.0,5.7,0.49122807017543857,0.23829551565547513
525,"Funds, trusts, and other financial vehicles",1999,9.6,9600000.0,126.4,126400000.0,175.86,175860.0,8.5,0.12941176470588234,0.13989032784972588
525,"Funds, trusts, and other financial vehicles",2000,6.5,6500000.0,146.1,146100000.0,235.937,235937.0,9.6,-0.32291666666666663,0.3416183327646991
525,"Funds, trusts, and other financial vehicles",2001,6.5,6500000.0,131.6,131600000.0,232.763,232763.0,6.5,0.0,-0.013452743740913875
525,"Funds, trusts, and other financial vehicles",2002,5.9,5900000.0,113.2,113200000.0,254.766,254766.0,6.5,-0.0923076923076922,0.09452962884994598
525,"Funds, trusts, and other financial vehicles",2003,5.8,5800000.0,104.1,104100000.0,296.377,296377.0,5.9,-0.016949152542372947,0.16333027170030556
525,"Funds, trusts, and other financial vehicles",2004,6.3,6300000.0,116.0,116000000.0,268.126,268126.0,5.8,0.0862068965517242,-0.09532116189852802
525,"Funds, trusts, and other financial vehicles",2005,7.4,7400000.0,122.3,122300000.0,260.739,260738.99999999997,6.3,0.17460317460317465,-0.02755047999820981
525,"Funds, trusts, and other financial vehicles",2006,7.6,7600000.0,131.3,131300000.00000001,252.457,252457.0,7.4,0.027027027027026973,-0.031763564330614114
525,"Funds, trusts, and other financial vehicles",2007,5.4,5400000.0,148.7,148700000.0,195.034,195034.0,7.6,-0.2894736842105262,-0.22745655695821465
525,"Funds, trusts, and other financial vehicles",2008,2.6,2600000.0,152.7,152700000.0,247.312,247312.0,5.4,-0.5185185185185186,0.2680455715413723
525,"Funds, trusts, and other financial vehicles",2009,0.4,400000.0,137.6,137600000.0,440.351,440351.0,2.6,-0.8461538461538461,0.7805484570097689
525,"Funds, trusts, and other financial vehicles",2010,3.0,3000000.0,141.3,141300000.0,119.639,119639.0,0.4,6.5,-0.728309916407593
525,"Funds, trusts, and other financial vehicles",2011,9.8,9800000.0,144.9,144900000.0,21.708,21708.0,3.0,2.266666666666667,-0.8185541504024607
525,"Funds, trusts, and other financial vehicles",2012,23.0,23000000.0,139.6,139600000.0,43.628,43628.0,9.8,1.3469387755102038,1.0097659848903633
525,"Funds, trusts, and other financial vehicles",2013,31.5,31500000.0,161.3,161300000.0,26.993,26993.0,23.0,0.36956521739130443,-0.38129183093426244
525,"Funds, trusts, and other financial vehicles",2014,68.3,68300000.0,163.7,163700000.0,17.036,17036.0,31.5,1.168253968253968,-0.3688734116252361
525,"Funds, trusts, and other financial vehicles",2015,33.5,33500000.0,178.0,178000000.0,24.871,24871.0,68.3,-0.5095168374816983,0.4599084292087343
525,"Funds, trusts, and other financial vehicles",2016,4.2,4200000.0,160.7,160700000.0,178.137,178137.0,33.5,-0.8746268656716418,6.162438181014033
525,"Funds, trusts, and other financial vehicles",2017,6.8,6800000.0,157.4,157400000.0,100.0,100000.0,4.2,0.6190476190476188,-0.438634309548269
525,"Funds, trusts, and other financial vehicles",2018,0.6,600000.0,141.4,141400000.0,149.942,149942.0,6.8,-0.9117647058823529,0.49942
525,"Funds, trusts, and other financial vehicles",2019,0.8,800000.0,136.2,136200000.0,214.845,214845.0,0.6,0.3333333333333335,0.4328540368942657
525,"Funds, trusts, and other financial vehicles",2020,0.4,400000.0,139.8,139800000.0,312.501,312501.0,0.8,-0.5,0.45454164630314864
525,"Funds, trusts, and other financial vehicles",2021,12.7,12700000.0,144.9,144900000.0,177.523,177523.0,0.4,30.749999999999996,-0.4319282178297029
525,"Funds, trusts, and other financial vehicles",2022,1.4,1400000.0,138.6,138600000.0,1244.955,1244955.0,12.7,-0.889763779527559,6.012922269227086
525,"Funds, trusts, and other financial vehicles",2023,1.3,1300000.0,162.2,162200000.0,1792.127,1792127.0,1.4,-0.07142857142857129,0.4395114682860024
525,"Funds, trusts, and other financial vehicles",2024,1.2,1200000.0,183.1,183100000.0,2323.579,2323579.0,1.3,-0.07692307692307698,0.296548179900197
525,"Funds, trusts, and other financial vehicles",2025,1.7,1700000.0,186.9,186900000.0,2167.321,2167321.0,1.2,0.41666666666666674,-0.06724884327152214
53,Real estate and rental and leasing,1997,1575.1,1575100000.0,2178.1,2178100000.0,65.719,65719.0,,,
53,Real estate and rental and leasing,1998,1592.5,1592500000.0,2275.2,2275200000.0,67.325,67325.0,1575.1,0.011046917656021948,0.024437377318583753
53,Real estate and rental and leasing,1999,1670.2,1670200000.0,2364.0,2364000000.0,69.517,69517.0,1592.5,0.048791208791208796,0.03255848496100988
53,Real estate and rental and leasing,2000,1717.9,1717900000.0,2480.6,2480600000.0,71.614,71614.0,1670.2,0.028559453957609948,0.03016528331199586
53,Real estate and rental and leasing,2001,1805.7,1805700000.0,2547.4,2547400000.0,73.603,73603.0,1717.9,0.051108912043774435,0.027773898958304066
53,Real estate and rental and leasing,2002,1831.5,1831500000.0,2608.4,2608400000.0,76.488,76488.0,1805.7,0.014288087722212905,0.0391967718707118
53,Real estate and rental and leasing,2003,1871.1,1871100000.0,2720.2,2720200000.0,77.548,77548.0,1831.5,0.021621621621621623,0.013858383014329068
53,Real estate and rental and leasing,2004,1919.5,1919500000.0,2899.7,2899700000.0,79.164,79164.0,1871.1,0.025867136978248162,0.02083870634961582
53,Real estate and rental and leasing,2005,2023.5,2023500000.0,3126.0,3126000000.0,80.744,80744.0,1919.5,0.054180776243813566,0.019958567025415652
53,Real estate and rental and leasing,2006,2047.4,2047400000.0,3149.6,3149600000.0,82.882,82882.0,2023.5,0.011811218186310812,0.02647874764688396
53,Real estate and rental and leasing,2007,2178.3,2178300000.0,3169.5,3169500000.0,84.284,84284.0,2047.4,0.06393474650776598,0.01691561497068128
53,Real estate and rental and leasing,2008,2262.7,2262700000.0,3143.6,3143600000.0,85.953,85953.0,2178.3,0.03874581095349572,0.019802097669783025
53,Real estate and rental and leasing,2009,2205.9,2205900000.0,3039.7,3039700000.0,87.773,87773.0,2262.7,-0.025102753347770235,0.021174362733121566
53,Real estate and rental and leasing,2010,2301.4,2301400000.0,3156.5,3156500000.0,86.784,86784.0,2205.9,0.0432929869894374,-0.011267701912888839
53,Real estate and rental and leasing,2011,2352.8,2352800000.0,3202.5,3202500000.0,87.482,87482.0,2301.4,0.02233423133744683,0.008042957227138547
53,Real estate and rental and leasing,2012,2388.3,2388300000.0,3285.8,3285800000.0,88.754,88754.0,2352.8,0.01508840530431832,0.014540133970416758
53,Real estate and rental and leasing,2013,2455.8,2455800000.0,3403.5,3403500000.0,90.203,90203.0,2388.3,0.028262781057656117,0.01632602474254674
53,Real estate and rental and leasing,2014,2466.6,2466600000.0,3474.0,3474000000.0,92.2,92200.0,2455.8,0.004397752259955867,0.0221389532498919
53,Real estate and rental and leasing,2015,2460.1,2460100000.0,3550.1,3550100000.0,95.039,95039.0,2466.6,-0.002635206356928599,0.030791757049891455
53,Real estate and rental and leasing,2016,2480.9,2480900000.0,3623.0,3623000000.0,97.539,97539.0,2460.1,0.008454940856062798,0.026304990582813437
53,Real estate and rental and leasing,2017,2525.0,2525000000.0,3647.4,3647400000.0,100.0,100000.0,2480.9,0.017775807166753976,0.025230933267718525
53,Real estate and rental and leasing,2018,2622.8,2622800000.0,3734.3,3734300000.0,102.312,102312.0,2525.0,0.03873267326732677,0.02312000000000003
53,Real estate and rental and leasing,2019,2662.2,2662200000.0,3841.7,3841700000.0,105.397,105397.0,2622.8,0.015022113771541834,0.03015286574399889
53,Real estate and rental and leasing,2020,2691.9,2691900000.0,3849.8,3849800000.0,108.29,108290.0,2662.2,0.011156186612576224,0.027448599106236315
53,Real estate and rental and leasing,2021,2855.8,2855800000.0,4206.3,4206300000.0,110.382,110382.0,2691.9,0.06088636279207993,0.01931849662942109
53,Real estate and rental and leasing,2022,3021.9,3021900000.0,4367.8,4367800000.0,114.91,114910.0,2855.8,0.05816233629806011,0.04102118098965413
53,Real estate and rental and leasing,2023,3105.7,3105700000.0,4516.1,4516100000.0,122.602,122602.0,3021.9,0.027730897779542518,0.06693934383430511
53,Real estate and rental and leasing,2024,3167.3,3167300000.0,4576.2,4576200000.0,127.945,127945.0,3105.7,0.01983449785877589,0.04358003947733313
53,Real estate and rental and leasing,2025,3260.1,3260100000.0,4648.4,4648400000.0,130.016,130015.99999999999,3167.3,0.029299403277239122,0.01618664269803438
531,Real estate,1997,1441.7,1441700000.0,1976.0,1976000000.0,64.451,64450.99999999999,,,
531,Real estate,1998,1440.1,1440100000.0,2034.7,2034700000.0,66.603,66603.0,1441.7,-0.0011098009294583377,0.03338970690912468
531,Real estate,1999,1502.3,1502300000.0,2104.2,2104199999.9999998,68.814,68814.0,1440.1,0.04319144503853911,0.033196702851223
531,Real estate,2000,1548.7,1548700000.0,2204.2,2204200000.0,70.673,70673.0,1502.3,0.0308859748385808,0.02701485162902917
531,Real estate,2001,1618.3,1618300000.0,2272.3,2272300000.0,72.963,72963.0,1548.7,0.04494091818944912,0.0324027563567415
531,Real estate,2002,1650.1,1650100000.0,2348.5,2348500000.0,76.027,76027.0,1618.3,0.01965025026262124,0.04199388731274767
531,Real estate,2003,1698.7,1698700000.0,2444.6,2444600000.0,77.031,77031.0,1650.1,0.029452760438761327,0.013205834769226765
531,Real estate,2004,1757.6,1757600000.0,2619.2,2619200000.0,78.565,78565.0,1698.7,0.03467357390946013,0.019914060573015924
531,Real estate,2005,1861.4,1861400000.0,2831.2,2831200000.0,80.088,80088.0,1757.6,0.059057806099226395,0.01938522242728946
531,Real estate,2006,1860.0,1860000000.0,2849.9,2849900000.0,82.199,82199.0,1861.4,-0.0007521220586655941,0.02635850564379183
531,Real estate,2007,2001.9,2001900000.0,2868.5,2868500000.0,83.506,83506.0,1860.0,0.07629032258064528,0.015900436744972657
531,Real estate,2008,2076.0,2076000000.0,2829.7,2829700000.0,85.079,85079.0,2001.9,0.037014835905889276,0.018836969798577297
531,Real estate,2009,2043.2,2043200000.0,2774.5,2774500000.0,86.79,86790.0,2076.0,-0.01579961464354529,0.020110720624361145
531,Real estate,2010,2142.8,2142800000.0000002,2874.8,2874800000.0,85.724,85724.0,2043.2,0.04874706342991386,-0.012282521027768167
531,Real estate,2011,2193.4,2193400000.0,2908.0,2908000000.0,86.391,86391.0,2142.8,0.02361396303901442,0.00778078484438427
531,Real estate,2012,2219.5,2219500000.0,2981.2,2981200000.0,87.675,87675.0,2193.4,0.011899334366736625,0.014862659304788695
531,Real estate,2013,2281.1,2281100000.0,3081.1,3081100000.0,89.18,89180.0,2219.5,0.027753998648344158,0.01716566866267466
531,Real estate,2014,2287.5,2287500000.0,3131.1,3131100000.0,91.304,91304.0,2281.1,0.002805663934067004,0.02381699932720327
531,Real estate,2015,2265.2,2265200000.0,3211.3,3211300000.0,94.501,94501.0,2287.5,-0.009748633879781532,0.035014895294839254
531,Real estate,2016,2272.3,2272300000.0,3277.0,3277000000.0,97.355,97355.0,2265.2,0.0031343810701043306,0.030200738616522615
531,Real estate,2017,2312.8,2312800000.0,3298.7,3298700000.0,100.0,100000.0,2272.3,0.017823350789948567,0.02716860972728674
531,Real estate,2018,2398.0,2398000000.0,3361.8,3361800000.0,102.41,102410.0,2312.8,0.036838464199238974,0.02410000000000001
531,Real estate,2019,2424.2,2424200000.0,3450.8,3450800000.0,105.755,105755.0,2398.0,0.010925771476230084,0.03266282589590852
531,Real estate,2020,2450.8,2450800000.0,3459.7,3459700000.0,108.94,108940.0,2424.2,0.010972692022110486,0.030116779348494216
531,Real estate,2021,2593.9,2593900000.0,3727.1,3727100000.0,110.675,110675.0,2450.8,0.05838909743757137,0.01592619790710481
531,Real estate,2022,2747.8,2747800000.0,3863.5,3863500000.0,114.907,114907.0,2593.9,0.059331508539265165,0.03823808448159016
531,Real estate,2023,2809.2,2809200000.0,3977.7,3977700000.0,122.89,122890.0,2747.8,0.02234514884634975,0.06947357428181045
531,Real estate,2024,2863.1,2863100000.0,4031.3,4031300000.0,128.679,128679.0,2809.2,0.01918695714082297,0.04710716901293832
531,Real estate,2025,2946.6,2946600000.0,4091.7,4091700000.0,130.806,130806.00000000001,2863.1,0.029164192658307497,0.016529503648614163
532RL,Rental and leasing services and lessors of intangible assets,1997,134.0,134000000.0,204.4,204400000.0,79.091,79091.0,,,
532RL,Rental and leasing services and lessors of intangible assets,1998,150.2,150200000.0,239.6,239600000.0,75.24,75240.0,134.0,0.12089552238805967,-0.04869074863132339
532RL,Rental and leasing services and lessors of intangible assets,1999,164.6,164600000.0,258.0,258000000.0,77.298,77298.0,150.2,0.0958721704394141,0.02735247208931435
532RL,Rental and leasing services and lessors of intangible assets,2000,166.4,166400000.0,274.2,274200000.0,81.617,81617.0,164.6,0.010935601458080368,0.05587466687365783
532RL,Rental and leasing services and lessors of intangible assets,2001,183.3,183300000.0,273.6,273600000.0,80.914,80914.0,166.4,0.1015625,-0.008613401619760652
532RL,Rental and leasing services and lessors of intangible assets,2002,178.0,178000000.0,259.6,259600000.00000003,82.247,82247.0,183.3,-0.0289143480632843,0.01647428133573925
532RL,Rental and leasing services and lessors of intangible assets,2003,169.9,169900000.0,275.1,275100000.0,83.841,83841.0,178.0,-0.04550561797752806,0.01938064610259338
532RL,Rental and leasing services and lessors of intangible assets,2004,160.7,160700000.0,280.7,280700000.0,86.321,86321.0,169.9,-0.05414949970570937,0.029579799859257516
532RL,Rental and leasing services and lessors of intangible assets,2005,161.7,161700000.0,295.5,295500000.0,88.541,88541.0,160.7,0.0062227753578096845,0.025717959708529747
532RL,Rental and leasing services and lessors of intangible assets,2006,184.6,184600000.0,300.2,300200000.0,90.986,90986.0,161.7,0.14162028447742747,0.027614325566686748
532RL,Rental and leasing services and lessors of intangible assets,2007,175.8,175800000.0,301.6,301600000.0,93.413,93413.0,184.6,-0.04767063921993486,0.026674433429318745
532RL,Rental and leasing services and lessors of intangible assets,2008,185.8,185800000.0,313.3,313300000.0,96.17,96170.0,175.8,0.056882821387940874,0.02951409332748134
532RL,Rental and leasing services and lessors of intangible assets,2009,164.1,164100000.0,267.9,267899999.99999997,99.254,99254.0,185.8,-0.11679224973089353,0.03206821254029335
532RL,Rental and leasing services and lessors of intangible assets,2010,161.5,161500000.0,283.8,283800000.0,99.269,99269.0,164.1,-0.01584399756246191,0.00015112741048217693
532RL,Rental and leasing services and lessors of intangible assets,2011,162.8,162800000.0,295.8,295800000.0,100.358,100358.0,161.5,0.00804953560371513,0.010970192104282184
532RL,Rental and leasing services and lessors of intangible assets,2012,171.3,171300000.0,305.7,305700000.0,101.452,101452.0,162.8,0.05221130221130221,0.010900974511249606
532RL,Rental and leasing services and lessors of intangible assets,2013,177.1,177100000.0,322.9,322900000.0,102.148,102148.0,171.3,0.033858727378867304,0.006860387178172944
532RL,Rental and leasing services and lessors of intangible assets,2014,181.1,181100000.0,342.1,342100000.0,102.521,102521.0,177.1,0.022586109542631183,0.003651564396757623
532RL,Rental and leasing services and lessors of intangible assets,2015,195.4,195400000.0,338.8,338800000.0,101.018,101018.0,181.1,0.078961899503037,-0.01466041103773863
532RL,Rental and leasing services and lessors of intangible assets,2016,208.6,208600000.0,346.0,346000000.0,99.545,99545.0,195.4,0.06755373592630498,-0.01458155972202968
532RL,Rental and leasing services and lessors of intangible assets,2017,212.3,212300000.0,348.7,348700000.0,100.0,100000.0,208.6,0.01773729626078624,0.004570797126927539
532RL,Rental and leasing services and lessors of intangible assets,2018,224.8,224800000.0,372.6,372600000.0,101.259,101259.0,212.3,0.05887894488930767,0.012590000000000101
532RL,Rental and leasing services and lessors of intangible assets,2019,238.2,238200000.0,391.1,391100000.0,101.637,101637.0,224.8,0.059608540925266906,0.0037330015109768855
532RL,Rental and leasing services and lessors of intangible assets,2020,241.3,241300000.0,390.3,390300000.0,101.548,101548.0,238.2,0.01301427371956354,-0.0008756653580880291
532RL,Rental and leasing services and lessors of intangible assets,2021,262.6,262600000.00000003,481.2,481200000.0,107.216,107216.0,241.3,0.08827186075424787,0.05581596880293049
532RL,Rental and leasing services and lessors of intangible assets,2022,274.8,274800000.0,506.4,506400000.0,114.677,114677.0,262.6,0.046458492003046414,0.06958849425458902
532RL,Rental and leasing services and lessors of intangible assets,2023,297.4,297400000.0,541.0,541000000.0,119.522,119522.0,274.8,0.08224163027656473,0.04224909964509016
532RL,Rental and leasing services and lessors of intangible assets,2024,305.2,305200000.0,547.5,547500000.0,120.641,120641.0,297.4,0.02622730329522538,0.009362293134318467
532RL,Rental and leasing services and lessors of intangible assets,2025,314.5,314500000.0,559.5,559500000.0,122.197,122197.0,305.2,0.030471821756225426,0.012897771072852393
54,"Professional, scientific, and technical services",1997,737.0,737000000.0,1168.4,1168400000.0,67.801,67801.0,,,
54,"Professional, scientific, and technical services",1998,778.5,778500000.0,1269.0,1269000000.0,69.761,69761.0,737.0,0.05630936227951144,0.028908128198699146
54,"Professional, scientific, and technical services",1999,823.2,823200000.0,1353.3,1353300000.0,72.42,72420.0,778.5,0.05741811175337186,0.038115852697065744
54,"Professional, scientific, and technical services",2000,866.8,866800000.0,1437.3,1437300000.0,75.189,75189.0,823.2,0.052964042759960916,0.03823529411764692
54,"Professional, scientific, and technical services",2001,896.3,896300000.0,1452.3,1452300000.0,76.609,76609.0,866.8,0.03403322565759104,0.018885741265344702
54,"Professional, scientific, and technical services",2002,917.0,917000000.0,1457.8,1457800000.0,77.938,77938.0,896.3,0.02309494588865335,0.01734783119476835
54,"Professional, scientific, and technical services",2003,931.8,931800000.0,1490.3,1490300000.0,79.553,79553.0,917.0,0.01613958560523443,0.020721599219892584
54,"Professional, scientific, and technical services",2004,965.6,965600000.0,1537.8,1537800000.0,82.055,82055.0,931.8,0.03627387851470276,0.031450730959234896
54,"Professional, scientific, and technical services",2005,1003.0,1003000000.0,1606.3,1606300000.0,84.955,84955.0,965.6,0.03873239436619724,0.035342148558893394
54,"Professional, scientific, and technical services",2006,1042.5,1042500000.0,1651.4,1651400000.0,87.962,87962.0,1003.0,0.039381854436689956,0.0353952092284151
54,"Professional, scientific, and technical services",2007,1084.8,1084800000.0,1730.8,1730800000.0,90.835,90835.0,1042.5,0.040575539568345365,0.03266183124531041
54,"Professional, scientific, and technical services",2008,1171.5,1171500000.0,1781.2,1781200000.0,92.429,92429.0,1084.8,0.07992256637168138,0.017548301866020966
54,"Professional, scientific, and technical services",2009,1106.8,1106800000.0,1704.6,1704600000.0,93.135,93135.0,1171.5,-0.05522833973538199,0.007638295340207213
54,"Professional, scientific, and technical services",2010,1138.2,1138200000.0,1753.2,1753200000.0,93.579,93579.0,1106.8,0.028370075894470714,0.004767273312932696
54,"Professional, scientific, and technical services",2011,1189.9,1189900000.0,1826.1,1826100000.0,94.724,94724.0,1138.2,0.04542259708311369,0.012235651161051297
54,"Professional, scientific, and technical services",2012,1243.7,1243700000.0,1881.7,1881700000.0,95.823,95823.0,1189.9,0.04521388351962341,0.011602128288501268
54,"Professional, scientific, and technical services",2013,1254.1,1254100000.0,1896.1,1896100000.0,96.622,96622.0,1243.7,0.008362145211867622,0.008338290389572567
54,"Professional, scientific, and technical services",2014,1306.5,1306500000.0,1980.5,1980500000.0,97.172,97172.0,1254.1,0.041782951917709976,0.0056922854008403245
54,"Professional, scientific, and technical services",2015,1365.7,1365700000.0,2029.8,2029800000.0,98.831,98831.0,1306.5,0.04531190202831992,0.017072819330671507
54,"Professional, scientific, and technical services",2016,1408.3,1408300000.0,2101.7,2101699999.9999998,99.162,99162.0,1365.7,0.031192794903712295,0.003349151581993448
54,"Professional, scientific, and technical services",2017,1460.6,1460600000.0,2204.0,2204000000.0,100.0,100000.0,1408.3,0.03713697365618107,0.008450817853613124
54,"Professional, scientific, and technical services",2018,1558.1,1558100000.0,2319.6,2319600000.0,100.254,100254.0,1460.6,0.0667533890182117,0.0025399999999999867
54,"Professional, scientific, and technical services",2019,1643.9,1643900000.0,2434.7,2434700000.0,100.563,100563.0,1558.1,0.055067068865926494,0.0030821712849362637
54,"Professional, scientific, and technical services",2020,1657.2,1657200000.0,2464.5,2464500000.0,101.006,101006.0,1643.9,0.008090516454772212,0.004405198731143534
54,"Professional, scientific, and technical services",2021,1884.7,1884700000.0,2736.4,2736400000.0,100.029,100029.0,1657.2,0.13727974897417328,-0.009672692711324093
54,"Professional, scientific, and technical services",2022,2031.6,2031600000.0,2942.1,2942100000.0,101.273,101273.0,1884.7,0.07794343927415492,0.01243639344590064
54,"Professional, scientific, and technical services",2023,2123.4,2123400000.0,3038.2,3038200000.0,104.578,104578.0,2031.6,0.04518606024808047,0.03263456202541648
54,"Professional, scientific, and technical services",2024,2188.5,2188500000.0,3133.0,3133000000.0,107.612,107612.0,2123.4,0.03065837807290195,0.029011838053892625
54,"Professional, scientific, and technical services",2025,2279.9,2279900000.0,3248.6,3248600000.0,109.398,109398.0,2188.5,0.041763765135937936,0.01659666208229571
5411,Legal services,1997,256.3,256300000.0,325.6,325600000.0,40.575,40575.0,,,
5411,Legal services,1998,266.3,266300000.0,342.3,342300000.0,42.71,42710.0,256.3,0.03901677721420205,0.052618607516943916
5411,Legal services,1999,274.7,274700000.0,355.1,355100000.0,43.966,43966.0,266.3,0.031543372136687786,0.02940763287286341
5411,Legal services,2000,282.8,282800000.0,356.1,356100000.0,45.662,45662.0,274.7,0.02948671277757553,0.038575262702997826
5411,Legal services,2001,290.9,290900000.0,364.2,364200000.0,48.338,48338.0,282.8,0.028642149929278604,0.058604528929963706
5411,Legal services,2002,291.8,291800000.0,369.0,369000000.0,51.139,51139.0,290.9,0.003093846682708845,0.05794612933923626
5411,Legal services,2003,303.0,303000000.0,395.6,395600000.0,54.531,54531.0,291.8,0.03838245373543514,0.06632902481472058
5411,Legal services,2004,306.7,306700000.0,391.6,391600000.0,58.959,58959.0,303.0,0.012211221122112148,0.08120151840237666
5411,Legal services,2005,302.4,302400000.0,390.6,390600000.0,64.519,64519.00000000001,306.7,-0.014020215194000651,0.09430282060414874
5411,Legal services,2006,304.3,304300000.0,391.2,391200000.0,67.221,67221.0,302.4,0.006283068783068835,0.041879136378431214
5411,Legal services,2007,307.8,307800000.0,387.9,387900000.0,70.692,70692.0,304.3,0.011501807426881339,0.05163564957379374
5411,Legal services,2008,329.9,329900000.0,378.5,378500000.0,73.003,73003.0,307.8,0.07179987004548405,0.03269111073388786
5411,Legal services,2009,289.3,289300000.0,361.9,361900000.0,73.299,73299.0,329.9,-0.12306759624128516,0.004054627892004614
5411,Legal services,2010,267.9,267899999.99999997,357.5,357500000.0,76.434,76434.0,289.3,-0.0739716557207053,0.04277002414766895
5411,Legal services,2011,270.2,270200000.0,359.0,359000000.0,79.981,79981.0,267.9,0.008585293019783613,0.04640604966376216
5411,Legal services,2012,262.0,262000000.0,359.0,359000000.0,83.008,83008.0,270.2,-0.030347890451517312,0.03784648854102857
5411,Legal services,2013,255.1,255100000.0,348.2,348200000.0,86.476,86476.0,262.0,-0.02633587786259539,0.04177910562837317
5411,Legal services,2014,253.1,253100000.0,345.1,345100000.0,90.209,90209.0,255.1,-0.00784006272050175,0.04316804662565343
5411,Legal services,2015,259.0,259000000.0,347.8,347800000.0,93.741,93741.0,253.1,0.023310944290794167,0.039153521267279334
5411,Legal services,2016,268.3,268300000.0,346.6,346600000.0,96.156,96156.0,259.0,0.03590733590733586,0.025762473197427083
5411,Legal services,2017,266.4,266399999.99999997,354.7,354700000.0,100.0,100000.0,268.3,-0.007081625046589712,0.03997670452181867
5411,Legal services,2018,269.0,269000000.0,349.4,349400000.0,103.025,103025.0,266.4,0.009759759759759845,0.03025000000000011
5411,Legal services,2019,270.5,270500000.0,348.8,348800000.0,107.245,107245.0,269.0,0.005576208178438735,0.04096093181266691
5411,Legal services,2020,254.3,254300000.0,336.4,336400000.0,113.495,113495.0,270.5,-0.059889094269870546,0.058277775187654424
5411,Legal services,2021,277.1,277100000.0,356.7,356700000.0,118.065,118065.0,254.3,0.08965788438851763,0.04026609101722545
5411,Legal services,2022,279.4,279400000.0,359.6,359600000.0,124.607,124607.0,277.1,0.008300252616383785,0.05541015542286032
5411,Legal services,2023,272.4,272400000.0,349.4,349400000.0,131.779,131779.0,279.4,-0.025053686471009362,0.05755695907934544
5411,Legal services,2024,271.1,271100000.0,352.1,352100000.0,143.024,143024.0,272.4,-0.004772393538913233,0.08533226083063306
5411,Legal services,2025,270.4,270400000.0,355.6,355600000.0,155.995,155995.0,271.1,-0.0025820730357802857,0.09069107282693811
5412OP,"Miscellaneous professional, scientific, and technical services",1997,503.9,503900000.0,797.7,797700000.0,63.542,63542.0,,,
5412OP,"Miscellaneous professional, scientific, and technical services",1998,516.7,516700000.00000006,842.7,842700000.0,65.875,65875.0,503.9,0.025401865449494077,0.03671587296591228
5412OP,"Miscellaneous professional, scientific, and technical services",1999,539.4,539400000.0,876.5,876500000.0,69.034,69034.0,516.7,0.043932649506483346,0.04795445920303609
5412OP,"Miscellaneous professional, scientific, and technical services",2000,567.1,567100000.0,934.0,934000000.0,72.031,72031.0,539.4,0.05135335558027454,0.04341339050323034
5412OP,"Miscellaneous professional, scientific, and technical services",2001,585.5,585500000.0,950.6,950600000.0,73.081,73081.0,567.1,0.032445776758948996,0.014577057100415125
5412OP,"Miscellaneous professional, scientific, and technical services",2002,611.0,611000000.0,954.3,954300000.0,74.515,74515.0,585.5,0.04355251921434666,0.01962206319015891
5412OP,"Miscellaneous professional, scientific, and technical services",2003,601.8,601800000.0,962.6,962600000.0,76.484,76484.0,611.0,-0.015057283142389633,0.026424209890625994
5412OP,"Miscellaneous professional, scientific, and technical services",2004,615.9,615900000.0,1003.9,1003900000.0,79.338,79338.0,601.8,0.023429710867397757,0.037314993985670286
5412OP,"Miscellaneous professional, scientific, and technical services",2005,638.5,638500000.0,1053.0,1053000000.0,81.772,81772.0,615.9,0.03669426855008928,0.030678867629635453
5412OP,"Miscellaneous professional, scientific, and technical services",2006,659.6,659600000.0,1085.2,1085200000.0,85.431,85431.0,638.5,0.03304620203602204,0.04474636794990938
5412OP,"Miscellaneous professional, scientific, and technical services",2007,676.9,676900000.0,1137.9,1137900000.0,88.736,88736.0,659.6,0.026228016979987778,0.038686191195233643
5412OP,"Miscellaneous professional, scientific, and technical services",2008,731.9,731900000.0,1171.7,1171700000.0,90.26,90260.0,676.9,0.08125276998079478,0.017174540209159872
5412OP,"Miscellaneous professional, scientific, and technical services",2009,687.4,687400000.0,1107.2,1107200000.0,91.639,91639.0,731.9,-0.060800655827298766,0.0152780855306891
5412OP,"Miscellaneous professional, scientific, and technical services",2010,712.3,712300000.0,1124.8,1124800000.0,92.302,92302.0,687.4,0.03622345068373578,0.007234910900380864
5412OP,"Miscellaneous professional, scientific, and technical services",2011,737.9,737900000.0,1169.4,1169400000.0,92.987,92987.0,712.3,0.035939912958023346,0.007421290979610307
5412OP,"Miscellaneous professional, scientific, and technical services",2012,765.7,765700000.0,1197.8,1197800000.0,94.241,94241.0,737.9,0.037674481637078205,0.013485756073429611
5412OP,"Miscellaneous professional, scientific, and technical services",2013,772.0,772000000.0,1205.7,1205700000.0,95.214,95214.0,765.7,0.008227765443385104,0.010324593329867016
5412OP,"Miscellaneous professional, scientific, and technical services",2014,809.1,809100000.0,1262.3,1262300000.0,95.639,95639.0,772.0,0.04805699481865289,0.004463629298212313
5412OP,"Miscellaneous professional, scientific, and technical services",2015,836.4,836400000.0,1293.4,1293400000.0,98.064,98064.0,809.1,0.03374119391916941,0.02535576490762126
5412OP,"Miscellaneous professional, scientific, and technical services",2016,842.6,842600000.0,1328.6,1328600000.0,98.618,98618.0,836.4,0.007412721186035531,0.0056493718387991
5412OP,"Miscellaneous professional, scientific, and technical services",2017,867.8,867800000.0,1373.3,1373300000.0,100.0,100000.0,842.6,0.02990742938523616,0.014013668904256926
5412OP,"Miscellaneous professional, scientific, and technical services",2018,915.9,915900000.0,1439.9,1439900000.0,101.146,101146.0,867.8,0.055427517861258435,0.011460000000000026
5412OP,"Miscellaneous professional, scientific, and technical services",2019,968.6,968600000.0,1534.3,1534300000.0,101.627,101627.0,915.9,0.05753903264548543,0.004755501947679486
5412OP,"Miscellaneous professional, scientific, and technical services",2020,971.6,971600000.0,1545.9,1545900000.0,102.079,102079.0,968.6,0.00309725376832537,0.004447636946874445
5412OP,"Miscellaneous professional, scientific, and technical services",2021,1105.5,1105500000.0,1720.4,1720400000.0,101.484,101484.0,971.6,0.13781391519143682,-0.005828818855984075
5412OP,"Miscellaneous professional, scientific, and technical services",2022,1205.7,1205700000.0,1850.9,1850900000.0,103.572,103572.0,1105.5,0.09063772048846674,0.020574671869457273
5412OP,"Miscellaneous professional, scientific, and technical services",2023,1272.7,1272700000.0,1927.9,1927900000.0,107.571,107571.0,1205.7,0.055569378784108725,0.03861082145753669
5412OP,"Miscellaneous professional, scientific, and technical services",2024,1305.1,1305100000.0,1994.6,1994600000.0,110.723,110723.0,1272.7,0.025457688379036503,0.02930157756272611
5412OP,"Miscellaneous professional, scientific, and technical services",2025,1349.6,1349600000.0,2053.5,2053500000.0,112.513,112513.0,1305.1,0.03409700406099159,0.016166469477886247
5415,Computer systems design and related services,1997,49.0,49000000.0,106.2,106200000.0,153.935,153935.0,,,
5415,Computer systems design and related services,1998,59.7,59700000.0,133.7,133699999.99999999,149.084,149084.0,49.0,0.21836734693877546,-0.031513301068632815
5415,Computer systems design and related services,1999,68.2,68200000.0,160.1,160100000.0,150.963,150963.0,59.7,0.1423785594639866,0.012603632851278412
5415,Computer systems design and related services,2000,74.1,74100000.0,177.4,177400000.0,153.893,153893.0,68.2,0.08651026392961869,0.019408729291283233
5415,Computer systems design and related services,2001,77.6,77600000.0,173.1,173100000.0,152.306,152306.0,74.1,0.04723346828609998,-0.010312359886414546
5415,Computer systems design and related services,2002,75.4,75400000.0,172.1,172100000.0,146.17,146170.0,77.6,-0.028350515463917425,-0.04028731632371685
5415,Computer systems design and related services,2003,84.3,84300000.0,175.0,175000000.0,137.255,137255.0,75.4,0.11803713527851456,-0.06099062735171368
5415,Computer systems design and related services,2004,95.1,95100000.0,182.4,182400000.0,129.267,129267.0,84.3,0.12811387900355875,-0.058198244144111344
5415,Computer systems design and related services,2005,107.4,107400000.0,198.5,198500000.0,125.651,125651.0,95.1,0.12933753943217674,-0.027973109919778416
5415,Computer systems design and related services,2006,119.6,119600000.0,208.8,208800000.0,124.583,124583.0,107.4,0.11359404096834247,-0.00849973338851262
5415,Computer systems design and related services,2007,136.0,136000000.0,233.1,233100000.0,122.904,122904.0,119.6,0.13712374581939812,-0.013476959135676592
5415,Computer systems design and related services,2008,147.7,147700000.0,253.5,253500000.0,122.821,122821.0,136.0,0.0860294117647058,-0.0006753238299811448
5415,Computer systems design and related services,2009,156.0,156000000.0,254.4,254400000.0,121.074,121074.0,147.7,0.056194989844279064,-0.014223951930044554
5415,Computer systems design and related services,2010,174.9,174900000.0,283.9,283900000.0,116.009,116009.0,156.0,0.12115384615384617,-0.041833919751556925
5415,Computer systems design and related services,2011,194.9,194900000.0,307.6,307600000.0,115.367,115367.0,174.9,0.11435105774728416,-0.0055340533924091995
5415,Computer systems design and related services,2012,222.9,222900000.0,331.9,331900000.0,113.395,113395.0,194.9,0.14366341713699327,-0.01709327624017276
5415,Computer systems design and related services,2013,231.6,231600000.0,346.7,346700000.0,110.548,110548.0,222.9,0.03903095558546421,-0.025106927113188404
5415,Computer systems design and related services,2014,247.4,247400000.0,375.4,375400000.0,108.123,108123.0,231.6,0.06822107081174433,-0.021936172522343256
5415,Computer systems design and related services,2015,271.8,271800000.0,390.4,390400000.0,105.483,105483.0,247.4,0.09862570735650777,-0.024416636608307174
5415,Computer systems design and related services,2016,298.0,298000000.0,427.0,427000000.0,103.224,103224.0,271.8,0.0963944076526857,-0.02141577315776
5415,Computer systems design and related services,2017,326.4,326400000.0,476.0,476000000.0,100.0,100000.0,298.0,0.09530201342281863,-0.03123304657831516
5415,Computer systems design and related services,2018,374.1,374100000.0,531.0,531000000.0,95.848,95848.0,326.4,0.14613970588235303,-0.04152
5415,Computer systems design and related services,2019,407.0,407000000.0,552.5,552500000.0,93.038,93038.0,374.1,0.08794439989307667,-0.02931725231616733
5415,Computer systems design and related services,2020,437.9,437900000.0,586.1,586100000.0,89.846,89846.0,407.0,0.07592137592137593,-0.034308562092908224
5415,Computer systems design and related services,2021,513.4,513400000.0,667.0,667000000.0,84.944,84944.0,437.9,0.17241379310344818,-0.054560024931549544
5415,Computer systems design and related services,2022,564.4,564400000.0,746.9,746900000.0,81.605,81605.0,513.4,0.09933774834437092,-0.039308250141269485
5415,Computer systems design and related services,2023,604.4,604400000.0,781.3,781300000.0,81.487,81487.0,564.4,0.07087172218284898,-0.0014459898290547502
5415,Computer systems design and related services,2024,648.2,648200000.0,809.6,809600000.0,80.566,80566.0,604.4,0.07246856386499023,-0.011302416336347987
5415,Computer systems design and related services,2025,712.0,712000000.0,873.3,873300000.0,77.814,77814.0,648.2,0.09842641160135757,-0.034158329816548094
55,Management of companies and enterprises,1997,246.6,246600000.0,333.5,333500000.0,50.888,50888.0,,,
55,Management of companies and enterprises,1998,252.5,252500000.0,358.7,358700000.0,55.086,55086.0,246.6,0.023925385239253805,0.08249489074044969
55,Management of companies and enterprises,1999,253.2,253200000.0,371.2,371200000.0,58.646,58646.0,252.5,0.0027722772277227747,0.06462622081835678
55,Management of companies and enterprises,2000,267.1,267100000.00000003,376.4,376400000.0,64.079,64078.99999999999,253.2,0.05489731437598744,0.09264058929850272
55,Management of companies and enterprises,2001,278.7,278700000.0,380.6,380600000.0,62.291,62291.0,267.1,0.04342942718083109,-0.02790305716381336
55,Management of companies and enterprises,2002,275.7,275700000.0,378.7,378700000.0,63.462,63462.0,278.7,-0.01076426264800856,0.01879886339920711
55,Management of companies and enterprises,2003,285.9,285900000.0,396.8,396800000.0,64.911,64911.0,275.7,0.03699673558215455,0.02283256121773647
55,Management of companies and enterprises,2004,269.9,269900000.0,409.2,409200000.0,75.253,75253.0,285.9,-0.05596362364463103,0.15932584615858625
55,Management of companies and enterprises,2005,270.2,270200000.0,433.8,433800000.0,79.242,79242.0,269.9,0.0011115227862170673,0.05300785350750137
55,Management of companies and enterprises,2006,269.7,269700000.0,442.8,442800000.0,85.428,85428.0,270.2,-0.0018504811250925624,0.07806466267888235
55,Management of companies and enterprises,2007,264.4,264399999.99999997,466.1,466100000.0,94.968,94968.0,269.7,-0.01965146459028555,0.11167298777918244
55,Management of companies and enterprises,2008,266.0,266000000.0,456.7,456700000.0,96.385,96385.0,264.4,0.00605143721633894,0.014920815432566847
55,Management of companies and enterprises,2009,243.3,243300000.0,416.6,416600000.0,100.685,100685.0,266.0,-0.0853383458646616,0.04461275094672401
55,Management of companies and enterprises,2010,262.3,262300000.0,434.7,434700000.0,101.146,101146.0,243.3,0.07809288943690906,0.004578636341063591
55,Management of companies and enterprises,2011,273.3,273300000.0,455.4,455400000.0,101.692,101692.0,262.3,0.04193671368661844,0.005398137346014575
55,Management of companies and enterprises,2012,294.8,294800000.0,484.2,484200000.0,102.498,102498.0,273.3,0.0786681302597878,0.00792589387562459
55,Management of companies and enterprises,2013,310.4,310400000.0,493.9,493900000.0,102.896,102896.0,294.8,0.052917232021709504,0.003883002595172602
55,Management of companies and enterprises,2014,331.1,331100000.0,525.1,525100000.0,100.332,100332.0,310.4,0.066688144329897,-0.024918364173534546
55,Management of companies and enterprises,2015,340.5,340500000.0,542.5,542500000.0,101.889,101889.0,331.1,0.02839021443672607,0.015518478650879075
55,Management of companies and enterprises,2016,345.6,345600000.0,541.4,541400000.0,101.068,101068.0,340.5,0.01497797356828201,-0.008057788377548114
55,Management of companies and enterprises,2017,370.1,370100000.0,568.6,568600000.0,100.0,100000.0,345.6,0.07089120370370372,-0.010567142913681882
55,Management of companies and enterprises,2018,395.0,395000000.0,601.5,601500000.0,98.32,98320.0,370.1,0.06727911375303974,-0.016800000000000037
55,Management of companies and enterprises,2019,421.6,421600000.0,637.0,637000000.0,96.193,96193.0,395.0,0.06734177215189874,-0.021633441822619948
55,Management of companies and enterprises,2020,431.5,431500000.0,651.2,651200000.0,93.817,93817.0,421.6,0.023481973434535064,-0.024700342020729238
55,Management of companies and enterprises,2021,481.3,481300000.0,708.2,708200000.0,92.619,92619.0,431.5,0.11541135573580541,-0.012769540701578541
55,Management of companies and enterprises,2022,526.2,526200000.00000006,755.5,755500000.0,91.199,91199.0,481.3,0.09328900893413672,-0.015331627419859828
55,Management of companies and enterprises,2023,538.0,538000000.0,774.1,774100000.0,93.692,93692.0,526.2,0.022424933485366783,0.027335826050724155
55,Management of companies and enterprises,2024,555.6,555600000.0,812.7,812700000.0,97.976,97976.0,538.0,0.03271375464684012,0.0457242880929003
55,Management of companies and enterprises,2025,561.2,561200000.0,845.5,845500000.0,102.792,102792.0,555.6,0.010079193664506825,0.049154895076345184
56,Administrative and waste management services,1997,316.5,316500000.0,520.8,520799999.99999994,68.054,68054.0,,,
56,Administrative and waste management services,1998,329.6,329600000.0,578.6,578600000.0,70.333,70333.0,316.5,0.041390205371248046,0.03348811238134419
56,Administrative and waste management services,1999,347.7,347700000.0,614.7,614700000.0,72.69,72690.0,329.6,0.054915048543689116,0.03351200716591074
56,Administrative and waste management services,2000,372.9,372900000.0,644.3,644300000.0,75.649,75649.0,347.7,0.07247627264883527,0.04070711239510261
56,Administrative and waste management services,2001,378.8,378800000.0,624.9,624900000.0,77.894,77894.0,372.9,0.01582193617591865,0.029676532406244682
56,Administrative and waste management services,2002,376.6,376600000.0,608.7,608700000.0,79.709,79709.0,378.8,-0.0058078141499471325,0.023300896089557543
56,Administrative and waste management services,2003,402.6,402600000.0,633.9,633900000.0,79.608,79608.0,376.6,0.06903876792352626,-0.0012671091093853226
56,Administrative and waste management services,2004,423.7,423700000.0,665.7,665700000.0,81.532,81532.0,402.6,0.05240933929458502,0.02416842528389096
56,Administrative and waste management services,2005,462.0,462000000.0,711.3,711300000.0,82.197,82197.0,423.7,0.09039414680198266,0.008156306726193385
56,Administrative and waste management services,2006,473.2,473200000.0,739.9,739900000.0,84.338,84338.0,462.0,0.024242424242424176,0.02604717933744527
56,Administrative and waste management services,2007,500.6,500600000.0,772.6,772600000.0,86.052,86052.0,473.2,0.0579036348267119,0.020322986079821748
56,Administrative and waste management services,2008,502.4,502400000.0,772.5,772500000.0,87.336,87336.0,500.6,0.003595685177786523,0.014921210430902221
56,Administrative and waste management services,2009,461.6,461600000.0,710.0,710000000.0,89.311,89311.0,502.4,-0.08121019108280247,0.02261381331867729
56,Administrative and waste management services,2010,493.7,493700000.0,749.8,749800000.0,88.72,88720.0,461.6,0.0695407279029463,-0.00661732597328446
56,Administrative and waste management services,2011,511.2,511200000.0,784.5,784500000.0,89.007,89007.0,493.7,0.035446627506583006,0.0032348963029757982
56,Administrative and waste management services,2012,528.5,528500000.0,812.2,812200000.0,89.859,89859.0,511.2,0.03384194053208134,0.009572280831844582
56,Administrative and waste management services,2013,538.3,538300000.0,835.5,835500000.0,91.039,91039.0,528.5,0.018543046357615722,0.013131684082841044
56,Administrative and waste management services,2014,558.5,558500000.0,901.5,901500000.0,92.811,92811.0,538.3,0.037525543377298964,0.019464185678665258
56,Administrative and waste management services,2015,566.1,566100000.0,940.8,940800000.0,95.444,95444.0,558.5,0.013607878245299965,0.028369482065703444
56,Administrative and waste management services,2016,566.7,566700000.0,997.8,997800000.0,98.667,98667.0,566.1,0.0010598834128245915,0.033768492519173465
56,Administrative and waste management services,2017,602.9,602900000.0,1055.2,1055200000.0,100.0,100000.0,566.7,0.06387859537674245,0.013510089492940969
56,Administrative and waste management services,2018,631.6,631600000.0,1122.6,1122600000.0,101.12,101120.0,602.9,0.04760325095372364,0.011200000000000099
56,Administrative and waste management services,2019,647.4,647400000.0,1170.8,1170800000.0,103.521,103521.0,631.6,0.02501583280557318,0.023744066455696267
56,Administrative and waste management services,2020,614.8,614800000.0,1093.7,1093700000.0,105.559,105559.0,647.4,-0.05035526722273709,0.019686826827407078
56,Administrative and waste management services,2021,689.6,689600000.0,1186.3,1186300000.0,107.333,107333.0,614.8,0.12166558230318825,0.01680576739074824
56,Administrative and waste management services,2022,749.8,749800000.0,1284.3,1284300000.0,111.625,111625.0,689.6,0.08729698375870054,0.03998770182516087
56,Administrative and waste management services,2023,744.1,744100000.0,1254.7,1254700000.0,118.96,118960.0,749.8,-0.007602027207255224,0.06571108622620381
56,Administrative and waste management services,2024,735.0,735000000.0,1233.9,1233900000.0,124.039,124039.0,744.1,-0.012229539040451542,0.04269502353732357
56,Administrative and waste management services,2025,740.1,740100000.0,1237.2,1237200000.0,128.694,128693.99999999999,735.0,0.006938775510204165,0.037528519256040394
561,Administrative and support services,1997,281.3,281300000.0,451.4,451400000.0,68.816,68816.0,,,
561,Administrative and support services,1998,293.0,293000000.0,501.7,501700000.0,71.369,71369.0,281.3,0.041592605758976164,0.03709893048128343
561,Administrative and support services,1999,308.8,308800000.0,533.1,533100000.0,73.766,73766.0,293.0,0.05392491467576788,0.03358601073295131
561,Administrative and support services,2000,333.4,333400000.0,563.1,563100000.0,76.759,76759.0,308.8,0.079663212435233,0.040574248298674176
561,Administrative and support services,2001,338.4,338400000.0,545.8,545800000.0,78.784,78784.0,333.4,0.014997000599880073,0.02638127125157963
561,Administrative and support services,2002,335.2,335200000.0,531.5,531500000.0,80.501,80501.0,338.4,-0.009456264775413725,0.02179376523151899
561,Administrative and support services,2003,359.7,359700000.0,553.7,553700000.0,80.144,80144.0,335.2,0.07309069212410502,-0.004434727518912829
561,Administrative and support services,2004,381.4,381400000.0,581.0,581000000.0,82.213,82213.0,359.7,0.06032805115373918,0.02581603114394082
561,Administrative and support services,2005,416.5,416500000.0,621.7,621700000.0,83.116,83116.0,381.4,0.09202936549554286,0.010983664383978242
561,Administrative and support services,2006,429.9,429900000.0,644.3,644300000.0,85.46,85460.0,416.5,0.032172869147659044,0.02820154964146493
561,Administrative and support services,2007,453.7,453700000.0,676.1,676100000.0,87.124,87124.0,429.9,0.055361712026052556,0.019471097589515596
561,Administrative and support services,2008,454.7,454700000.0,676.6,676600000.0,88.38,88380.0,453.7,0.002204099625302991,0.014416234332675248
561,Administrative and support services,2009,415.0,415000000.0,621.6,621600000.0,90.086,90086.0,454.7,-0.08731031449307236,0.01930300973070831
561,Administrative and support services,2010,437.2,437200000.0,655.1,655100000.0,89.254,89254.0,415.0,0.05349397590361438,-0.009235619297116027
561,Administrative and support services,2011,461.2,461200000.0,691.3,691300000.0,89.428,89428.0,437.2,0.05489478499542533,0.0019494924597216468
561,Administrative and support services,2012,478.9,478900000.0,720.0,720000000.0,90.231,90231.0,461.2,0.03837814397224637,0.008979290602495915
561,Administrative and support services,2013,489.1,489100000.0,741.2,741200000.0,91.365,91365.0,478.9,0.021298809772395177,0.012567742793496706
561,Administrative and support services,2014,507.9,507900000.0,801.7,801700000.0,93.011,93011.0,489.1,0.03843794725005112,0.018015651507689023
561,Administrative and support services,2015,515.2,515200000.00000006,839.2,839200000.0,95.644,95644.0,507.9,0.014372908052766364,0.028308479642193074
561,Administrative and support services,2016,518.1,518100000.0,889.7,889700000.0,98.752,98752.0,515.2,0.005628881987577605,0.03249550416126468
561,Administrative and support services,2017,549.7,549700000.0,939.6,939600000.0,100.0,100000.0,518.1,0.06099208646979348,0.012637718729747283
561,Administrative and support services,2018,577.6,577600000.0,1004.5,1004500000.0,100.709,100709.0,549.7,0.050754957249408816,0.007090000000000041
561,Administrative and support services,2019,593.9,593900000.0,1051.8,1051800000.0,102.914,102914.0,577.6,0.028220221606648055,0.02189476610829222
561,Administrative and support services,2020,562.5,562500000.0,978.1,978100000.0,104.535,104535.0,593.9,-0.05287085367907052,0.015751015410925495
561,Administrative and support services,2021,632.1,632100000.0,1064.0,1064000000.0,106.297,106297.0,562.5,0.12373333333333347,0.016855598603338517
561,Administrative and support services,2022,690.3,690300000.0,1160.6,1160600000.0,110.472,110472.0,632.1,0.09207403891789268,0.03927674346406773
561,Administrative and support services,2023,688.9,688900000.0,1134.1,1134100000.0,116.52,116520.0,690.3,-0.0020281037230189813,0.05474690419291761
561,Administrative and support services,2024,679.5,679500000.0,1109.7,1109700000.0,121.128,121128.0,688.9,-0.01364494121062565,0.039546858908341864
561,Administrative and support services,2025,686.7,686700000.0,1114.0,1114000000.0,125.276,125276.0,679.5,0.01059602649006619,0.03424476586751202
562,Waste management and remediation services,1997,35.8,35800000.0,70.2,70200000.0,61.133,61133.0,,,
562,Waste management and remediation services,1998,37.1,37100000.0,77.8,77800000.0,61.224,61224.0,35.8,0.036312849162011274,0.0014885577347749646
562,Waste management and remediation services,1999,39.6,39600000.0,82.4,82400000.0,63.233,63233.0,37.1,0.06738544474393526,0.0328139291781
562,Waste management and remediation services,2000,39.7,39700000.0,81.5,81500000.0,65.885,65885.0,39.6,0.002525252525252597,0.041940126199927485
562,Waste management and remediation services,2001,40.7,40700000.0,79.4,79400000.0,69.954,69954.0,39.7,0.025188916876574208,0.06175912574941167
562,Waste management and remediation services,2002,41.8,41800000.0,77.5,77500000.0,72.555,72555.0,40.7,0.027027027027026973,0.037181576464534016
562,Waste management and remediation services,2003,43.3,43300000.0,80.5,80500000.0,74.54,74540.0,41.8,0.03588516746411474,0.027358555578526733
562,Waste management and remediation services,2004,42.5,42500000.0,85.1,85100000.0,75.199,75199.0,43.3,-0.018475750577367167,0.008840890796887546
562,Waste management and remediation services,2005,45.6,45600000.0,89.9,89900000.0,73.704,73704.0,42.5,0.07294117647058829,-0.019880583518397943
562,Waste management and remediation services,2006,42.9,42900000.0,96.2,96200000.0,73.896,73896.0,45.6,-0.05921052631578949,0.0026050146532075047
562,Waste management and remediation services,2007,46.6,46600000.0,96.8,96800000.0,76.119,76119.0,42.9,0.08624708624708632,0.030082819097109414
562,Waste management and remediation services,2008,47.5,47500000.0,96.1,96100000.0,77.686,77686.0,46.6,0.0193133047210301,0.020586187417070745
562,Waste management and remediation services,2009,46.8,46800000.0,88.6,88600000.0,82.136,82136.0,47.5,-0.01473684210526327,0.05728187833071585
562,Waste management and remediation services,2010,57.2,57200000.0,95.1,95100000.0,83.532,83532.0,46.8,0.22222222222222232,0.01699620142203173
562,Waste management and remediation services,2011,50.2,50200000.0,93.4,93400000.0,84.753,84753.0,57.2,-0.1223776223776224,0.014617152707944392
562,Waste management and remediation services,2012,49.7,49700000.0,92.3,92300000.0,86.074,86074.0,50.2,-0.009960159362549792,0.015586468915554486
562,Waste management and remediation services,2013,49.3,49300000.0,94.4,94400000.0,87.699,87699.0,49.7,-0.008048289738430747,0.018879104026767735
562,Waste management and remediation services,2014,50.7,50700000.0,99.8,99800000.0,90.727,90727.0,49.3,0.028397565922920975,0.03452718959167167
562,Waste management and remediation services,2015,50.9,50900000.0,101.6,101600000.0,93.357,93357.0,50.7,0.0039447731755424265,0.028988063090370053
562,Waste management and remediation services,2016,48.6,48600000.0,108.1,108100000.0,97.78,97780.0,50.9,-0.04518664047151266,0.0473772721916943
562,Waste management and remediation services,2017,53.2,53200000.0,115.6,115600000.0,100.0,100000.0,48.6,0.094650205761317,0.022704029453876062
562,Waste management and remediation services,2018,54.0,54000000.0,118.2,118200000.0,105.452,105452.0,53.2,0.015037593984962294,0.0545199999999999
562,Waste management and remediation services,2019,53.6,53600000.0,119.3,119300000.0,109.979,109979.0,54.0,-0.007407407407407418,0.0429294845047985
562,Waste management and remediation services,2020,52.2,52200000.0,115.6,115600000.0,116.571,116571.0,53.6,-0.026119402985074647,0.05993871557297292
562,Waste management and remediation services,2021,57.6,57600000.0,122.5,122500000.0,118.467,118467.0,52.2,0.10344827586206895,0.016264765679285587
562,Waste management and remediation services,2022,60.0,60000000.0,124.6,124600000.0,124.055,124055.0,57.6,0.04166666666666674,0.047169253885048334
562,Waste management and remediation services,2023,56.3,56300000.0,121.5,121500000.0,146.565,146565.0,60.0,-0.06166666666666676,0.1814517754221916
562,Waste management and remediation services,2024,56.3,56300000.0,124.2,124200000.0,157.276,157276.0,56.3,0.0,0.073080203322758
562,Waste management and remediation services,2025,54.8,54800000.0,123.5,123500000.0,167.986,167986.0,56.3,-0.026642984014209614,0.06809684885169998
6,"Educational services, health care, and social assistance",1997,978.9,978900000.0,1496.2,1496200000.0,60.33,60330.0,,,
6,"Educational services, health care, and social assistance",1998,983.6,983600000.0,1547.7,1547700000.0,62.603,62603.0,978.9,0.004801307590152293,0.03767611470246979
6,"Educational services, health care, and social assistance",1999,1016.5,1016500000.0,1585.4,1585400000.0,64.343,64343.0,983.6,0.0334485563237088,0.02779419516636583
6,"Educational services, health care, and social assistance",2000,1051.7,1051700000.0,1641.4,1641400000.0,66.118,66118.0,1016.5,0.034628627643876086,0.02758652844909304
6,"Educational services, health care, and social assistance",2001,1079.6,1079600000.0,1723.7,1723700000.0,69.454,69454.0,1051.7,0.026528477702766784,0.05045524668017776
6,"Educational services, health care, and social assistance",2002,1121.2,1121200000.0,1818.9,1818900000.0,71.977,71977.0,1079.6,0.038532789922193444,0.0363262015146717
6,"Educational services, health care, and social assistance",2003,1166.9,1166900000.0,1887.9,1887900000.0,73.933,73933.0,1121.2,0.040759900107028235,0.027175347680509
6,"Educational services, health care, and social assistance",2004,1222.5,1222500000.0,1944.8,1944800000.0,75.846,75846.0,1166.9,0.04764761333447587,0.025874778515682983
6,"Educational services, health care, and social assistance",2005,1244.6,1244600000.0,2004.7,2004700000.0,77.955,77955.0,1222.5,0.018077709611451942,0.027806344434775587
6,"Educational services, health care, and social assistance",2006,1293.8,1293800000.0,2065.8,2065800000.0000002,80.018,80018.0,1244.6,0.039530772939097014,0.026463985632736886
6,"Educational services, health care, and social assistance",2007,1306.8,1306800000.0,2123.2,2123199999.9999998,83.256,83256.0,1293.8,0.010047920853300418,0.0404658951735859
6,"Educational services, health care, and social assistance",2008,1391.1,1391100000.0,2203.2,2203200000.0,85.186,85186.0,1306.8,0.06450872359963267,0.023181512443547714
6,"Educational services, health care, and social assistance",2009,1437.9,1437900000.0,2270.0,2270000000.0,88.114,88114.0,1391.1,0.03364244123355631,0.03437184513887259
6,"Educational services, health care, and social assistance",2010,1457.6,1457600000.0,2329.0,2329000000.0,89.963,89963.0,1437.9,0.013700535503164302,0.020984179585536777
6,"Educational services, health care, and social assistance",2011,1485.1,1485100000.0,2376.3,2376300000.0,91.321,91321.0,1457.6,0.01886663007683853,0.015095094650022789
6,"Educational services, health care, and social assistance",2012,1512.6,1512600000.0,2434.7,2434700000.0,93.171,93171.0,1485.1,0.01851727156420435,0.020258210050262404
6,"Educational services, health care, and social assistance",2013,1540.0,1540000000.0,2447.0,2447000000.0,94.153,94153.0,1512.6,0.01811450482612731,0.01053976022582126
6,"Educational services, health care, and social assistance",2014,1572.4,1572400000.0,2492.0,2492000000.0,95.077,95077.0,1540.0,0.02103896103896119,0.009813813686234019
6,"Educational services, health care, and social assistance",2015,1634.4,1634400000.0,2596.6,2596600000.0,96.363,96363.0,1572.4,0.03943017044009167,0.013525879024369747
6,"Educational services, health care, and social assistance",2016,1682.5,1682500000.0,2680.1,2680100000.0,98.48,98480.0,1634.4,0.029429760156632456,0.021969013002916205
6,"Educational services, health care, and social assistance",2017,1716.9,1716900000.0,2744.3,2744300000.0,100.0,100000.0,1682.5,0.020445765230312052,0.015434606011372809
6,"Educational services, health care, and social assistance",2018,1765.1,1765100000.0,2799.2,2799200000.0,101.522,101522.0,1716.9,0.028073854039256663,0.015220000000000011
6,"Educational services, health care, and social assistance",2019,1820.4,1820400000.0,2879.1,2879100000.0,103.504,103504.0,1765.1,0.03132966970709883,0.01952286203975495
6,"Educational services, health care, and social assistance",2020,1763.4,1763400000.0,2733.0,2733000000.0,106.085,106085.0,1820.4,-0.03131179960448249,0.024936234348430952
6,"Educational services, health care, and social assistance",2021,1842.3,1842300000.0,2900.2,2900200000.0,108.781,108781.0,1763.4,0.044743109901326905,0.025413583447235766
6,"Educational services, health care, and social assistance",2022,1942.2,1942200000.0,3039.1,3039100000.0,111.169,111169.0,1842.3,0.054225696140693724,0.02195236300456882
6,"Educational services, health care, and social assistance",2023,2033.3,2033300000.0,3195.9,3195900000.0,116.072,116072.0,1942.2,0.04690557100195658,0.04410402180463979
6,"Educational services, health care, and social assistance",2024,2119.5,2119500000.0,3382.9,3382900000.0,120.034,120034.0,2033.3,0.042394137608813276,0.03413398580191607
6,"Educational services, health care, and social assistance",2025,2206.7,2206700000.0,3517.7,3517700000.0,123.179,123179.0,2119.5,0.04114177872139657,0.026200909742239764
61,Educational services,1997,161.1,161100000.0,205.3,205300000.0,47.832,47832.0,,,
61,Educational services,1998,159.2,159200000.0,214.3,214300000.0,50.214,50214.0,161.1,-0.011793916821849826,0.04979929754139478
61,Educational services,1999,166.6,166600000.0,220.8,220800000.0,52.642,52642.0,159.2,0.04648241206030157,0.04835304895049197
61,Educational services,2000,172.6,172600000.0,231.5,231500000.0,55.172,55172.0,166.6,0.03601440576230486,0.048060484024163186
61,Educational services,2001,177.3,177300000.0,245.9,245900000.0,57.344,57344.0,172.6,0.02723059096176139,0.039367795258464566
61,Educational services,2002,178.2,178200000.0,256.6,256600000.00000003,59.756,59756.0,177.3,0.0050761421319796,0.04206194196428559
61,Educational services,2003,186.9,186900000.0,262.2,262200000.0,62.462,62462.0,178.2,0.04882154882154888,0.04528415556596843
61,Educational services,2004,198.3,198300000.0,265.0,265000000.0,65.076,65075.99999999999,186.9,0.0609951845906902,0.04184944446223282
61,Educational services,2005,194.9,194900000.0,267.0,267000000.0,68.313,68313.0,198.3,-0.017145738779626885,0.049741840309791785
61,Educational services,2006,199.8,199800000.0,281.0,281000000.0,71.515,71515.0,194.9,0.025141097998973905,0.04687248400743638
61,Educational services,2007,203.4,203400000.0,300.9,300900000.0,74.502,74502.0,199.8,0.018018018018018056,0.04176746137174003
61,Educational services,2008,216.9,216900000.0,315.4,315400000.0,77.37,77370.0,203.4,0.0663716814159292,0.03849561085608455
61,Educational services,2009,234.3,234300000.0,328.4,328400000.0,80.32,80320.0,216.9,0.08022130013831252,0.03812847356856652
61,Educational services,2010,242.1,242100000.0,344.3,344300000.0,82.195,82195.0,234.3,0.03329065300896272,0.023344123505976144
61,Educational services,2011,244.1,244100000.0,350.6,350600000.0,84.496,84496.0,242.1,0.008261049153242439,0.02799440355252747
61,Educational services,2012,245.2,245200000.0,344.9,344900000.0,87.366,87366.0,244.1,0.004506349856616021,0.03396610490437424
61,Educational services,2013,241.7,241700000.0,347.4,347400000.0,89.779,89779.0,245.2,-0.014274061990212084,0.027619440056772637
61,Educational services,2014,243.9,243900000.0,350.1,350100000.0,92.192,92192.0,241.7,0.009102192800993114,0.026877109346283623
61,Educational services,2015,244.1,244100000.0,354.5,354500000.0,94.789,94789.0,243.9,0.0008200082000819897,0.028169472405414897
61,Educational services,2016,249.7,249700000.0,358.5,358500000.0,97.386,97386.0,244.1,0.022941417451864066,0.027397693825232716
61,Educational services,2017,245.6,245600000.0,357.5,357500000.0,100.0,100000.0,249.7,-0.016419703644373174,0.026841640482204943
61,Educational services,2018,251.0,251000000.0,361.0,361000000.0,102.469,102469.0,245.6,0.02198697068403921,0.02468999999999988
61,Educational services,2019,257.2,257200000.0,366.1,366100000.0,105.093,105093.0,251.0,0.024701195219123395,0.02560774478134853
61,Educational services,2020,236.3,236300000.0,329.8,329800000.0,108.162,108162.0,257.2,-0.08125972006220827,0.029202706174531246
61,Educational services,2021,242.6,242600000.0,338.3,338300000.0,111.271,111271.0,236.3,0.026661024121878985,0.028743921155303997
61,Educational services,2022,261.3,261300000.0,364.7,364700000.0,113.314,113314.0,242.6,0.07708161582852435,0.0183605791266368
61,Educational services,2023,267.9,267899999.99999997,379.9,379900000.0,118.11,118110.0,261.3,0.025258323765786406,0.04232486718322548
61,Educational services,2024,275.3,275300000.0,409.2,409200000.0,121.591,121591.0,267.9,0.027622247107129683,0.02947252561171787
61,Educational services,2025,276.9,276900000.0,417.8,417800000.0,125.418,125418.0,275.3,0.005811841627315628,0.0314743689911261
62,Health care and social assistance,1997,819.2,819200000.0,1290.5,1290500000.0,62.682,62682.0,,,
62,Health care and social assistance,1998,825.2,825200000.0,1333.2,1333200000.0,64.931,64931.0,819.2,0.00732421875,0.035879518841134495
62,Health care and social assistance,1999,851.3,851300000.0,1364.5,1364500000.0,66.534,66534.0,825.2,0.03162869607367891,0.02468774545286556
62,Health care and social assistance,2000,880.5,880500000.0,1410.2,1410200000.0,68.159,68159.0,851.3,0.034300481616351464,0.024423602969910085
62,Health care and social assistance,2001,903.7,903700000.0,1478.4,1478400000.0,71.718,71718.0,880.5,0.02634866553094839,0.052216141668745
62,Health care and social assistance,2002,943.3,943300000.0,1562.6,1562600000.0,74.26,74260.0,903.7,0.04381985172070357,0.035444379374773405
62,Health care and social assistance,2003,980.6,980600000.0,1625.6,1625600000.0,76.073,76073.0,943.3,0.03954203328739547,0.024414220307029222
62,Health care and social assistance,2004,1025.3,1025300000.0,1679.2,1679200000.0,77.849,77849.0,980.6,0.04558433612074242,0.02334599660852099
62,Health care and social assistance,2005,1049.7,1049700000.0,1736.6,1736600000.0,79.744,79744.0,1025.3,0.02379791280600818,0.024341995401353955
62,Health care and social assistance,2006,1093.7,1093700000.0,1784.0,1784000000.0,81.597,81597.0,1049.7,0.041916738115652,0.023236857945425182
62,Health care and social assistance,2007,1103.3,1103300000.0,1822.4,1822400000.0,84.883,84883.0,1093.7,0.008777544116302272,0.04027108839785787
62,Health care and social assistance,2008,1174.1,1174100000.0,1888.0,1888000000.0,86.639,86639.0,1103.3,0.06417112299465244,0.02068729898801891
62,Health care and social assistance,2009,1204.5,1204500000.0,1942.1,1942100000.0,89.563,89563.0,1174.1,0.025892172728047003,0.03374923533281793
62,Health care and social assistance,2010,1216.9,1216900000.0,1985.7,1985700000.0,91.404,91404.0,1204.5,0.010294728102947293,0.02055536326384777
62,Health care and social assistance,2011,1242.2,1242200000.0,2026.6,2026600000.0,92.575,92575.0,1216.9,0.02079053332237657,0.01281125552492246
62,Health care and social assistance,2012,1268.3,1268300000.0,2090.1,2090100000.0,94.224,94224.0,1242.2,0.021011109322170318,0.01781258439103439
62,Health care and social assistance,2013,1298.8,1298800000.0,2100.0,2100000000.0,94.934,94934.0,1268.3,0.024047938184972084,0.0075352351842417065
62,Health care and social assistance,2014,1328.9,1328900000.0,2142.1,2142100000.0,95.583,95583.0,1298.8,0.023175238681860222,0.006836328396570224
62,Health care and social assistance,2015,1390.4,1390400000.0,2242.2,2242200000.0,96.634,96634.0,1328.9,0.04627887726691249,0.010995679147965731
62,Health care and social assistance,2016,1432.9,1432900000.0,2321.6,2321600000.0,98.667,98667.0,1390.4,0.03056674338319909,0.021038143924498653
62,Health care and social assistance,2017,1471.3,1471300000.0,2386.9,2386900000.0,100.0,100000.0,1432.9,0.026798799637099524,0.013510089492940969
62,Health care and social assistance,2018,1514.1,1514100000.0,2438.2,2438200000.0,101.365,101365.0,1471.3,0.029089920478488462,0.01364999999999994
62,Health care and social assistance,2019,1563.3,1563300000.0,2513.1,2513100000.0,103.241,103241.0,1514.1,0.03249455121854572,0.01850737434025551
62,Health care and social assistance,2020,1527.4,1527400000.0,2403.4,2403400000.0,105.744,105744.0,1563.3,-0.022964242307938254,0.024244244050328767
62,Health care and social assistance,2021,1600.1,1600100000.0,2562.4,2562400000.0,108.376,108376.0,1527.4,0.047597224040853536,0.02489030110455448
62,Health care and social assistance,2022,1681.2,1681200000.0,2674.8,2674800000.0,110.816,110816.0,1600.1,0.05068433222923585,0.022514209788145
62,Health care and social assistance,2023,1765.8,1765800000.0,2816.4,2816400000.0,115.735,115735.0,1681.2,0.05032119914346889,0.04438889691019354
62,Health care and social assistance,2024,1844.7,1844700000.0,2974.1,2974100000.0,119.768,119768.0,1765.8,0.04468229697587511,0.0348468484036808
62,Health care and social assistance,2025,1930.6,1930600000.0,3100.2,3100200000.0,122.813,122813.0,1844.7,0.0465658372635116,0.025424153363168722
621,Ambulatory health care services,1997,351.4,351400000.0,562.1,562100000.0,71.4,71400.0,,,
621,Ambulatory health care services,1998,351.6,351600000.0,577.2,577200000.0,73.537,73537.0,351.4,0.0005691519635744324,0.029929971988795545
621,Ambulatory health care services,1999,361.5,361500000.0,589.5,589500000.0,75.028,75028.0,351.6,0.028156996587030747,0.02027550756761909
621,Ambulatory health care services,2000,379.4,379400000.0,612.3,612300000.0,76.001,76001.0,361.5,0.04951590594744126,0.012968491763075018
621,Ambulatory health care services,2001,392.7,392700000.0,646.4,646400000.0,79.175,79175.0,379.4,0.035055350553505615,0.04176260838673174
621,Ambulatory health care services,2002,415.2,415200000.0,685.8,685800000.0,80.465,80465.0,392.7,0.05729564553093969,0.016293021787180395
621,Ambulatory health care services,2003,428.3,428300000.0,718.8,718800000.0,81.832,81832.0,415.2,0.03155105973025063,0.01698875287392032
621,Ambulatory health care services,2004,451.0,451000000.0,751.5,751500000.0,83.172,83172.0,428.3,0.05300023348120475,0.01637501222015847
621,Ambulatory health care services,2005,468.9,468900000.0,774.1,774100000.0,84.641,84641.0,451.0,0.03968957871396883,0.01766219400759872
621,Ambulatory health care services,2006,495.1,495100000.0,793.3,793300000.0,85.46,85460.0,468.9,0.05587545318831322,0.00967616167105767
621,Ambulatory health care services,2007,495.0,495000000.0,806.2,806200000.0,89.378,89378.0,495.1,-0.00020197939810140397,0.045846009829159984
621,Ambulatory health care services,2008,530.9,530900000.0,830.9,830900000.0,90.621,90621.0,495.0,0.07252525252525244,0.013907225491731623
621,Ambulatory health care services,2009,542.4,542400000.0,843.2,843200000.0,93.51,93510.0,530.9,0.021661329817291408,0.031880027808124156
621,Ambulatory health care services,2010,556.1,556100000.0,857.7,857700000.0,95.678,95678.0,542.4,0.025258112094395324,0.023184686129825494
621,Ambulatory health care services,2011,575.2,575200000.0,877.1,877100000.0,96.613,96613.0,556.1,0.03434634058622543,0.009772361462405232
621,Ambulatory health care services,2012,586.8,586800000.0,903.0,903000000.0,97.932,97932.0,575.2,0.020166898470097117,0.013652407025969593
621,Ambulatory health care services,2013,605.7,605700000.0,899.3,899300000.0,98.089,98089.0,586.8,0.03220858895705536,0.0016031532083486955
621,Ambulatory health care services,2014,619.0,619000000.0,927.1,927100000.0,98.683,98683.0,605.7,0.0219580650487039,0.006055724902894299
621,Ambulatory health care services,2015,654.0,654000000.0,977.7,977700000.0,98.297,98297.0,619.0,0.056542810985460434,-0.003911514647913061
621,Ambulatory health care services,2016,685.0,685000000.0,1025.8,1025800000.0,99.326,99326.0,654.0,0.04740061162079501,0.01046827471845524
621,Ambulatory health care services,2017,709.7,709700000.0,1072.3,1072300000.0,100.0,100000.0,685.0,0.036058394160584095,0.006785735859694331
621,Ambulatory health care services,2018,736.5,736500000.0,1098.1,1098100000.0,100.424,100424.0,709.7,0.03776243483161901,0.0042400000000000215
621,Ambulatory health care services,2019,773.4,773400000.0,1137.3,1137300000.0,101.296,101296.0,736.5,0.05010183299389004,0.00868318330279605
621,Ambulatory health care services,2020,740.3,740300000.0,1068.7,1068700000.0,103.005,103005.0,773.4,-0.042798034652185235,0.016871347338492937
621,Ambulatory health care services,2021,802.5,802500000.0,1165.8,1165800000.0,105.723,105723.0,740.3,0.08401999189517761,0.026387068588903384
621,Ambulatory health care services,2022,851.7,851700000.0,1237.7,1237700000.0,106.522,106522.0,802.5,0.06130841121495334,0.007557485126226116
621,Ambulatory health care services,2023,927.1,927100000.0,1333.6,1333600000.0,108.351,108351.0,851.7,0.08852882470353407,0.017170162032256187
621,Ambulatory health care services,2024,973.5,973500000.0,1430.0,1430000000.0,110.838,110838.0,927.1,0.0500485384532412,0.022953179942963198
621,Ambulatory health care services,2025,1019.9,1019900000.0,1500.1,1500100000.0,113.045,113045.0,973.5,0.04766307139188486,0.01991194355726389
622,Hospitals,1997,282.9,282900000.0,455.0,455000000.0,58.408,58408.0,,,
622,Hospitals,1998,286.4,286400000.0,473.3,473300000.0,60.439,60439.0,282.9,0.01237186284906322,0.03477263388576901
622,Hospitals,1999,295.6,295600000.0,483.2,483200000.0,61.667,61667.0,286.4,0.032122905027933024,0.020318006585152038
622,Hospitals,2000,302.1,302100000.0,493.8,493800000.0,62.923,62923.0,295.6,0.02198917456021654,0.0203674574732029
622,Hospitals,2001,308.8,308800000.0,511.1,511100000.0,66.993,66993.0,302.1,0.022178086726249546,0.0646822306628736
622,Hospitals,2002,320.4,320400000.0,545.6,545600000.0,70.512,70512.0,308.8,0.03756476683937815,0.05252787604675113
622,Hospitals,2003,336.0,336000000.0,563.2,563200000.0,72.863,72863.0,320.4,0.048689138576779145,0.033341842523258336
622,Hospitals,2004,353.4,353400000.0,579.0,579000000.0,75.027,75027.0,336.0,0.051785714285714324,0.029699573171568572
622,Hospitals,2005,357.1,357100000.0,603.4,603400000.0,76.981,76981.0,353.4,0.010469722693831507,0.0260439575086302
622,Hospitals,2006,369.7,369700000.0,622.9,622900000.0,79.704,79704.0,357.1,0.03528423410809278,0.035372364609449036
622,Hospitals,2007,377.9,377900000.0,638.1,638100000.0,82.232,82232.0,369.7,0.02218014606437646,0.03171735421057931
622,Hospitals,2008,403.2,403200000.0,666.6,666600000.0,84.3,84300.0,377.9,0.066948928287907,0.025148360735480102
622,Hospitals,2009,422.1,422100000.0,700.9,700900000.0,87.05,87050.0,403.2,0.046875,0.03262158956109129
622,Hospitals,2010,416.9,416900000.0,716.3,716300000.0,88.736,88736.0,422.1,-0.012319355602937843,0.01936817920735212
622,Hospitals,2011,424.8,424800000.0,737.6,737600000.0,89.995,89995.0,416.9,0.01894938834252824,0.014188153624233646
622,Hospitals,2012,432.2,432200000.0,768.7,768700000.0,92.205,92205.0,424.8,0.017419962335216477,0.02455691982887931
622,Hospitals,2013,436.4,436400000.0,777.9,777900000.0,93.432,93432.0,432.2,0.009717723276260859,0.01330730437611849
622,Hospitals,2014,446.0,446000000.0,779.8,779800000.0,94.107,94107.0,436.4,0.021998166819431786,0.007224505522733127
622,Hospitals,2015,467.0,467000000.0,816.4,816400000.0,96.182,96182.0,446.0,0.047085201793722,0.022049369334905977
622,Hospitals,2016,474.9,474900000.0,835.4,835400000.0,98.591,98591.0,467.0,0.01691648822269798,0.02504626645318253
622,Hospitals,2017,486.2,486200000.0,846.2,846200000.0,100.0,100000.0,474.9,0.023794483049063064,0.014291365337606887
622,Hospitals,2018,496.9,496900000.0,866.5,866500000.0,101.708,101708.0,486.2,0.02200740436034554,0.017079999999999984
622,Hospitals,2019,504.1,504100000.0,894.0,894000000.0,104.142,104142.0,496.9,0.014489836989334037,0.023931254178628958
622,Hospitals,2020,506.9,506900000.0,866.8,866800000.0,106.23,106230.0,504.1,0.005554453481452004,0.02004954773290324
622,Hospitals,2021,520.5,520500000.0,919.0,919000000.0,108.825,108825.0,506.9,0.02682974945748673,0.024428127647557085
622,Hospitals,2022,527.1,527100000.0,943.1,943100000.0,113.102,113102.0,520.5,0.012680115273775217,0.03930163105903972
622,Hospitals,2023,533.2,533200000.00000006,966.9,966900000.0,120.575,120575.0,527.1,0.01157275659267687,0.06607310215557627
622,Hospitals,2024,547.6,547600000.0,1011.5,1011500000.0,126.279,126279.0,533.2,0.027006751687921993,0.047306655608542414
622,Hospitals,2025,571.0,571000000.0,1052.0,1052000000.0,129.81,129810.0,547.6,0.04273192111029944,0.027961893901598867
623,Nursing and residential care facilities,1997,115.4,115400000.0,169.7,169700000.0,50.2,50200.0,,,
623,Nursing and residential care facilities,1998,115.3,115300000.0,175.3,175300000.0,52.994,52994.0,115.4,-0.0008665511265165682,0.055657370517928184
623,Nursing and residential care facilities,1999,117.8,117800000.0,176.2,176200000.0,55.145,55145.0,115.3,0.021682567215958404,0.04058950069819223
623,Nursing and residential care facilities,2000,118.6,118600000.0,178.8,178800000.0,58.272,58272.0,117.8,0.00679117147707986,0.05670505032187867
623,Nursing and residential care facilities,2001,119.2,119200000.0,183.1,183100000.0,62.489,62489.0,118.6,0.005059021922428464,0.07236751784733664
623,Nursing and residential care facilities,2002,122.5,122500000.0,187.3,187300000.0,65.948,65948.0,119.2,0.027684563758389347,0.05535374225863743
623,Nursing and residential care facilities,2003,125.4,125400000.0,194.0,194000000.0,68.233,68233.0,122.5,0.023673469387755164,0.034648510948019906
623,Nursing and residential care facilities,2004,127.7,127700000.0,197.2,197200000.0,70.628,70628.0,125.4,0.018341307814992103,0.035100318027933675
623,Nursing and residential care facilities,2005,126.8,126800000.0,203.9,203900000.0,73.221,73221.0,127.7,-0.007047768206734584,0.03671348473693148
623,Nursing and residential care facilities,2006,129.6,129600000.0,208.6,208600000.0,75.381,75381.0,126.8,0.02208201892744488,0.02949973368295966
623,Nursing and residential care facilities,2007,129.7,129699999.99999999,212.2,212200000.0,79.01,79010.0,129.6,0.0007716049382715529,0.04814210477441261
623,Nursing and residential care facilities,2008,135.2,135200000.0,215.5,215500000.0,81.761,81761.0,129.7,0.04240555127216661,0.03481837742057947
623,Nursing and residential care facilities,2009,135.7,135700000.0,216.2,216200000.0,85.77,85770.0,135.2,0.0036982248520709415,0.04903315761793525
623,Nursing and residential care facilities,2010,138.3,138300000.0,222.7,222700000.0,87.221,87221.0,135.7,0.019159911569639032,0.0169173370642417
623,Nursing and residential care facilities,2011,139.0,139000000.0,225.1,225100000.0,88.639,88639.0,138.3,0.005061460592913791,0.016257552653603957
623,Nursing and residential care facilities,2012,140.1,140100000.0,229.6,229600000.0,89.903,89903.0,139.0,0.007913669064748108,0.014260088674285631
623,Nursing and residential care facilities,2013,143.0,143000000.0,232.5,232500000.0,90.325,90325.0,140.1,0.020699500356887945,0.004693947921648789
623,Nursing and residential care facilities,2014,146.3,146300000.0,237.6,237600000.0,90.804,90804.0,143.0,0.023076923076923217,0.005303072239136508
623,Nursing and residential care facilities,2015,148.0,148000000.0,243.1,243100000.0,93.387,93387.0,146.3,0.011619958988379864,0.02844588344125798
623,Nursing and residential care facilities,2016,148.1,148100000.0,245.9,245900000.0,97.103,97103.0,148.0,0.0006756756756756133,0.03979140565603334
623,Nursing and residential care facilities,2017,147.4,147400000.0,243.9,243900000.0,100.0,100000.0,148.1,-0.004726536124240344,0.02983429966118467
623,Nursing and residential care facilities,2018,148.2,148200000.0,242.8,242800000.0,103.624,103624.0,147.4,0.005427408412483015,0.03624000000000005
623,Nursing and residential care facilities,2019,147.0,147000000.0,245.6,245600000.0,107.91,107910.0,148.2,-0.0080971659919028,0.0413610746545201
623,Nursing and residential care facilities,2020,145.4,145400000.0,234.0,234000000.0,113.173,113173.0,147.0,-0.010884353741496544,0.04877212491891392
623,Nursing and residential care facilities,2021,141.6,141600000.0,233.1,233100000.0,115.286,115286.0,145.4,-0.02613480055020645,0.018670530957030307
623,Nursing and residential care facilities,2022,151.9,151900000.0,242.8,242800000.0,118.756,118756.0,141.6,0.07274011299435035,0.030099057994899647
623,Nursing and residential care facilities,2023,153.6,153600000.0,254.5,254500000.0,128.134,128133.99999999999,151.9,0.011191573403554811,0.07896864158442507
623,Nursing and residential care facilities,2024,159.3,159300000.0,269.3,269300000.0,133.28,133280.0,153.6,0.03710937500000022,0.04016108136794316
623,Nursing and residential care facilities,2025,165.0,165000000.0,281.9,281900000.0,137.858,137858.0,159.3,0.03578154425612046,0.03434873949579842
624,Social assistance,1997,74.9,74900000.0,105.0,105000000.0,52.721,52721.0,,,
624,Social assistance,1998,77.8,77800000.0,109.3,109300000.0,55.309,55309.0,74.9,0.03871829105473945,0.04908859847119751
624,Social assistance,1999,82.8,82800000.0,117.8,117800000.0,57.853,57853.0,77.8,0.06426735218509005,0.04599613082861742
624,Social assistance,2000,85.6,85600000.0,126.8,126800000.0,61.438,61438.0,82.8,0.033816425120772875,0.06196740013482449
624,Social assistance,2001,87.5,87500000.0,138.7,138700000.0,63.802,63802.0,85.6,0.02219626168224309,0.038477815033041374
624,Social assistance,2002,88.8,88800000.0,144.3,144300000.0,67.226,67226.0,87.5,0.014857142857142902,0.053666029278079064
624,Social assistance,2003,95.1,95100000.0,149.6,149600000.0,68.45,68450.0,88.8,0.07094594594594583,0.018207241245946637
624,Social assistance,2004,96.9,96900000.0,150.6,150600000.0,69.94,69940.0,95.1,0.018927444794952786,0.021767713659605503
624,Social assistance,2005,99.7,99700000.0,154.4,154400000.0,72.645,72645.0,96.9,0.028895768833849367,0.038676008006863105
624,Social assistance,2006,101.4,101400000.0,158.5,158500000.0,75.869,75869.0,99.7,0.01705115346038122,0.04438020510702745
624,Social assistance,2007,103.1,103100000.0,165.3,165300000.0,78.36,78360.0,101.4,0.0167652859960552,0.03283290935691774
624,Social assistance,2008,106.9,106900000.0,174.7,174700000.0,80.17,80170.0,103.1,0.03685741998060155,0.02309851965288412
624,Social assistance,2009,106.3,106300000.0,182.2,182200000.0,82.504,82504.0,106.9,-0.00561272217025266,0.029113134588998335
624,Social assistance,2010,107.1,107100000.0,189.7,189700000.0,83.75,83750.0,106.3,0.007525870178739291,0.015102298070396536
624,Social assistance,2011,103.7,103700000.0,187.3,187300000.0,85.489,85489.0,107.1,-0.03174603174603163,0.020764179104477698
624,Social assistance,2012,110.1,110100000.0,189.3,189300000.0,87.176,87176.0,103.7,0.06171648987463829,0.019733532969153922
624,Social assistance,2013,114.3,114300000.0,190.9,190900000.0,89.182,89182.0,110.1,0.038147138964577776,0.023010920436817406
624,Social assistance,2014,118.4,118400000.0,198.1,198100000.0,90.226,90226.0,114.3,0.035870516185476875,0.011706398152093511
624,Social assistance,2015,121.8,121800000.0,205.3,205300000.0,93.127,93127.0,118.4,0.028716216216216228,0.03215259459579278
624,Social assistance,2016,124.9,124900000.0,214.6,214600000.0,97.146,97146.0,121.8,0.02545155993431858,0.043156120137017195
624,Social assistance,2017,128.2,128199999.99999999,224.5,224500000.0,100.0,100000.0,124.9,0.02642113690952752,0.02937846128507604
624,Social assistance,2018,132.5,132500000.0,230.8,230800000.0,102.728,102728.0,128.2,0.03354134165366629,0.02727999999999997
624,Social assistance,2019,139.2,139200000.0,236.4,236400000.0,105.511,105511.0,132.5,0.050566037735849,0.02709095864808031
624,Social assistance,2020,134.7,134700000.0,233.6,233600000.0,110.972,110972.0,139.2,-0.032327586206896575,0.05175763664452049
624,Social assistance,2021,137.2,137200000.0,245.5,245500000.0,113.799,113799.0,134.7,0.018559762435040872,0.02547489456799923
624,Social assistance,2022,152.0,152000000.0,253.2,253200000.0,117.89,117890.0,137.2,0.10787172011661816,0.03594934929129434
624,Social assistance,2023,156.6,156600000.0,265.4,265399999.99999997,127.349,127349.0,152.0,0.03026315789473677,0.08023581304605987
624,Social assistance,2024,169.5,169500000.0,269.8,269800000.0,133.672,133672.0,156.6,0.0823754789272031,0.04965095917517992
624,Social assistance,2025,180.3,180300000.0,274.3,274300000.0,138.408,138408.0,169.5,0.06371681415929209,0.03543000778023808
7,"Arts, entertainment, recreation, accommodation, and food services",1997,560.6,560600000.0,943.6,943600000.0,53.831,53831.0,,,
7,"Arts, entertainment, recreation, accommodation, and food services",1998,576.4,576400000.0,972.1,972100000.0,55.881,55881.0,560.6,0.028184088476632008,0.0380821459753673
7,"Arts, entertainment, recreation, accommodation, and food services",1999,607.9,607900000.0,1001.3,1001300000.0,58.26,58260.0,576.4,0.05464954892435814,0.042572609652654636
7,"Arts, entertainment, recreation, accommodation, and food services",2000,643.7,643700000.0,1053.5,1053500000.0,60.04,60040.0,607.9,0.05889126501069275,0.030552694816340598
7,"Arts, entertainment, recreation, accommodation, and food services",2001,623.2,623200000.0,1047.8,1047800000.0,62.683,62683.0,643.7,-0.031847133757961776,0.044020652898068
7,"Arts, entertainment, recreation, accommodation, and food services",2002,638.5,638500000.0,1072.2,1072200000.0,64.758,64757.99999999999,623.2,0.024550706033376057,0.03310307419874592
7,"Arts, entertainment, recreation, accommodation, and food services",2003,657.2,657200000.0,1103.9,1103900000.0,65.75,65750.0,638.5,0.029287392325763495,0.015318570678526378
7,"Arts, entertainment, recreation, accommodation, and food services",2004,687.0,687000000.0,1141.6,1141600000.0,67.12,67120.0,657.2,0.04534388314059634,0.020836501901140725
7,"Arts, entertainment, recreation, accommodation, and food services",2005,688.9,688900000.0,1163.8,1163800000.0,69.825,69825.0,687.0,0.002765647743813604,0.04030095351609053
7,"Arts, entertainment, recreation, accommodation, and food services",2006,707.9,707900000.0,1200.2,1200200000.0,72.251,72251.0,688.9,0.027580200319349713,0.03474400286430357
7,"Arts, entertainment, recreation, accommodation, and food services",2007,707.2,707200000.0,1210.8,1210800000.0,75.453,75453.0,707.9,-0.0009888402316710065,0.044317725706218614
7,"Arts, entertainment, recreation, accommodation, and food services",2008,692.4,692400000.0,1190.3,1190300000.0,78.407,78407.0,707.2,-0.0209276018099549,0.03915019946191656
7,"Arts, entertainment, recreation, accommodation, and food services",2009,650.4,650400000.0,1138.7,1138700000.0,81.945,81945.0,692.4,-0.060658578856152556,0.04512352213450321
7,"Arts, entertainment, recreation, accommodation, and food services",2010,678.6,678600000.0,1153.9,1153900000.0,81.969,81969.0,650.4,0.04335793357933593,0.0002928793703094179
7,"Arts, entertainment, recreation, accommodation, and food services",2011,704.1,704100000.0,1192.5,1192500000.0,82.649,82649.0,678.6,0.03757736516357202,0.008295819151142636
7,"Arts, entertainment, recreation, accommodation, and food services",2012,723.9,723900000.0,1230.5,1230500000.0,86.022,86022.0,704.1,0.028121005538985777,0.04081114109063644
7,"Arts, entertainment, recreation, accommodation, and food services",2013,742.9,742900000.0,1259.4,1259400000.0,87.905,87905.0,723.9,0.026246719160105014,0.021889749133942482
7,"Arts, entertainment, recreation, accommodation, and food services",2014,771.3,771300000.0,1311.8,1311800000.0,89.78,89780.0,742.9,0.038228563736707466,0.02132984471873045
7,"Arts, entertainment, recreation, accommodation, and food services",2015,796.1,796100000.0,1371.6,1371600000.0,94.059,94059.0,771.3,0.032153507065992626,0.04766094898641127
7,"Arts, entertainment, recreation, accommodation, and food services",2016,810.2,810200000.0,1403.7,1403700000.0,97.735,97735.0,796.1,0.01771134279613107,0.03908185287957555
7,"Arts, entertainment, recreation, accommodation, and food services",2017,831.2,831200000.0,1452.9,1452900000.0,100.0,100000.0,810.2,0.025919526042952334,0.02317491175116393
7,"Arts, entertainment, recreation, accommodation, and food services",2018,847.1,847100000.0,1494.0,1494000000.0,103.249,103249.0,831.2,0.019128970163618808,0.03248999999999991
7,"Arts, entertainment, recreation, accommodation, and food services",2019,864.9,864900000.0,1529.9,1529900000.0,106.618,106618.0,847.1,0.02101286743005537,0.03262985597923462
7,"Arts, entertainment, recreation, accommodation, and food services",2020,635.2,635200000.0,1174.8,1174800000.0,109.233,109233.0,864.9,-0.2655798358191698,0.02452681535950796
7,"Arts, entertainment, recreation, accommodation, and food services",2021,794.4,794400000.0,1469.0,1469000000.0,114.672,114672.0,635.2,0.2506297229219143,0.049792645079783426
7,"Arts, entertainment, recreation, accommodation, and food services",2022,863.7,863700000.0,1640.8,1640800000.0,123.91,123910.0,794.4,0.08723564954682783,0.08056020650202322
7,"Arts, entertainment, recreation, accommodation, and food services",2023,895.0,895000000.0,1715.4,1715400000.0,136.262,136262.0,863.7,0.03623943498900073,0.09968525542732642
7,"Arts, entertainment, recreation, accommodation, and food services",2024,897.8,897800000.0,1738.9,1738900000.0,143.366,143366.0,895.0,0.0031284916201117507,0.052134857847382365
7,"Arts, entertainment, recreation, accommodation, and food services",2025,899.2,899200000.0,1770.3,1770300000.0,148.167,148167.0,897.8,0.0015593673423925924,0.033487716752925945
71,"Arts, entertainment, and recreation",1997,141.0,141000000.0,214.8,214800000.0,56.855,56855.0,,,
71,"Arts, entertainment, and recreation",1998,141.1,141100000.0,219.4,219400000.0,58.706,58706.0,141.0,0.0007092198581559739,0.03255650338580618
71,"Arts, entertainment, and recreation",1999,146.4,146400000.0,224.9,224900000.0,61.753,61753.0,141.1,0.03756201275691007,0.05190270159779242
71,"Arts, entertainment, and recreation",2000,153.6,153600000.0,229.7,229700000.0,64.438,64438.0,146.4,0.04918032786885229,0.04347966900393496
71,"Arts, entertainment, and recreation",2001,145.2,145200000.0,235.3,235300000.0,66.594,66594.0,153.6,-0.0546875,0.03345851826561952
71,"Arts, entertainment, and recreation",2002,151.5,151500000.0,240.9,240900000.0,68.509,68509.0,145.2,0.04338842975206614,0.02875634441541286
71,"Arts, entertainment, and recreation",2003,157.3,157300000.0,252.5,252500000.0,70.59,70590.0,151.5,0.03828382838283839,0.030375571092849052
71,"Arts, entertainment, and recreation",2004,162.5,162500000.0,260.4,260399999.99999997,72.502,72502.0,157.3,0.03305785123966931,0.027085989516928644
71,"Arts, entertainment, and recreation",2005,162.4,162400000.0,264.1,264100000.00000003,75.218,75218.0,162.5,-0.0006153846153845732,0.03746103555763991
71,"Arts, entertainment, and recreation",2006,167.4,167400000.0,280.9,280900000.0,77.922,77922.0,162.4,0.030788177339901468,0.035948842032492045
71,"Arts, entertainment, and recreation",2007,170.0,170000000.0,294.7,294700000.0,80.845,80845.0,167.4,0.015531660692950977,0.03751187084520424
71,"Arts, entertainment, and recreation",2008,172.3,172300000.0,292.6,292600000.0,83.123,83123.0,170.0,0.013529411764706012,0.0281773764611295
71,"Arts, entertainment, and recreation",2009,169.6,169600000.0,285.6,285600000.0,85.231,85231.0,172.3,-0.015670342426001294,0.025360008661862388
71,"Arts, entertainment, and recreation",2010,178.5,178500000.0,284.6,284600000.0,85.397,85397.0,169.6,0.05247641509433976,0.0019476481561875314
71,"Arts, entertainment, and recreation",2011,183.9,183900000.0,287.4,287400000.0,86.314,86314.0,178.5,0.03025210084033625,0.0107380821340326
71,"Arts, entertainment, and recreation",2012,193.3,193300000.0,294.3,294300000.0,88.877,88877.0,183.9,0.05111473626971175,0.029693908288342508
71,"Arts, entertainment, and recreation",2013,196.6,196600000.0,302.3,302300000.0,90.112,90112.0,193.3,0.017071908949818804,0.013895608537641824
71,"Arts, entertainment, and recreation",2014,204.9,204900000.0,314.5,314500000.0,91.727,91727.0,196.6,0.04221770091556465,0.017922141335227293
71,"Arts, entertainment, and recreation",2015,200.5,200500000.0,324.9,324900000.0,95.448,95448.0,204.9,-0.021473889702293802,0.04056602745102311
71,"Arts, entertainment, and recreation",2016,206.7,206700000.0,333.4,333400000.0,98.668,98668.0,200.5,0.030922693266832946,0.033735646634817096
71,"Arts, entertainment, and recreation",2017,213.8,213800000.0,352.5,352500000.0,100.0,100000.0,206.7,0.03434929850024204,0.013499817570032713
71,"Arts, entertainment, and recreation",2018,222.3,222300000.0,366.2,366200000.0,102.213,102213.0,213.8,0.03975678203928901,0.022129999999999983
71,"Arts, entertainment, and recreation",2019,226.1,226100000.0,379.5,379500000.0,104.874,104874.0,222.3,0.017094017094017033,0.02603387044700778
71,"Arts, entertainment, and recreation",2020,156.9,156900000.0,283.3,283300000.0,109.117,109117.0,226.1,-0.3060592658115877,0.040458073497721125
71,"Arts, entertainment, and recreation",2021,196.5,196500000.0,355.3,355300000.0,109.698,109698.0,156.9,0.25239005736137665,0.005324559876096258
71,"Arts, entertainment, and recreation",2022,232.3,232300000.0,419.2,419200000.0,113.614,113614.0,196.5,0.18218829516539436,0.03569800725628558
71,"Arts, entertainment, and recreation",2023,246.5,246500000.0,435.2,435200000.0,123.195,123195.0,232.3,0.0611278519156262,0.08432939602513767
71,"Arts, entertainment, and recreation",2024,249.9,249900000.0,450.1,450100000.0,130.735,130735.00000000001,246.5,0.01379310344827589,0.061203782621048086
71,"Arts, entertainment, and recreation",2025,261.7,261700000.0,465.9,465900000.0,135.976,135976.0,249.9,0.047218887555021904,0.04008872910850192
711AS,"Performing arts, spectator sports, museums, and related activities",1997,71.0,71000000.0,107.1,107100000.0,52.367,52367.0,,,
711AS,"Performing arts, spectator sports, museums, and related activities",1998,75.5,75500000.0,113.7,113700000.0,53.768,53768.0,71.0,0.06338028169014076,0.026753489793190477
711AS,"Performing arts, spectator sports, museums, and related activities",1999,77.3,77300000.0,115.3,115300000.0,57.595,57595.0,75.5,0.02384105960264904,0.07117616426127071
711AS,"Performing arts, spectator sports, museums, and related activities",2000,80.7,80700000.0,120.1,120100000.0,61.078,61078.0,77.3,0.04398447606727052,0.060473999479121465
711AS,"Performing arts, spectator sports, museums, and related activities",2001,81.6,81600000.0,126.8,126800000.0,63.465,63465.0,80.7,0.011152416356877248,0.03908117489112284
711AS,"Performing arts, spectator sports, museums, and related activities",2002,87.3,87300000.0,135.8,135800000.0,65.228,65227.99999999999,81.6,0.06985294117647056,0.027779090837469322
711AS,"Performing arts, spectator sports, museums, and related activities",2003,91.8,91800000.0,141.1,141100000.0,67.497,67497.0,87.3,0.05154639175257736,0.03478567486355555
711AS,"Performing arts, spectator sports, museums, and related activities",2004,92.8,92800000.0,141.1,141100000.0,70.112,70112.0,91.8,0.01089324618736387,0.038742462627968655
711AS,"Performing arts, spectator sports, museums, and related activities",2005,91.3,91300000.0,142.0,142000000.0,73.486,73486.0,92.8,-0.016163793103448287,0.04812300319488827
711AS,"Performing arts, spectator sports, museums, and related activities",2006,96.1,96100000.0,149.6,149600000.0,76.501,76501.0,91.3,0.05257393209200445,0.04102822306289644
711AS,"Performing arts, spectator sports, museums, and related activities",2007,94.5,94500000.0,156.4,156400000.0,79.983,79983.0,96.1,-0.01664932362122784,0.04551574489222365
711AS,"Performing arts, spectator sports, museums, and related activities",2008,98.5,98500000.0,157.4,157400000.0,82.72,82720.0,94.5,0.042328042328042326,0.03421977170148649
711AS,"Performing arts, spectator sports, museums, and related activities",2009,100.1,100100000.0,156.7,156700000.0,84.69,84690.0,98.5,0.01624365482233503,0.02381528046421666
711AS,"Performing arts, spectator sports, museums, and related activities",2010,102.8,102800000.0,155.6,155600000.0,85.441,85441.0,100.1,0.02697302697302706,0.00886763490376663
711AS,"Performing arts, spectator sports, museums, and related activities",2011,108.3,108300000.0,157.3,157300000.0,85.892,85892.0,102.8,0.05350194552529186,0.0052784962722813855
711AS,"Performing arts, spectator sports, museums, and related activities",2012,115.9,115900000.0,163.2,163200000.0,87.776,87776.0,108.3,0.07017543859649122,0.021934522423508573
711AS,"Performing arts, spectator sports, museums, and related activities",2013,117.2,117200000.0,167.8,167800000.0,88.871,88871.0,115.9,0.011216566005176842,0.012474936201239517
711AS,"Performing arts, spectator sports, museums, and related activities",2014,123.1,123100000.0,176.8,176800000.0,90.649,90649.0,117.2,0.05034129692832767,0.02000652631342059
711AS,"Performing arts, spectator sports, museums, and related activities",2015,118.0,118000000.0,182.9,182900000.0,94.493,94493.0,123.1,-0.041429731925264,0.042405321625169634
711AS,"Performing arts, spectator sports, museums, and related activities",2016,122.4,122400000.0,186.7,186700000.0,98.081,98081.0,118.0,0.03728813559322042,0.03797106663985694
711AS,"Performing arts, spectator sports, museums, and related activities",2017,126.8,126800000.0,199.0,199000000.0,100.0,100000.0,122.4,0.035947712418300526,0.01956546120043634
711AS,"Performing arts, spectator sports, museums, and related activities",2018,134.1,134100000.0,208.9,208900000.0,101.298,101298.0,126.8,0.05757097791798116,0.012979999999999992
711AS,"Performing arts, spectator sports, museums, and related activities",2019,136.7,136700000.0,217.5,217500000.0,102.806,102806.0,134.1,0.01938851603281133,0.014886769728918559
711AS,"Performing arts, spectator sports, museums, and related activities",2020,94.4,94400000.0,157.9,157900000.0,106.423,106423.0,136.7,-0.30943672275054857,0.035182771433573956
711AS,"Performing arts, spectator sports, museums, and related activities",2021,112.7,112700000.0,195.1,195100000.0,105.72,105720.0,94.4,0.1938559322033897,-0.00660571493004336
711AS,"Performing arts, spectator sports, museums, and related activities",2022,139.0,139000000.0,244.1,244100000.0,108.024,108024.0,112.7,0.233362910381544,0.02179341657207723
711AS,"Performing arts, spectator sports, museums, and related activities",2023,152.2,152200000.0,250.8,250800000.0,115.198,115198.0,139.0,0.0949640287769784,0.06641116788861723
711AS,"Performing arts, spectator sports, museums, and related activities",2024,154.0,154000000.0,261.7,261700000.0,123.851,123851.0,152.2,0.01182654402102501,0.07511415128734877
711AS,"Performing arts, spectator sports, museums, and related activities",2025,165.6,165600000.0,275.6,275600000.0,127.746,127746.0,154.0,0.07532467532467524,0.03144907994283441
713,"Amusements, gambling, and recreation industries",1997,68.8,68800000.0,106.6,106600000.0,62.518,62518.0,,,
713,"Amusements, gambling, and recreation industries",1998,65.1,65099999.99999999,105.1,105100000.0,64.89,64890.0,68.8,-0.053779069767441956,0.03794107297098437
713,"Amusements, gambling, and recreation industries",1999,68.5,68500000.0,108.9,108900000.0,67.072,67072.0,65.1,0.05222734254992334,0.03362613653875801
713,"Amusements, gambling, and recreation industries",2000,72.1,72100000.0,109.1,109100000.0,68.887,68887.0,68.5,0.052554744525547425,0.027060472328244156
713,"Amusements, gambling, and recreation industries",2001,63.4,63400000.0,108.3,108300000.0,70.782,70782.0,72.1,-0.12066574202496527,0.027508818790192624
713,"Amusements, gambling, and recreation industries",2002,64.3,64300000.0,105.3,105300000.0,72.901,72901.0,63.4,0.014195583596214423,0.029936989630132027
713,"Amusements, gambling, and recreation industries",2003,65.7,65700000.0,111.6,111600000.0,74.718,74718.0,64.3,0.021772939346812015,0.02492421228789743
713,"Amusements, gambling, and recreation industries",2004,69.7,69700000.0,119.3,119300000.0,75.668,75668.0,65.7,0.060882800608828,0.012714473085468025
713,"Amusements, gambling, and recreation industries",2005,71.1,71100000.0,121.9,121900000.0,77.525,77525.0,69.7,0.020086083213773254,0.024541417772373952
713,"Amusements, gambling, and recreation industries",2006,71.4,71400000.0,131.1,131100000.0,79.821,79821.0,71.1,0.0042194092827005925,0.029616252821670352
713,"Amusements, gambling, and recreation industries",2007,75.4,75400000.0,138.0,138000000.0,82.019,82019.0,71.4,0.05602240896358546,0.027536613171972313
713,"Amusements, gambling, and recreation industries",2008,73.8,73800000.0,135.1,135100000.0,83.705,83705.0,75.4,-0.021220159151193796,0.020556212584888822
713,"Amusements, gambling, and recreation industries",2009,69.4,69400000.0,128.8,128800000.00000001,86.01,86010.0,73.8,-0.05962059620596194,0.027537184158652472
713,"Amusements, gambling, and recreation industries",2010,75.6,75600000.0,128.8,128800000.00000001,85.352,85352.0,69.4,0.089337175792507,-0.007650273224043769
713,"Amusements, gambling, and recreation industries",2011,75.6,75600000.0,130.0,130000000.0,86.921,86921.0,75.6,0.0,0.018382697534914172
713,"Amusements, gambling, and recreation industries",2012,77.4,77400000.0,131.0,131000000.0,90.476,90476.0,75.6,0.023809523809523947,0.04089920732619268
713,"Amusements, gambling, and recreation industries",2013,79.4,79400000.0,134.5,134500000.0,91.921,91921.0,77.4,0.025839793281653645,0.0159710862549185
713,"Amusements, gambling, and recreation industries",2014,81.8,81800000.0,137.7,137700000.0,93.291,93291.0,79.4,0.030226700251889005,0.014904102435787214
713,"Amusements, gambling, and recreation industries",2015,82.5,82500000.0,142.0,142000000.0,96.831,96831.0,81.8,0.008557457212714059,0.0379457825513716
713,"Amusements, gambling, and recreation industries",2016,84.3,84300000.0,146.6,146600000.0,99.522,99522.0,82.5,0.021818181818181737,0.02779068686680919
713,"Amusements, gambling, and recreation industries",2017,87.0,87000000.0,153.5,153500000.0,100.0,100000.0,84.3,0.03202846975088969,0.0048029581399087196
713,"Amusements, gambling, and recreation industries",2018,88.3,88300000.0,157.3,157300000.0,103.575,103575.0,87.0,0.014942528735632177,0.03574999999999995
713,"Amusements, gambling, and recreation industries",2019,89.5,89500000.0,162.0,162000000.0,107.991,107991.0,88.3,0.013590033975084959,0.04263577118030404
713,"Amusements, gambling, and recreation industries",2020,62.5,62500000.0,125.3,125300000.0,113.186,113186.0,89.5,-0.3016759776536313,0.048105860673574696
713,"Amusements, gambling, and recreation industries",2021,83.4,83400000.0,159.9,159900000.0,115.597,115597.0,62.5,0.33440000000000003,0.021301220999063286
713,"Amusements, gambling, and recreation industries",2022,93.4,93400000.0,175.8,175800000.0,121.817,121817.0,83.4,0.11990407673860903,0.053807624765348505
713,"Amusements, gambling, and recreation industries",2023,95.0,95000000.0,184.9,184900000.0,135.099,135099.0,93.4,0.017130620985010614,0.10903240106060719
713,"Amusements, gambling, and recreation industries",2024,96.6,96600000.0,189.2,189200000.0,140.803,140803.0,95.0,0.01684210526315777,0.042220889865950184
713,"Amusements, gambling, and recreation industries",2025,97.4,97400000.0,191.6,191600000.0,148.237,148237.0,96.6,0.008281573498964967,0.05279717051483268
72,Accommodation and food services,1997,420.1,420100000.0,729.8,729800000.0,52.763,52763.0,,,
72,Accommodation and food services,1998,436.0,436000000.0,753.7,753700000.0,54.876,54876.0,420.1,0.037848131397286267,0.040047002634421736
72,Accommodation and food services,1999,462.4,462400000.0,777.5,777500000.0,57.037,57037.0,436.0,0.06055045871559628,0.03937969239740502
72,Accommodation and food services,2000,491.2,491200000.0,825.2,825200000.0,58.528,58528.0,462.4,0.06228373702422152,0.026140926065536307
72,Accommodation and food services,2001,479.4,479400000.0,813.6,813600000.0,61.314,61314.0,491.2,-0.024022801302931662,0.047601148168398
72,Accommodation and food services,2002,488.3,488300000.0,832.5,832500000.0,63.432,63432.0,479.4,0.01856487275761376,0.0345434974067913
72,Accommodation and food services,2003,501.0,501000000.0,852.4,852400000.0,64.083,64083.0,488.3,0.026008601269711162,0.010262958758985974
72,Accommodation and food services,2004,525.8,525799999.99999994,882.2,882200000.0,65.281,65281.00000000001,501.0,0.04950099800399199,0.01869450556309804
72,Accommodation and food services,2005,528.0,528000000.0,900.8,900800000.0,67.975,67975.0,525.8,0.004184100418410219,0.041267750187650165
72,Accommodation and food services,2006,541.9,541900000.0,920.0,920000000.0,70.308,70308.0,528.0,0.026325757575757613,0.03432144170650986
72,Accommodation and food services,2007,538.3,538300000.0,916.1,916100000.0,73.591,73591.0,541.9,-0.0066432921203174455,0.04669454400637174
72,Accommodation and food services,2008,520.6,520600000.0,897.6,897600000.0,76.759,76759.0,538.3,-0.03288129295931619,0.04304874237338807
72,Accommodation and food services,2009,480.9,480900000.0,852.8,852800000.0,80.786,80786.0,520.6,-0.07625816365731852,0.0524629033728945
72,Accommodation and food services,2010,500.0,500000000.0,869.1,869100000.0,80.759,80759.0,480.9,0.03971719692243725,-0.0003342163246107255
72,Accommodation and food services,2011,520.2,520200000.00000006,905.1,905100000.0,81.355,81355.0,500.0,0.04039999999999999,0.007379982416820363
72,Accommodation and food services,2012,530.4,530400000.0,936.3,936300000.0,85.021,85021.0,520.2,0.019607843137254832,0.045061766332739284
72,Accommodation and food services,2013,546.1,546100000.0,957.0,957000000.0,87.138,87138.0,530.4,0.029600301659125305,0.02489973065477935
72,Accommodation and food services,2014,566.2,566200000.0,997.3,997300000.0,89.108,89108.0,546.1,0.036806445705914737,0.02260781748490892
72,Accommodation and food services,2015,595.7,595700000.0,1046.7,1046700000.0,93.583,93583.0,566.2,0.052101730837160076,0.050219957804013005
72,Accommodation and food services,2016,603.5,603500000.0,1070.3,1070300000.0,97.414,97414.0,595.7,0.013093839180795541,0.0409369223042646
72,Accommodation and food services,2017,617.4,617400000.0,1100.4,1100400000.0,100.0,100000.0,603.5,0.0230323115161557,0.02654649229063577
72,Accommodation and food services,2018,624.8,624800000.0,1127.9,1127900000.0,103.613,103613.0,617.4,0.011985746679624265,0.036129999999999995
72,Accommodation and food services,2019,638.8,638800000.0,1150.5,1150500000.0,107.234,107234.0,624.8,0.02240717029449435,0.034947352166234014
72,Accommodation and food services,2020,478.2,478200000.0,891.5,891500000.0,109.287,109287.0,638.8,-0.25140889167188474,0.019145047279780725
72,Accommodation and food services,2021,597.8,597800000.0,1113.8,1113800000.0,116.322,116322.0,478.2,0.2501045587620241,0.06437179170441132
72,Accommodation and food services,2022,632.8,632800000.0,1222.7,1222700000.0,127.411,127411.0,597.8,0.058548009367681564,0.09533020408865056
72,Accommodation and food services,2023,650.6,650600000.0,1281.2,1281200000.0,140.765,140765.0,632.8,0.028128950695322397,0.10481041668301794
72,Accommodation and food services,2024,650.3,650300000.0,1290.5,1290500000.0,147.678,147678.0,650.6,-0.00046111281893645995,0.04911021915959224
72,Accommodation and food services,2025,641.2,641200000.0,1306.6,1306600000.0,152.281,152281.0,650.3,-0.01399354144241105,0.03116916534622627
721,Accommodation,1997,123.0,123000000.0,192.8,192800000.0,57.506,57506.0,,,
721,Accommodation,1998,125.5,125500000.0,198.0,198000000.0,60.313,60313.0,123.0,0.020325203252032464,0.04881229784718122
721,Accommodation,1999,132.7,132699999.99999999,206.5,206500000.0,63.444,63444.0,125.5,0.057370517928286846,0.05191252300499061
721,Accommodation,2000,142.9,142900000.0,225.5,225500000.0,65.312,65312.0,132.7,0.07686510926902801,0.02944328856944689
721,Accommodation,2001,130.9,130900000.0,208.7,208700000.0,68.816,68816.0,142.9,-0.08397480755773268,0.05365017148456652
721,Accommodation,2002,133.0,133000000.0,211.4,211400000.0,69.661,69661.0,130.9,0.016042780748663166,0.01227912113461982
721,Accommodation,2003,134.9,134900000.0,213.7,213700000.0,69.762,69762.0,133.0,0.014285714285714235,0.0014498786982672929
721,Accommodation,2004,144.9,144900000.0,225.1,225100000.0,70.638,70638.0,134.9,0.07412898443291316,0.01255697944439671
721,Accommodation,2005,144.8,144800000.0,232.2,232200000.0,75.179,75179.0,144.9,-0.0006901311249136732,0.06428551204734001
721,Accommodation,2006,148.6,148600000.0,236.5,236500000.0,78.014,78014.0,144.8,0.026243093922651894,0.03770999880285708
721,Accommodation,2007,151.4,151400000.0,232.5,232500000.0,82.255,82255.0,148.6,0.018842530282638048,0.054362037582997846
721,Accommodation,2008,145.7,145700000.0,230.5,230500000.0,84.74,84740.0,151.4,-0.03764861294583899,0.030210929426782496
721,Accommodation,2009,127.9,127900000.0,214.3,214300000.0,83.924,83924.0,145.7,-0.12216884008236095,-0.00962945480292643
721,Accommodation,2010,135.4,135400000.0,217.8,217800000.0,82.808,82808.0,127.9,0.058639562157935865,-0.01329774557933372
721,Accommodation,2011,145.1,145100000.0,228.3,228300000.0,84.115,84115.0,135.4,0.07163958641063517,0.015783499178823046
721,Accommodation,2012,147.4,147400000.0,240.0,240000000.0,87.458,87458.0,145.1,0.015851137146795313,0.03974320870237169
721,Accommodation,2013,155.0,155000000.0,247.5,247500000.0,89.237,89237.0,147.4,0.05156037991858886,0.020341192343753534
721,Accommodation,2014,158.4,158400000.0,260.0,260000000.0,92.044,92044.0,155.0,0.021935483870967776,0.03145556215471168
721,Accommodation,2015,171.0,171000000.0,270.0,270000000.0,95.09,95090.0,158.4,0.07954545454545459,0.03309286862804761
721,Accommodation,2016,170.3,170300000.0,275.1,275100000.0,97.858,97858.0,171.0,-0.004093567251461927,0.02910926490693022
721,Accommodation,2017,176.3,176300000.0,282.9,282900000.0,100.0,100000.0,170.3,0.03523194362889015,0.021888859367655167
721,Accommodation,2018,177.8,177800000.0,287.1,287100000.0,104.44,104440.0,176.3,0.008508224617129967,0.044399999999999995
721,Accommodation,2019,180.9,180900000.0,288.0,288000000.0,107.714,107714.0,177.8,0.017435320584926917,0.031348142474147744
721,Accommodation,2020,131.7,131699999.99999999,183.7,183700000.0,96.228,96228.0,180.9,-0.27197346600331684,-0.10663423510407188
721,Accommodation,2021,168.4,168400000.0,232.2,232200000.0,105.065,105065.0,131.7,0.2786636294608962,0.09183397763644674
721,Accommodation,2022,177.9,177900000.0,277.0,277000000.0,122.345,122345.0,168.4,0.05641330166270775,0.1644696140484463
721,Accommodation,2023,191.5,191500000.0,301.0,301000000.0,128.269,128269.0,177.9,0.07644744238336143,0.04842045036576903
721,Accommodation,2024,195.0,195000000.0,299.4,299400000.0,131.956,131956.0,191.5,0.018276762402088753,0.02874427959990311
721,Accommodation,2025,200.6,200600000.0,293.3,293300000.0,134.374,134374.0,195.0,0.02871794871794875,0.018324289914820158
722,Food services and drinking places,1997,295.8,295800000.0,536.3,536299999.99999994,51.007,51007.0,,,
722,Food services and drinking places,1998,309.5,309500000.0,555.1,555100000.0,52.843,52843.0,295.8,0.04631507775523991,0.03599505950163717
722,Food services and drinking places,1999,328.7,328700000.0,570.1,570100000.0,54.617,54617.0,309.5,0.062035541195476496,0.03357114471169309
722,Food services and drinking places,2000,347.0,347000000.0,598.3,598300000.0,55.959,55959.0,328.7,0.05567386674779429,0.02457110423494524
722,Food services and drinking places,2001,348.7,348700000.0,604.7,604700000.0,58.468,58468.0,347.0,0.004899135446685854,0.04483639807716355
722,Food services and drinking places,2002,355.5,355500000.0,621.0,621000000.0,61.062,61062.0,348.7,0.019501003728133126,0.04436614900458369
722,Food services and drinking places,2003,366.5,366500000.0,638.9,638900000.0,61.916,61916.0,355.5,0.030942334739803012,0.013985784939897217
722,Food services and drinking places,2004,381.0,381000000.0,657.0,657000000.0,63.233,63233.0,366.5,0.0395634379263301,0.021270753924672148
722,Food services and drinking places,2005,383.3,383300000.0,668.4,668400000.0,65.226,65226.0,381.0,0.0060367454068241955,0.03151835275884429
722,Food services and drinking places,2006,393.4,393400000.0,683.3,683300000.0,67.37,67370.0,383.3,0.02635011740151305,0.03287032778339927
722,Food services and drinking places,2007,386.5,386500000.0,683.7,683700000.0,70.285,70285.0,393.4,-0.01753940010167765,0.04326851714412938
722,Food services and drinking places,2008,374.6,374600000.0,666.9,666900000.0,73.723,73723.0,386.5,-0.030789133247089207,0.04891513125133384
722,Food services and drinking places,2009,353.3,353300000.0,638.6,638600000.0,79.566,79566.0,374.6,-0.05686065136145224,0.0792561344492222
722,Food services and drinking places,2010,364.9,364900000.0,651.4,651400000.0,79.937,79937.0,353.3,0.03283328615907144,0.004662795666490638
722,Food services and drinking places,2011,375.3,375300000.0,676.9,676900000.0,80.264,80264.0,364.9,0.028500959166895212,0.004090721443136491
722,Food services and drinking places,2012,383.2,383200000.0,696.3,696300000.0,84.053,84053.0,375.3,0.021049826805222382,0.04720671783115726
722,Food services and drinking places,2013,391.2,391200000.0,709.5,709500000.0,86.302,86302.0,383.2,0.02087682672233826,0.02675692717690037
722,Food services and drinking places,2014,407.9,407900000.0,737.3,737300000.0,87.944,87944.0,391.2,0.04268916155419222,0.01902621028481377
722,Food services and drinking places,2015,424.7,424700000.0,776.7,776700000.0,92.983,92983.0,407.9,0.04118656533464082,0.05729782588920229
722,Food services and drinking places,2016,433.2,433200000.0,795.2,795200000.0,97.237,97237.0,424.7,0.020014127619496058,0.04575029844165046
722,Food services and drinking places,2017,441.1,441100000.0,817.5,817500000.0,100.0,100000.0,433.2,0.018236380424746068,0.028415109474788425
722,Food services and drinking places,2018,447.0,447000000.0,840.8,840800000.0,103.283,103283.0,441.1,0.013375651779641728,0.032829999999999915
722,Food services and drinking places,2019,457.9,457900000.0,862.5,862500000.0,107.041,107041.0,447.0,0.024384787472035763,0.03638546517819963
722,Food services and drinking places,2020,346.3,346300000.0,706.2,706200000.0,114.339,114339.0,457.9,-0.24372133653636163,0.06817948262815188
722,Food services and drinking places,2021,429.7,429700000.0,879.9,879900000.0,120.679,120679.0,346.3,0.24083164885937047,0.05544914683528801
722,Food services and drinking places,2022,455.1,455100000.0,944.9,944900000.0,129.345,129345.0,429.7,0.05911100767977673,0.0718103398271448
722,Food services and drinking places,2023,460.0,460000000.0,979.8,979800000.0,145.69,145690.0,455.1,0.010766864425400868,0.126367466852217
722,Food services and drinking places,2024,456.7,456700000.0,990.3,990300000.0,153.946,153946.0,460.0,-0.007173913043478253,0.0566682682407853
722,Food services and drinking places,2025,443.0,443000000.0,1011.9,1011900000.0,159.553,159553.0,456.7,-0.029997810378804446,0.03642186221142474
81,"Other services, except government",1997,452.3,452300000.0,602.7,602700000.0,50.924,50924.0,,,
81,"Other services, except government",1998,471.4,471400000.0,642.1,642100000.0,52.766,52766.0,452.3,0.04222860933009054,0.03617154976042736
81,"Other services, except government",1999,475.0,475000000.0,654.0,654000000.0,54.927,54927.0,471.4,0.007636826474331837,0.040954402456127026
81,"Other services, except government",2000,485.5,485500000.0,667.9,667900000.0,57.606,57606.0,475.0,0.022105263157894628,0.048773827079578336
81,"Other services, except government",2001,438.3,438300000.0,669.5,669500000.0,60.577,60577.0,485.5,-0.09721936148300714,0.05157448876853099
81,"Other services, except government",2002,449.9,449900000.0,673.0,673000000.0,63.322,63322.0,438.3,0.026465890942276804,0.04531422817240882
81,"Other services, except government",2003,437.7,437700000.0,672.9,672900000.0,64.833,64833.0,449.9,-0.027117137141587033,0.02386216480843939
81,"Other services, except government",2004,443.4,443400000.0,678.5,678500000.0,67.033,67033.0,437.7,0.013022618231665506,0.03393333641818219
81,"Other services, except government",2005,446.1,446100000.0,668.1,668100000.0,69.624,69624.0,443.4,0.006089309878213989,0.03865260394134218
81,"Other services, except government",2006,448.2,448200000.0,677.2,677200000.0,72.513,72513.0,446.1,0.004707464694014618,0.041494312306101566
81,"Other services, except government",2007,438.5,438500000.0,671.0,671000000.0,75.389,75389.0,448.2,-0.02164212405176258,0.03966185373657116
81,"Other services, except government",2008,422.6,422600000.0,665.4,665400000.0,78.168,78168.0,438.5,-0.03625997719498286,0.03686214169175894
81,"Other services, except government",2009,397.9,397900000.0,615.5,615500000.0,82.027,82027.0,422.6,-0.05844770468528171,0.04936802783747818
81,"Other services, except government",2010,391.6,391600000.0,618.6,618600000.0,83.801,83801.0,397.9,-0.01583312390047742,0.02162702524778437
81,"Other services, except government",2011,388.4,388400000.0,619.5,619500000.0,85.871,85871.0,391.6,-0.008171603677221806,0.024701375878569465
81,"Other services, except government",2012,394.6,394600000.0,635.9,635900000.0,88.355,88355.0,388.4,0.01596292481977346,0.028927111597629063
81,"Other services, except government",2013,398.4,398400000.0,634.3,634300000.0,90.481,90481.0,394.6,0.009630005068423708,0.024062022522777227
81,"Other services, except government",2014,416.6,416600000.0,664.5,664500000.0,92.348,92348.0,398.4,0.0456827309236949,0.020634166289055234
81,"Other services, except government",2015,423.9,423900000.0,677.1,677100000.0,95.168,95168.0,416.6,0.017522803648583718,0.030536665655996886
81,"Other services, except government",2016,424.3,424300000.0,696.0,696000000.0,98.025,98025.0,423.9,0.000943618778013855,0.030020595158036345
81,"Other services, except government",2017,433.2,433200000.0,708.9,708900000.0,100.0,100000.0,424.3,0.020975724723073297,0.020147921448609996
81,"Other services, except government",2018,447.1,447100000.0,724.4,724400000.0,102.369,102369.0,433.2,0.03208679593721153,0.02368999999999999
81,"Other services, except government",2019,449.0,449000000.0,736.5,736500000.0,106.422,106422.0,447.1,0.0042496085886825075,0.03959206400375104
81,"Other services, except government",2020,404.8,404800000.0,672.7,672700000.0,111.322,111322.0,449.0,-0.09844097995545653,0.04604311138674344
81,"Other services, except government",2021,417.7,417700000.0,714.9,714900000.0,116.001,116001.0,404.8,0.03186758893280617,0.04203122473545218
81,"Other services, except government",2022,437.1,437100000.0,765.1,765100000.0,125.786,125786.0,417.7,0.046444816854201765,0.08435272109723191
81,"Other services, except government",2023,414.5,414500000.0,782.4,782400000.0,142.131,142131.0,437.1,-0.05170441546556859,0.12994291892579457
81,"Other services, except government",2024,410.0,410000000.0,795.9,795900000.0,153.182,153182.0,414.5,-0.010856453558504175,0.07775221450633563
81,"Other services, except government",2025,402.4,402400000.0,780.4,780400000.0,161.407,161407.0,410.0,-0.018536585365853675,0.053694298285699604
FIRE,"Finance, insurance, real estate, rental, and leasing",1997,2465.3,2465300000.0,3682.2,3682200000.0,65.402,65402.0,,,
FIRE,"Finance, insurance, real estate, rental, and leasing",1998,2574.1,2574100000.0,3937.1,3937100000.0,66.435,66435.0,2465.3,0.044132559931854054,0.01579462401761411
FIRE,"Finance, insurance, real estate, rental, and leasing",1999,2739.3,2739300000.0,4237.4,4237399999.9999995,67.003,67003.0,2574.1,0.06417777087137266,0.0085497102430947
FIRE,"Finance, insurance, real estate, rental, and leasing",2000,2881.8,2881800000.0,4575.1,4575100000.0,68.521,68521.0,2739.3,0.05202058920162078,0.022655701983493204
FIRE,"Finance, insurance, real estate, rental, and leasing",2001,3028.7,3028700000.0,4585.5,4585500000.0,70.306,70306.0,2881.8,0.050975085016309096,0.026050407904146144
FIRE,"Finance, insurance, real estate, rental, and leasing",2002,3043.7,3043700000.0,4639.9,4639900000.0,72.609,72609.0,3028.7,0.004952619935946201,0.03275680596250674
FIRE,"Finance, insurance, real estate, rental, and leasing",2003,3068.0,3068000000.0,4796.6,4796600000.0,74.78,74780.0,3043.7,0.007983704044419726,0.029899874671184046
FIRE,"Finance, insurance, real estate, rental, and leasing",2004,3128.1,3128100000.0,5069.3,5069300000.0,76.493,76493.0,3068.0,0.019589308996088572,0.022907194437015166
FIRE,"Finance, insurance, real estate, rental, and leasing",2005,3339.3,3339300000.0,5417.9,5417900000.0,78.199,78199.0,3128.1,0.06751702311307195,0.02230269436419019
FIRE,"Finance, insurance, real estate, rental, and leasing",2006,3410.8,3410800000.0,5538.2,5538200000.0,80.485,80485.0,3339.3,0.021411673105141693,0.029233110397831163
FIRE,"Finance, insurance, real estate, rental, and leasing",2007,3492.0,3492000000.0,5662.0,5662000000.0,82.061,82061.0,3410.8,0.023806731558578598,0.01958128843883955
FIRE,"Finance, insurance, real estate, rental, and leasing",2008,3417.8,3417800000.0,5612.7,5612700000.0,82.396,82396.0,3492.0,-0.021248568155784575,0.004082328999159168
FIRE,"Finance, insurance, real estate, rental, and leasing",2009,3603.4,3603400000.0,5533.1,5533100000.0,80.567,80567.0,3417.8,0.05430393820586343,-0.022197679499004863
FIRE,"Finance, insurance, real estate, rental, and leasing",2010,3649.1,3649100000.0,5573.7,5573700000.0,81.95,81950.0,3603.4,0.012682466559360561,0.01716583712934594
FIRE,"Finance, insurance, real estate, rental, and leasing",2011,3712.7,3712700000.0,5653.1,5653100000.0,82.979,82979.0,3649.1,0.017428955084815456,0.012556436851738795
FIRE,"Finance, insurance, real estate, rental, and leasing",2012,3877.0,3877000000.0,5868.1,5868100000.0,84.839,84839.0,3712.7,0.04425350822851293,0.02241530989768492
FIRE,"Finance, insurance, real estate, rental, and leasing",2013,3860.5,3860500000.0,6052.8,6052800000.0,87.259,87259.0,3877.0,-0.004255867939128244,0.02852461721613886
FIRE,"Finance, insurance, real estate, rental, and leasing",2014,3948.5,3948500000.0,6198.7,6198700000.0,90.413,90413.0,3860.5,0.02279497474420422,0.03614526868288648
FIRE,"Finance, insurance, real estate, rental, and leasing",2015,3994.6,3994600000.0,6319.6,6319600000.0,93.342,93342.0,3948.5,0.011675319741674128,0.0323957837921538
FIRE,"Finance, insurance, real estate, rental, and leasing",2016,4022.3,4022300000.0,6362.5,6362500000.0,96.827,96827.0,3994.6,0.006934361387873622,0.03733581881682424
FIRE,"Finance, insurance, real estate, rental, and leasing",2017,4033.0,4033000000.0,6455.1,6455100000.0,100.0,100000.0,4022.3,0.002660169554732361,0.03276978528716157
FIRE,"Finance, insurance, real estate, rental, and leasing",2018,4093.2,4093200000.0,6524.1,6524100000.0,104.031,104031.0,4033.0,0.014926853458963496,0.04031000000000007
FIRE,"Finance, insurance, real estate, rental, and leasing",2019,4184.7,4184700000.0,6655.6,6655600000.0,106.535,106535.0,4093.2,0.022354148343594282,0.024069748440368688
FIRE,"Finance, insurance, real estate, rental, and leasing",2020,4247.7,4247700000.0,6735.9,6735900000.0,109.089,109089.0,4184.7,0.015054842641049504,0.023973342094147476
FIRE,"Finance, insurance, real estate, rental, and leasing",2021,4496.8,4496800000.0,7175.2,7175200000.0,111.515,111515.0,4247.7,0.058643501188878844,0.02223872251097725
FIRE,"Finance, insurance, real estate, rental, and leasing",2022,4665.9,4665900000.0,7335.2,7335200000.0,116.913,116913.0,4496.8,0.03760451876890225,0.04840604402995119
FIRE,"Finance, insurance, real estate, rental, and leasing",2023,4725.8,4725800000.0,7674.8,7674800000.0,124.496,124496.0,4665.9,0.012837823356694367,0.06486019518787467
FIRE,"Finance, insurance, real estate, rental, and leasing",2024,4788.5,4788500000.0,7818.9,7818900000.0,131.18,131180.0,4725.8,0.013267594904566415,0.05368847191877668
FIRE,"Finance, insurance, real estate, rental, and leasing",2025,4937.3,4937300000.0,7953.2,7953200000.0,135.303,135303.0,4788.5,0.031074449201211163,0.03143009605122726
G,Government,1997,2130.5,2130500000.0,2934.5,2934500000.0,53.771,53771.0,,,
G,Government,1998,2154.8,2154800000.0,2996.9,2996900000.0,55.287,55287.0,2130.5,0.011405773292654464,0.02819363597478186
G,Government,1999,2181.3,2181300000.0,3074.3,3074300000.0,57.412,57412.0,2154.8,0.012298125116020131,0.038435798650677366
G,Government,2000,2226.1,2226100000.0,3135.2,3135200000.0,59.433,59433.0,2181.3,0.02053821115848331,0.03520169999303291
G,Government,2001,2249.4,2249400000.0,3234.1,3234100000.0,61.925,61925.0,2226.1,0.010466735546471595,0.04192956774855716
G,Government,2002,2289.5,2289500000.0,3349.1,3349100000.0,64.398,64397.99999999999,2249.4,0.017826976082510937,0.039935405732741236
G,Government,2003,2317.6,2317600000.0,3397.9,3397900000.0,66.98,66980.0,2289.5,0.012273422144573054,0.04009441286996496
G,Government,2004,2338.9,2338900000.0,3447.0,3447000000.0,69.757,69757.0,2317.6,0.009190541939937846,0.0414601373544341
G,Government,2005,2362.9,2362900000.0,3479.4,3479400000.0,72.427,72427.0,2338.9,0.010261233913378076,0.03827572860071382
G,Government,2006,2375.4,2375400000.0,3528.9,3528900000.0,75.487,75487.0,2362.9,0.005290109611071125,0.04224943736451858
G,Government,2007,2399.1,2399100000.0,3575.1,3575100000.0,78.71,78710.0,2375.4,0.00997726698661272,0.04269609336706992
G,Government,2008,2447.3,2447300000.0,3643.0,3643000000.0,81.033,81033.0,2399.1,0.020090867408611768,0.029513403633591784
G,Government,2009,2448.2,2448200000.0,3770.2,3770200000.0,83.594,83594.0,2447.3,0.0003677522167284675,0.03160440808065834
G,Government,2010,2461.1,2461100000.0,3779.0,3779000000.0,85.712,85712.0,2448.2,0.005269177354791266,0.025336746656458686
G,Government,2011,2452.5,2452500000.0,3695.4,3695400000.0,87.2,87200.0,2461.1,-0.0034943724350899874,0.0173604629456785
G,Government,2012,2427.8,2427800000.0,3658.0,3658000000.0,89.021,89021.0,2452.5,-0.01007135575942908,0.020883027522935693
G,Government,2013,2416.6,2416600000.0,3611.0,3611000000.0,91.666,91666.0,2427.8,-0.004613230084850595,0.029712090405634495
G,Government,2014,2415.3,2415300000.0,3599.7,3599700000.0,94.217,94217.0,2416.6,-0.0005379458743688392,0.02782929330395123
G,Government,2015,2411.1,2411100000.0,3668.3,3668300000.0,97.22,97220.0,2415.3,-0.0017389144205689488,0.03187322882282384
G,Government,2016,2430.9,2430900000.0,3738.0,3738000000.0,98.392,98392.0,2411.1,0.008212019410227756,0.01205513268874725
G,Government,2017,2455.8,2455800000.0,3747.6,3747600000.0,100.0,100000.0,2430.9,0.010243119832160863,0.01634279209691858
G,Government,2018,2483.1,2483100000.0,3808.2,3808200000.0,103.046,103046.0,2455.8,0.011116540434888744,0.030460000000000154
G,Government,2019,2499.3,2499300000.0,3927.4,3927400000.0,105.237,105237.0,2483.1,0.0065241029358464875,0.021262348853909874
G,Government,2020,2466.7,2466700000.0,3969.9,3969900000.0,109.915,109915.0,2499.3,-0.013043652222622493,0.04445204633351407
G,Government,2021,2487.1,2487100000.0,4047.7,4047700000.0,112.901,112901.0,2466.7,0.008270158511371584,0.027166446799799848
G,Government,2022,2521.6,2521600000.0,4057.8,4057800000.0,116.025,116025.0,2487.1,0.01387157733906963,0.027670259785121498
G,Government,2023,2538.8,2538800000.0,4131.4,4131399999.9999995,122.055,122055.0,2521.6,0.006821065989847774,0.05197155785391083
G,Government,2024,2593.8,2593800000.0,4248.6,4248600000.0000005,127.087,127087.0,2538.8,0.02166377816291165,0.04122731555446313
G,Government,2025,2594.5,2594500000.0,4282.2,4282200000.0,132.889,132889.0,2593.8,0.0002698743156757111,0.04565376474383687
GF,Federal,1997,668.4,668400000.0,891.3,891300000.0,58.457,58457.0,,,
GF,Federal,1998,666.6,666600000.0,880.5,880500000.0,59.475,59475.0,668.4,-0.0026929982046678402,0.017414509810629974
GF,Federal,1999,662.2,662200000.0,888.8,888800000.0,61.307,61307.0,666.6,-0.0066006600660065695,0.030802858343842
GF,Federal,2000,669.9,669900000.0,897.7,897700000.0,63.223,63223.0,662.2,0.011627906976743985,0.031252548648604606
GF,Federal,2001,661.2,661200000.0,921.0,921000000.0,65.098,65098.0,669.9,-0.01298701298701288,0.029656928649383962
GF,Federal,2002,674.4,674400000.0,970.0,970000000.0,68.578,68578.0,661.2,0.019963702359346636,0.053457863528833416
GF,Federal,2003,687.9,687900000.0,1022.3,1022300000.0,72.521,72521.0,674.4,0.020017793594306,0.057496573245064075
GF,Federal,2004,700.4,700400000.0,1058.0,1058000000.0,75.068,75068.0,687.9,0.018171245820613358,0.03512086154355276
GF,Federal,2005,705.1,705100000.0,1073.3,1073300000.0,78.34,78340.0,700.4,0.006710451170759635,0.04358714765279492
GF,Federal,2006,708.1,708100000.0,1091.5,1091500000.0,81.433,81433.0,705.1,0.0042547156431711475,0.03948174623436307
GF,Federal,2007,714.3,714300000.0,1102.1,1102100000.0,84.441,84441.0,708.1,0.008755825448382826,0.036938341949823705
GF,Federal,2008,733.0,733000000.0,1160.3,1160300000.0,86.451,86451.0,714.3,0.026179476410471914,0.02380360251536562
GF,Federal,2009,754.2,754200000.0,1222.2,1222200000.0,88.152,88152.0,733.0,0.028922237380627713,0.019675885761876843
GF,Federal,2010,772.3,772300000.0,1263.2,1263200000.0,90.502,90502.0,754.2,0.02399893927340213,0.026658498956348087
GF,Federal,2011,773.7,773700000.0,1231.1,1231100000.0,92.257,92257.0,772.3,0.001812767059433007,0.019391836644494065
GF,Federal,2012,771.4,771400000.0,1215.5,1215500000.0,92.77,92770.0,773.7,-0.0029727284477187865,0.0055605536707241665
GF,Federal,2013,754.4,754400000.0,1153.6,1153600000.0,93.617,93617.0,771.4,-0.022037853253824236,0.00913010671553316
GF,Federal,2014,749.1,749100000.0,1127.8,1127800000.0,96.028,96028.0,754.4,-0.007025450689289392,0.025753869489515857
GF,Federal,2015,752.4,752400000.0,1125.0,1125000000.0,97.628,97628.0,749.1,0.004405286343612369,0.016661806972966264
GF,Federal,2016,760.7,760700000.0,1132.0,1132000000.0,98.349,98349.0,752.4,0.01103136629452428,0.00738517638382441
GF,Federal,2017,766.5,766500000.0,1124.5,1124500000.0,100.0,100000.0,760.7,0.007624556329696164,0.01678715594464597
GF,Federal,2018,772.3,772300000.0,1150.0,1150000000.0,103.165,103165.0,766.5,0.007566862361382931,0.031649999999999956
GF,Federal,2019,777.7,777700000.0,1183.4,1183400000.0,105.107,105107.0,772.3,0.00699210151495544,0.0188242136383463
GF,Federal,2020,806.0,806000000.0,1247.5,1247500000.0,106.752,106752.0,777.7,0.036389353221036425,0.01565071783991545
GF,Federal,2021,812.8,812800000.0,1280.5,1280500000.0,110.9,110900.0,806.0,0.008436724565756837,0.03885641486810565
GF,Federal,2022,808.2,808200000.0,1237.7,1237700000.0,116.997,116997.0,812.8,-0.005659448818897572,0.05497745716862035
GF,Federal,2023,811.8,811800000.0,1248.3,1248300000.0,123.161,123161.0,808.2,0.00445434298440972,0.05268511158405764
GF,Federal,2024,828.7,828700000.0,1283.1,1283100000.0,128.498,128497.99999999999,811.8,0.02081793545208188,0.04333352278724578
GF,Federal,2025,801.0,801000000.0,1253.6,1253600000.0,138.445,138445.0,828.7,-0.03342584771328594,0.07740976513253117
GFE,Government enterprises,1997,89.0,89000000.0,117.3,117300000.0,64.245,64245.00000000001,,,
GFE,Government enterprises,1998,93.0,93000000.0,119.1,119100000.0,64.17,64170.0,89.0,0.04494382022471921,-0.001167406023815154
GFE,Government enterprises,1999,93.3,93300000.0,121.4,121400000.0,65.406,65406.00000000001,93.0,0.003225806451612856,0.019261337073398943
GFE,Government enterprises,2000,97.8,97800000.0,124.3,124300000.0,64.635,64635.00000000001,93.3,0.048231511254019255,-0.01178790936611318
GFE,Government enterprises,2001,87.8,87800000.0,118.4,118400000.0,68.518,68518.0,97.8,-0.10224948875255624,0.06007581031948628
GFE,Government enterprises,2002,90.8,90800000.0,119.8,119800000.0,71.175,71175.0,87.8,0.034168564920273425,0.03877813129396657
GFE,Government enterprises,2003,88.7,88700000.0,116.3,116300000.0,72.394,72394.0,90.8,-0.02312775330396466,0.017126800140498943
GFE,Government enterprises,2004,92.5,92500000.0,116.9,116900000.0,71.766,71766.0,88.7,0.04284103720405863,-0.008674752051274992
GFE,Government enterprises,2005,89.2,89200000.0,116.5,116500000.0,71.791,71791.0,92.5,-0.035675675675675644,0.0003483543739373207
GFE,Government enterprises,2006,87.3,87300000.0,119.4,119400000.0,76.457,76457.0,89.2,-0.02130044843049339,0.06499421933111393
GFE,Government enterprises,2007,84.7,84700000.0,120.0,120000000.0,79.585,79585.0,87.3,-0.02978235967926679,0.04091188511189303
GFE,Government enterprises,2008,79.5,79500000.0,117.2,117200000.0,81.251,81251.0,84.7,-0.06139315230224329,0.020933593013759078
GFE,Government enterprises,2009,67.7,67700000.0,109.5,109500000.0,91.386,91386.0,79.5,-0.1484276729559748,0.12473692631475286
GFE,Government enterprises,2010,62.9,62900000.0,105.0,105000000.0,93.722,93722.0,67.7,-0.07090103397341219,0.025561902260740066
GFE,Government enterprises,2011,57.7,57700000.0,100.1,100100000.0,93.606,93606.0,62.9,-0.08267090620031792,-0.0012377029939608652
GFE,Government enterprises,2012,56.1,56100000.0,103.7,103700000.0,92.629,92629.0,57.7,-0.02772963604852685,-0.010437365126166998
GFE,Government enterprises,2013,50.6,50600000.0,98.0,98000000.0,94.106,94106.0,56.1,-0.0980392156862745,0.015945330296127436
GFE,Government enterprises,2014,50.0,50000000.0,95.2,95200000.0,102.838,102838.0,50.6,-0.011857707509881465,0.09278898263660129
GFE,Government enterprises,2015,56.7,56700000.0,95.8,95800000.0,105.726,105726.0,50.0,0.13400000000000012,0.028083004336918238
GFE,Government enterprises,2016,60.6,60600000.0,98.5,98500000.0,101.055,101055.0,56.7,0.06878306878306883,-0.04418023948697569
GFE,Government enterprises,2017,64.3,64300000.0,94.8,94800000.0,100.0,100000.0,60.6,0.06105610561056096,-0.010439859482460068
GFE,Government enterprises,2018,65.4,65400000.00000001,95.9,95900000.0,102.476,102476.0,64.3,0.017107309486780853,0.024759999999999893
GFE,Government enterprises,2019,61.4,61400000.0,93.2,93200000.0,106.836,106836.0,65.4,-0.061162079510703515,0.04254654748428899
GFE,Government enterprises,2020,67.2,67200000.0,94.9,94900000.0,107.157,107157.0,61.4,0.09446254071661242,0.003004605189262044
GFE,Government enterprises,2021,63.4,63400000.0,93.7,93700000.0,117.894,117894.0,67.2,-0.05654761904761907,0.10019877376186348
GFE,Government enterprises,2022,58.0,58000000.0,91.4,91400000.0,126.145,126145.0,63.4,-0.08517350157728709,0.06998659813052388
GFE,Government enterprises,2023,52.8,52800000.0,85.5,85500000.0,133.976,133976.0,58.0,-0.08965517241379317,0.062079353125371606
GFE,Government enterprises,2024,55.4,55400000.0,82.6,82600000.0,140.963,140963.0,52.8,0.04924242424242431,0.052151131545948415
GFE,Government enterprises,2025,51.3,51300000.0,78.4,78400000.0,152.713,152713.0,55.4,-0.07400722021660655,0.08335520668544238
GFG,General government,1997,581.3,581300000.0,773.4,773400000.0,57.371,57371.0,,,
GFG,General government,1998,575.1,575100000.0,760.6,760600000.0,58.558,58558.0,581.3,-0.010665749182865891,0.020689895591849528
GFG,General government,1999,570.4,570400000.0,766.4,766400000.0,60.482,60482.0,575.1,-0.00817249174056689,0.03285631339868167
GFG,General government,2000,573.4,573400000.0,772.4,772400000.0,62.842,62842.0,570.4,0.005259467040673149,0.03901987368142579
GFG,General government,2001,575.0,575000000.0,802.0,802000000.0,64.39,64390.0,573.4,0.002790373212417263,0.02463320709079908
GFG,General government,2002,585.2,585200000.0,849.8,849800000.0,67.987,67987.0,575.0,0.0177391304347827,0.05586271160118028
GFG,General government,2003,601.0,601000000.0,906.0,906000000.0,72.33,72330.0,585.2,0.02699931647300069,0.06387985938488239
GFG,General government,2004,609.7,609700000.0,941.1,941100000.0,75.346,75346.0,601.0,0.014475873544093298,0.041697774090972084
GFG,General government,2005,617.5,617500000.0,956.8,956800000.0,79.089,79089.0,609.7,0.012793176972281328,0.049677487856024216
GFG,General government,2006,622.2,622200000.0,972.0,972000000.0,81.951,81951.0,617.5,0.007611336032388838,0.03618708037780216
GFG,General government,2007,630.8,630800000.0,982.0,982000000.0,84.936,84936.0,622.2,0.013821922211507465,0.036424204707691255
GFG,General government,2008,654.2,654200000.0,1042.9,1042900000.0000001,86.986,86986.0,630.8,0.037095751426759804,0.02413581991146274
GFG,General government,2009,686.9,686900000.0,1112.5,1112500000.0,87.787,87787.0,654.2,0.049984714154692744,0.009208378359736091
GFG,General government,2010,710.0,710000000.0,1158.3,1158300000.0,90.137,90137.0,686.9,0.03362934925025485,0.02676933942383264
GFG,General government,2011,716.7,716700000.0,1131.2,1131200000.0,92.048,92048.0,710.0,0.009436619718310002,0.021201060607741518
GFG,General government,2012,716.1,716100000.0,1111.8,1111800000.0,92.679,92679.0,716.7,-0.000837170364169193,0.006855119068312154
GFG,General government,2013,704.6,704600000.0,1055.7,1055700000.0,93.479,93479.0,716.1,-0.01605920960759666,0.00863194466923467
GFG,General government,2014,699.9,699900000.0,1032.7,1032700000.0,95.435,95435.0,704.6,-0.006670451319897852,0.0209244857133688
GFG,General government,2015,695.9,695900000.0,1029.3,1029300000.0,96.935,96935.0,699.9,-0.00571510215745108,0.015717504060355214
GFG,General government,2016,700.1,700100000.0,1033.5,1033500000.0,98.109,98109.0,695.9,0.006035349906595933,0.012111208541806251
GFG,General government,2017,702.1,702100000.0,1029.6,1029599999.9999999,100.0,100000.0,700.1,0.0028567347521781805,0.019274480424833706
GFG,General government,2018,706.9,706900000.0,1054.1,1054099999.9999999,103.228,103228.0,702.1,0.006836632958268085,0.032279999999999864
GFG,General government,2019,716.3,716300000.0,1090.2,1090200000.0,104.955,104955.0,706.9,0.013297496109775153,0.016729956988414063
GFG,General government,2020,738.7,738700000.0,1152.6,1152600000.0,106.717,106717.0,716.3,0.031271813485969746,0.016788147301224354
GFG,General government,2021,749.5,749500000.0,1186.9,1186900000.0,110.289,110289.0,738.7,0.0146202788682821,0.03347170553894885
GFG,General government,2022,750.7,750700000.0,1146.4,1146400000.0,116.21,116210.0,749.5,0.0016010673782522744,0.053686224374144276
GFG,General government,2023,760.0,760000000.0,1163.4,1163400000.0,122.246,122246.0,750.7,0.012388437458372037,0.0519404526288616
GFG,General government,2024,774.2,774200000.0,1201.4,1201400000.0,127.461,127461.0,760.0,0.01868421052631586,0.04265988253194375
GFG,General government,2025,750.8,750800000.0,1176.2,1176200000.0,137.262,137262.0,774.2,-0.030224748127099077,0.07689410878621694
GFGD,National defense,1997,370.2,370200000.0,504.2,504200000.0,57.211,57211.0,,,
GFGD,National defense,1998,360.2,360200000.0,490.2,490200000.0,58.423,58423.0,370.2,-0.02701242571582929,0.021184737200887982
GFGD,National defense,1999,352.1,352100000.0,496.9,496900000.0,60.218,60218.0,360.2,-0.02248750694058843,0.03072420108518914
GFGD,National defense,2000,348.0,348000000.0,491.0,491000000.0,62.538,62538.0,352.1,-0.011644419199091205,0.03852668637284529
GFGD,National defense,2001,347.2,347200000.0,505.9,505900000.0,64.238,64238.0,348.0,-0.0022988505747126853,0.02718347244875119
GFGD,National defense,2002,352.3,352300000.0,534.6,534600000.0,68.042,68042.0,347.2,0.014688940092165925,0.059217285718733415
GFGD,National defense,2003,362.1,362100000.0,577.5,577500000.0,72.972,72972.0,352.3,0.027817201248935497,0.07245524822903482
GFGD,National defense,2004,369.8,369800000.0,604.8,604800000.0,75.976,75976.0,362.1,0.02126484396575523,0.04116647481225688
GFGD,National defense,2005,375.4,375400000.0,613.1,613100000.0,80.243,80243.0,369.8,0.015143320713899344,0.05616247235969252
GFGD,National defense,2006,377.0,377000000.0,619.7,619700000.0,83.571,83571.0,375.4,0.004262120404901593,0.04147402265618183
GFGD,National defense,2007,381.7,381700000.0,630.7,630700000.0,86.742,86742.0,377.0,0.012466843501326208,0.037943784327099106
GFGD,National defense,2008,396.4,396400000.0,671.1,671100000.0,88.947,88947.0,381.7,0.03851192035630069,0.025420211662170455
GFGD,National defense,2009,417.8,417800000.0,711.8,711800000.0,89.214,89214.0,396.4,0.053985872855701444,0.003001787581368598
GFGD,National defense,2010,430.9,430900000.0,736.7,736700000.0,91.323,91323.0,417.8,0.03135471517472466,0.023639787477301777
GFGD,National defense,2011,436.7,436700000.0,728.0,728000000.0,93.222,93222.0,430.9,0.013460199582269627,0.02079432344535337
GFGD,National defense,2012,432.8,432800000.0,707.8,707800000.0,94.189,94189.0,436.7,-0.008930615983512635,0.010373087897706634
GFGD,National defense,2013,424.0,424000000.0,662.8,662800000.0,94.381,94381.0,432.8,-0.020332717190388205,0.0020384545966090073
GFGD,National defense,2014,417.1,417100000.0,639.6,639600000.0,96.063,96063.0,424.0,-0.016273584905660332,0.017821383541178903
GFGD,National defense,2015,408.9,408900000.0,624.9,624900000.0,97.563,97563.0,417.1,-0.019659554063773732,0.015614752818462918
GFGD,National defense,2016,406.7,406700000.0,622.9,622900000.0,98.513,98513.0,408.9,-0.005380288579114656,0.00973729795106748
GFGD,National defense,2017,405.6,405600000.0,624.3,624300000.0,100.0,100000.0,406.7,-0.0027046963363658305,0.015094454538994828
GFGD,National defense,2018,407.9,407900000.0,640.6,640600000.0,102.976,102976.0,405.6,0.005670611439842155,0.02976000000000001
GFGD,National defense,2019,413.5,413500000.0,672.1,672100000.0,104.532,104532.0,407.9,0.01372885511154709,0.015110316967060333
GFGD,National defense,2020,422.4,422400000.0,685.6,685600000.0,106.934,106934.0,413.5,0.021523579201934595,0.022978609421038465
GFGD,National defense,2021,426.9,426900000.0,682.2,682200000.0,111.029,111029.0,422.4,0.010653409090909172,0.03829464903585378
GFGD,National defense,2022,422.1,422100000.0,653.9,653900000.0,117.419,117419.0,426.9,-0.01124385101897385,0.05755253132064597
GFGD,National defense,2023,419.4,419400000.0,674.0,674000000.0,124.095,124095.0,422.1,-0.006396588486140886,0.05685621577427846
GFGD,National defense,2024,421.6,421600000.0,697.6,697600000.0,130.326,130326.0,419.4,0.005245588936576118,0.05021153148797297
GFGD,National defense,2025,412.4,412400000.0,697.4,697400000.0,138.218,138218.0,421.6,-0.021821631878558012,0.06055583690130906
GFGN,Nondefense,1997,211.1,211100000.0,268.5,268500000.0,57.663,57663.0,,,
GFGN,Nondefense,1998,214.9,214900000.0,269.8,269800000.0,58.807,58807.0,211.1,0.018000947418285174,0.019839411754504654
GFGN,Nondefense,1999,218.2,218200000.0,268.9,268900000.0,60.945,60945.0,214.9,0.015355979525360608,0.03635621609672324
GFGN,Nondefense,2000,225.2,225200000.0,280.9,280900000.0,63.369,63369.0,218.2,0.03208065994500453,0.03977356633029783
GFGN,Nondefense,2001,227.7,227700000.0,295.5,295500000.0,64.685,64685.0,225.2,0.011101243339254108,0.020767252126434155
GFGN,Nondefense,2002,232.6,232600000.0,314.6,314600000.0,67.972,67972.0,227.7,0.021519543258673668,0.05081549045373723
GFGN,Nondefense,2003,238.6,238600000.0,327.8,327800000.0,71.431,71431.0,232.6,0.02579535683576961,0.05088860118872485
GFGN,Nondefense,2004,239.5,239500000.0,335.4,335400000.0,74.467,74467.0,238.6,0.0037720033528918506,0.04250255491313304
GFGN,Nondefense,2005,241.8,241800000.0,342.8,342800000.0,77.404,77404.0,239.5,0.00960334029227572,0.03944028898706797
GFGN,Nondefense,2006,244.9,244900000.0,351.6,351600000.0,79.549,79549.0,241.8,0.012820512820512775,0.027711746162989215
GFGN,Nondefense,2007,248.8,248800000.0,350.3,350300000.0,82.251,82251.0,244.9,0.015924867292772538,0.03396648606519248
GFGN,Nondefense,2008,257.5,257500000.0,370.7,370700000.0,84.063,84063.0,248.8,0.034967845659164,0.02203012729328524
GFGN,Nondefense,2009,268.7,268700000.0,399.7,399700000.0,85.699,85699.0,257.5,0.04349514563106793,0.01946159428048011
GFGN,Nondefense,2010,278.8,278800000.0,420.8,420800000.0,88.425,88425.0,268.7,0.03758838853740243,0.03180900593939251
GFGN,Nondefense,2011,279.6,279600000.0,402.1,402100000.0,90.36,90360.0,278.8,0.0028694404591105283,0.02188295165394405
GFGN,Nondefense,2012,283.0,283000000.0,403.2,403200000.0,90.472,90472.0,279.6,0.012160228898426162,0.001239486498450626
GFGN,Nondefense,2013,280.3,280300000.0,392.4,392400000.0,92.197,92197.0,283.0,-0.00954063604240274,0.0190666725616766
GFGN,Nondefense,2014,282.6,282600000.0,392.9,392900000.0,94.562,94562.0,280.3,0.008205494113449951,0.02565159386964866
GFGN,Nondefense,2015,286.9,286900000.0,404.3,404300000.0,96.063,96063.0,282.6,0.015215852795470441,0.015873183731308638
GFGN,Nondefense,2016,293.4,293400000.0,410.5,410500000.0,97.552,97552.0,286.9,0.02265597769257588,0.015500244631127424
GFGN,Nondefense,2017,296.5,296500000.0,405.4,405400000.0,100.0,100000.0,293.4,0.0105657805044308,0.02509430867639817
GFGN,Nondefense,2018,299.0,299000000.0,413.5,413500000.0,103.573,103573.0,296.5,0.008431703204047292,0.03573000000000004
GFGN,Nondefense,2019,302.7,302700000.0,418.2,418200000.0,105.532,105532.0,299.0,0.012374581939799345,0.018914195784615728
GFGN,Nondefense,2020,316.3,316300000.0,466.9,466900000.0,106.432,106432.0,302.7,0.0449289725801123,0.008528218928855802
GFGN,Nondefense,2021,322.6,322600000.0,504.6,504600000.0,109.306,109306.0,316.3,0.019917799557382265,0.02700315694527955
GFGN,Nondefense,2022,328.8,328800000.0,492.5,492500000.0,114.616,114616.0,322.6,0.019218846869187844,0.048579217975225575
GFGN,Nondefense,2023,341.0,341000000.0,489.2,489200000.0,119.842,119842.0,328.8,0.0371046228710461,0.04559572834508274
GFGN,Nondefense,2024,353.2,353200000.0,503.7,503700000.0,123.819,123819.0,341.0,0.035777126099706624,0.03318536072495459
GFGN,Nondefense,2025,339.0,339000000.0,478.6,478600000.0,135.908,135908.0,353.2,-0.04020385050962627,0.09763445028630491
GSL,State and local,1997,1461.8,1461800000.0,2047.1,2047100000.0,51.637,51637.0,,,
GSL,State and local,1998,1489.2,1489200000.0,2123.5,2123500000.0,53.379,53379.0,1461.8,0.018744014229032713,0.03373549973855949
GSL,State and local,1999,1521.4,1521400000.0,2194.2,2194200000.0,55.63,55630.0,1489.2,0.02162234756916459,0.04217014181607004
GSL,State and local,2000,1559.1,1559100000.0,2247.0,2247000000.0,57.693,57693.0,1521.4,0.02477980807151292,0.037084307028581565
GSL,State and local,2001,1592.5,1592500000.0,2323.3,2323300000.0,60.439,60439.0,1559.1,0.021422615611570883,0.047596762172187335
GSL,State and local,2002,1619.4,1619400000.0,2388.4,2388400000.0,62.487,62487.0,1592.5,0.016891679748822552,0.03388540511921123
GSL,State and local,2003,1633.4,1633400000.0,2381.4,2381400000.0,64.494,64494.0,1619.4,0.008645177226133116,0.03211868068558266
GSL,State and local,2004,1641.5,1641500000.0,2392.8,2392800000.0,67.362,67362.0,1633.4,0.004958981266070639,0.04446925295376314
GSL,State and local,2005,1661.2,1661200000.0,2409.5,2409500000.0,69.769,69769.0,1641.5,0.012001218397806879,0.035732311985986254
GSL,State and local,2006,1670.7,1670700000.0,2440.6,2440600000.0,72.81,72810.0,1661.2,0.005718757524680873,0.04358669323051778
GSL,State and local,2007,1688.4,1688400000.0,2476.5,2476500000.0,76.117,76117.0,1670.7,0.010594361644819639,0.04541958522181022
GSL,State and local,2008,1717.5,1717500000.0,2484.2,2484200000.0,78.569,78569.0,1688.4,0.0172352523098791,0.03221356595767033
GSL,State and local,2009,1695.3,1695300000.0,2548.7,2548700000.0,81.504,81504.0,1717.5,-0.012925764192139755,0.037355700085275334
GSL,State and local,2010,1688.9,1688900000.0,2514.6,2514600000.0,83.518,83518.0,1695.3,-0.0037751430425292387,0.024710443659206938
GSL,State and local,2011,1678.6,1678600000.0,2463.3,2463300000.0,84.883,84883.0,1688.9,-0.006098644087867977,0.016343782178692035
GSL,State and local,2012,1655.7,1655700000.0,2441.6,2441600000.0,87.31,87310.0,1678.6,-0.013642320981770428,0.028592297633212915
GSL,State and local,2013,1662.1,1662100000.0,2457.1,2457100000.0,90.783,90783.0,1655.7,0.0038654345594006934,0.03977780322987057
GSL,State and local,2014,1666.3,1666300000.0,2471.8,2471800000.0,93.397,93397.0,1662.1,0.0025269237711329495,0.028793937190883856
GSL,State and local,2015,1658.7,1658700000.0,2543.2,2543200000.0,97.035,97035.0,1666.3,-0.004561003420752496,0.03895200059959092
GSL,State and local,2016,1670.3,1670300000.0,2606.0,2606000000.0,98.412,98412.0,1658.7,0.006993428588653705,0.014190755912815156
GSL,State and local,2017,1689.4,1689400000.0,2623.1,2623100000.0,100.0,100000.0,1670.3,0.011435071544034114,0.016136243547534734
GSL,State and local,2018,1710.8,1710800000.0,2658.3,2658300000.0,102.992,102992.0,1689.4,0.012667219131052398,0.029919999999999947
GSL,State and local,2019,1721.7,1721700000.0,2744.0,2744000000.0,105.295,105295.0,1710.8,0.006371288286181942,0.022360960074568892
GSL,State and local,2020,1661.6,1661600000.0,2723.0,2723000000.0,111.394,111394.0,1721.7,-0.03490735900563402,0.057922978299064676
GSL,State and local,2021,1675.2,1675200000.0,2768.1,2768100000.0,113.814,113814.0,1661.6,0.008184882041405883,0.021724688941953563
GSL,State and local,2022,1714.3,1714300000.0,2819.1,2819100000.0,115.514,115514.0,1675.2,0.023340496657115573,0.0149366510271145
GSL,State and local,2023,1727.8,1727800000.0,2881.8,2881800000.0,121.478,121478.0,1714.3,0.007874934375546871,0.05163010544176472
GSL,State and local,2024,1765.9,1765900000.0,2964.1,2964100000.0,126.364,126364.0,1727.8,0.022051163329089185,0.0402212746340902
GSL,State and local,2025,1795.8,1795800000.0,3028.0,3028000000.0,130.282,130282.00000000001,1765.9,0.01693187609717417,0.03100566617074496
GSLE,Government enterprises,1997,144.8,144800000.0,236.9,236900000.0,45.239,45239.0,,,
GSLE,Government enterprises,1998,143.5,143500000.0,242.9,242900000.0,47.887,47887.0,144.8,-0.008977900552486262,0.05853356617078198
GSLE,Government enterprises,1999,154.6,154600000.0,250.4,250400000.0,47.357,47357.0,143.5,0.07735191637630656,-0.011067721928707197
GSLE,Government enterprises,2000,164.8,164800000.0,250.4,250400000.0,45.817,45817.0,154.6,0.06597671410090578,-0.032518951791709716
GSLE,Government enterprises,2001,164.1,164100000.0,249.2,249200000.0,48.867,48867.0,164.8,-0.0042475728155341175,0.06656917737957513
GSLE,Government enterprises,2002,161.9,161900000.0,260.8,260800000.0,50.243,50243.0,164.1,-0.013406459475929222,0.02815806167761492
GSLE,Government enterprises,2003,167.6,167600000.0,266.8,266800000.0,49.734,49734.0,161.9,0.03520691785052499,-0.010130764484604815
GSLE,Government enterprises,2004,170.9,170900000.0,272.8,272800000.0,50.574,50574.0,167.6,0.019689737470167223,0.01688985402340437
GSLE,Government enterprises,2005,182.8,182800000.0,276.7,276700000.0,50.313,50313.0,170.9,0.069631363370392,-0.005160754537904766
GSLE,Government enterprises,2006,177.9,177900000.0,285.2,285200000.0,53.055,53055.0,182.8,-0.026805251641137895,0.05449883727863569
GSLE,Government enterprises,2007,171.9,171900000.0,290.0,290000000.0,54.689,54689.0,177.9,-0.033726812816188834,0.030798228253698934
GSLE,Government enterprises,2008,183.5,183500000.0,297.4,297400000.0,53.014,53014.0,171.9,0.06748109365910415,-0.030627731353654264
GSLE,Government enterprises,2009,142.9,142900000.0,314.2,314200000.0,70.843,70843.0,183.5,-0.22125340599455035,0.3363073905006224
GSLE,Government enterprises,2010,151.8,151800000.0,324.2,324200000.0,68.81,68810.0,142.9,0.062281315605318355,-0.0286972601386164
GSLE,Government enterprises,2011,160.9,160900000.0,328.4,328400000.0,69.412,69412.0,151.8,0.059947299077733884,0.008748728382502513
GSLE,Government enterprises,2012,157.6,157600000.0,333.4,333400000.0,76.207,76207.0,160.9,-0.02050963331261657,0.09789373595343731
GSLE,Government enterprises,2013,167.3,167300000.0,339.8,339800000.0,76.396,76396.0,157.6,0.061548223350254005,0.002480087131103481
GSLE,Government enterprises,2014,170.1,170100000.0,343.2,343200000.0,79.047,79047.0,167.3,0.01673640167363999,0.034700769673804865
GSLE,Government enterprises,2015,148.2,148200000.0,347.3,347300000.0,95.074,95074.0,170.1,-0.12874779541446213,0.20275279264235202
GSLE,Government enterprises,2016,141.5,141500000.0,351.6,351600000.0,100.815,100815.0,148.2,-0.045209176788124084,0.06038454256684256
GSLE,Government enterprises,2017,144.5,144500000.0,354.2,354200000.0,100.0,100000.0,141.5,0.021201413427561766,-0.008084114467093118
GSLE,Government enterprises,2018,152.2,152200000.0,362.7,362700000.0,99.159,99159.0,144.5,0.05328719723183384,-0.008409999999999918
GSLE,Government enterprises,2019,144.3,144300000.0,365.4,365400000.0,104.759,104759.0,152.2,-0.0519053876478317,0.05647495436621974
GSLE,Government enterprises,2020,126.9,126900000.0,329.7,329700000.0,111.047,111047.0,144.3,-0.12058212058212059,0.06002348246928668
GSLE,Government enterprises,2021,139.9,139900000.0,352.3,352300000.0,100.065,100065.0,126.9,0.10244286840031513,-0.09889506245103419
GSLE,Government enterprises,2022,148.4,148400000.0,361.9,361900000.0,96.757,96757.0,139.9,0.06075768406004278,-0.033058511967221205
GSLE,Government enterprises,2023,115.4,115400000.0,366.6,366600000.0,126.604,126604.0,148.4,-0.22237196765498657,0.30847380551277936
GSLE,Government enterprises,2024,113.2,113200000.0,381.0,381000000.0,139.693,139693.0,115.4,-0.01906412478336228,0.10338535907238322
GSLE,Government enterprises,2025,118.7,118700000.0,397.8,397800000.0,141.816,141816.0,113.2,0.048586572438162445,0.015197611906108355
GSLG,General government,1997,1322.7,1322700000.0,1808.4,1808400000.0,52.117,52117.0,,,
GSLG,General government,1998,1350.9,1350900000.0,1878.6,1878600000.0,53.755,53755.0,1322.7,0.021320027217055948,0.031429284110750855
GSLG,General government,1999,1373.2,1373200000.0,1941.8,1941800000.0,56.301,56301.0,1350.9,0.016507513509512073,0.04736303599665148
GSLG,General government,2000,1402.2,1402200000.0,1994.2,1994200000.0,58.763,58763.0,1373.2,0.021118555199533873,0.043729241043675815
GSLG,General government,2001,1435.6,1435600000.0,2071.4,2071400000.0,61.46,61460.0,1402.2,0.023819711881329253,0.04589622721780717
GSLG,General government,2002,1463.8,1463800000.0,2125.0,2125000000.0,63.574,63574.0,1435.6,0.019643354694901083,0.03439635535307506
GSLG,General government,2003,1473.2,1473200000.0,2112.2,2112199999.9999998,65.853,65853.0,1463.8,0.00642164230086073,0.035847988171265
GSLG,General government,2004,1478.6,1478600000.0,2117.9,2117900000.0,68.939,68939.0,1473.2,0.003665490089600709,0.046861950100982375
GSLG,General government,2005,1489.3,1489300000.0,2130.8,2130800000.0000002,71.646,71646.0,1478.6,0.00723657513864473,0.03926659800693377
GSLG,General government,2006,1502.0,1502000000.0,2153.5,2153500000.0,74.703,74703.0,1489.3,0.008527496139125734,0.042668118248053055
GSLG,General government,2007,1523.5,1523500000.0,2184.7,2184700000.0,78.186,78186.0,1502.0,0.014314247669773739,0.0466246335488536
GSLG,General government,2008,1543.9,1543900000.0,2185.3,2185300000.0,81.1,81100.0,1523.5,0.013390219888414823,0.03727009950630533
GSLG,General government,2009,1549.8,1549800000.0,2233.3,2233300000.0,82.625,82625.0,1543.9,0.003821491029211588,0.018803945745992756
GSLG,General government,2010,1536.1,1536100000.0,2189.7,2189700000.0,85.025,85025.0,1549.8,-0.008839850303264951,0.029046898638426688
GSLG,General government,2011,1518.7,1518700000.0,2134.7,2134699999.9999998,86.466,86466.0,1536.1,-0.011327387539873612,0.016947956483387205
GSLG,General government,2012,1498.9,1498900000.0,2108.2,2108199999.9999998,88.433,88433.0,1518.7,-0.013037466254033014,0.02274882612818918
GSLG,General government,2013,1497.0,1497000000.0,2117.5,2117500000.0,92.257,92257.0,1498.9,-0.001267596237240709,0.04324177625999348
GSLG,General government,2014,1498.8,1498800000.0,2128.8,2128800000.0000002,94.863,94863.0,1497.0,0.0012024048096193063,0.02824717907584251
GSLG,General government,2015,1510.5,1510500000.0,2195.9,2195900000.0,97.226,97226.0,1498.8,0.007806244995996803,0.024909606485141733
GSLG,General government,2016,1528.7,1528700000.0,2254.4,2254400000.0,98.188,98188.0,1510.5,0.012048990400529647,0.009894472671919008
GSLG,General government,2017,1544.9,1544900000.0,2268.9,2268900000.0,100.0,100000.0,1528.7,0.010597239484529286,0.018454393612254094
GSLG,General government,2018,1558.7,1558700000.0,2295.5,2295500000.0,103.357,103357.0,1544.9,0.008932616997863851,0.0335700000000001
GSLG,General government,2019,1577.3,1577300000.0,2378.5,2378500000.0,105.349,105349.0,1558.7,0.011933021107332964,0.01927300521493458
GSLG,General government,2020,1534.5,1534500000.0,2392.7,2392700000.0,111.432,111432.0,1577.3,-0.027134977493184498,0.057741411878613036
GSLG,General government,2021,1536.0,1536000000.0,2415.6,2415600000.0,115.008,115008.0,1534.5,0.0009775171065493637,0.032091320267068735
GSLG,General government,2022,1567.5,1567500000.0,2457.1,2457100000.0,117.168,117168.0,1536.0,0.0205078125,0.018781302170283842
GSLG,General government,2023,1610.0,1610000000.0,2515.2,2515200000.0,121.293,121293.0,1567.5,0.027113237639553533,0.03520585825481359
GSLG,General government,2024,1650.6,1650600000.0,2582.9,2582900000.0,125.613,125613.0,1610.0,0.025217391304347858,0.03561623506715139
GSLG,General government,2025,1674.6,1674600000.0,2629.7,2629700000.0,129.659,129658.99999999999,1650.6,0.014540167211922972,0.03221004195425636
HS,Housing,1997,1320.2,1320200000.0,1474.5,1474500000.0,58.312,58312.0,,,
HS,Housing,1998,1345.4,1345400000.0,1518.2,1518200000.0,60.375,60375.0,1320.2,0.019088016967126142,0.03537865276443952
HS,Housing,1999,1387.4,1387400000.0,1567.9,1567900000.0,62.381,62381.0,1345.4,0.031217481789802326,0.033225672877846835
HS,Housing,2000,1431.2,1431200000.0,1613.0,1613000000.0,64.325,64325.0,1387.4,0.031569842871558285,0.0311633349898206
HS,Housing,2001,1481.4,1481400000.0,1665.1,1665100000.0,66.836,66836.0,1431.2,0.03507546115148141,0.03903614457831317
HS,Housing,2002,1480.2,1480200000.0,1667.7,1667700000.0,69.61,69610.0,1481.4,-0.000810044552450373,0.041504578370937795
HS,Housing,2003,1496.9,1496900000.0,1689.2,1689200000.0,71.159,71159.0,1480.2,0.011282259154168361,0.022252549920988463
HS,Housing,2004,1552.5,1552500000.0,1743.6,1743600000.0,72.914,72914.0,1496.9,0.03714342975482654,0.024663078458100784
HS,Housing,2005,1619.6,1619600000.0,1819.4,1819400000.0,74.753,74753.0,1552.5,0.04322061191626414,0.025221493814630902
HS,Housing,2006,1652.5,1652500000.0,1852.5,1852500000.0,77.31,77310.0,1619.6,0.02031365769325766,0.03420598504407857
HS,Housing,2007,1682.5,1682500000.0,1885.8,1885800000.0,80.05,80050.0,1652.5,0.018154311649016597,0.0354417281076187
HS,Housing,2008,1763.8,1763800000.0,1945.7,1945700000.0,82.241,82241.0,1682.5,0.04832095096582467,0.027370393504059898
HS,Housing,2009,1739.2,1739200000.0,1941.2,1941200000.0,84.447,84447.0,1763.8,-0.013947159541898069,0.026823603798592055
HS,Housing,2010,1780.3,1780300000.0,1981.4,1981400000.0,84.024,84024.0,1739.2,0.023631554737810534,-0.005009058936374267
HS,Housing,2011,1791.8,1791800000.0,1996.8,1996800000.0,85.048,85048.0,1780.3,0.006459585463124196,0.012186994192135536
HS,Housing,2012,1783.1,1783100000.0,2001.7,2001700000.0,86.714,86714.0,1791.8,-0.004855452617479661,0.019588938011475765
HS,Housing,2013,1794.4,1794400000.0,2020.7,2020700000.0,88.512,88512.0,1783.1,0.006337277774662198,0.020734829439306157
HS,Housing,2014,1792.0,1792000000.0,2015.9,2015900000.0,90.86,90860.0,1794.4,-0.0013374944271066225,0.02652747650036158
HS,Housing,2015,1783.1,1783100000.0,2015.5,2015500000.0,93.787,93787.0,1792.0,-0.00496651785714286,0.032214395773717985
HS,Housing,2016,1786.6,1786600000.0,2026.1,2026100000.0,96.82,96820.0,1783.1,0.001962873647019192,0.03233923678121697
HS,Housing,2017,1795.3,1795300000.0,2033.6,2033600000.0,100.0,100000.0,1786.6,0.004869584685995854,0.0328444536252841
HS,Housing,2018,1819.7,1819700000.0,2046.4,2046400000.0,103.107,103107.0,1795.3,0.013591043279674864,0.03106999999999993
HS,Housing,2019,1847.3,1847300000.0,2075.4,2075400000.0,106.718,106718.0,1819.7,0.015167335275045213,0.03502187048406036
HS,Housing,2020,1876.1,1876100000.0,2131.0,2131000000.0,110.051,110051.0,1847.3,0.015590321009040231,0.031231844674750153
HS,Housing,2021,1944.4,1944400000.0,2194.3,2194300000.0,112.154,112154.0,1876.1,0.0364053088854539,0.019109322041598764
HS,Housing,2022,2040.8,2040800000.0,2254.6,2254600000.0,117.924,117924.0,1944.4,0.049578276074881744,0.0514471173564921
HS,Housing,2023,2083.1,2083100000.0,2303.7,2303700000.0,127.563,127563.0,2040.8,0.020727165817326476,0.08173908619110604
HS,Housing,2024,2121.2,2121199999.9999998,2336.5,2336500000.0,134.545,134545.0,2083.1,0.018290048485430255,0.054733739407194726
HS,Housing,2025,2151.8,2151800000.0,2363.3,2363300000.0,139.669,139669.0,2121.2,0.01442579671883859,0.038083912445650236
ICT,Information-communications-technology-producing industries<sup> 4</sup>,1997,181.1,181100000.0,576.8,576800000.0,279.71,279710.0,,,
ICT,Information-communications-technology-producing industries<sup> 4</sup>,1998,221.4,221400000.0,684.5,684500000.0,246.42,246420.0,181.1,0.22252898950855893,-0.11901612384255122
ICT,Information-communications-technology-producing industries<sup> 4</sup>,1999,260.9,260899999.99999997,819.0,819000000.0,222.879,222879.0,221.4,0.17841011743450763,-0.09553201850499149
ICT,Information-communications-technology-producing industries<sup> 4</sup>,2000,310.3,310300000.0,961.2,961200000.0,204.971,204971.0,260.9,0.18934457646607905,-0.08034852991982189
ICT,Information-communications-technology-producing industries<sup> 4</sup>,2001,327.2,327200000.0,970.6,970600000.0,187.12,187120.0,310.3,0.054463422494360314,-0.0870903688814515
ICT,Information-communications-technology-producing industries<sup> 4</sup>,2002,348.9,348900000.0,946.3,946300000.0,178.437,178437.0,327.2,0.06632029339853296,-0.04640337751175716
ICT,Information-communications-technology-producing industries<sup> 4</sup>,2003,392.9,392900000.0,971.9,971900000.0,166.687,166687.0,348.9,0.12611063341931783,-0.06584957155746851
ICT,Information-communications-technology-producing industries<sup> 4</sup>,2004,451.8,451800000.0,1027.9,1027900000.0000001,156.777,156777.0,392.9,0.1499109188088572,-0.05945274676489487
ICT,Information-communications-technology-producing industries<sup> 4</sup>,2005,512.5,512500000.0,1109.4,1109400000.0,147.875,147875.0,451.8,0.13435148295706068,-0.056781288071592106
ICT,Information-communications-technology-producing industries<sup> 4</sup>,2006,568.1,568100000.0,1196.0,1196000000.0,140.43,140430.0,512.5,0.10848780487804888,-0.050346576500422624
ICT,Information-communications-technology-producing industries<sup> 4</sup>,2007,642.2,642200000.0,1279.6,1279600000.0,133.231,133231.0,568.1,0.1304347826086958,-0.05126397493413093
ICT,Information-communications-technology-producing industries<sup> 4</sup>,2008,714.6,714600000.0,1355.0,1355000000.0,126.827,126827.0,642.2,0.11273746496418546,-0.04806689133910269
ICT,Information-communications-technology-producing industries<sup> 4</sup>,2009,715.7,715700000.0,1324.1,1324100000.0,124.04,124040.0,714.6,0.0015393226980129349,-0.021974816088056848
ICT,Information-communications-technology-producing industries<sup> 4</sup>,2010,786.9,786900000.0,1423.6,1423600000.0,118.728,118728.0,715.7,0.09948302361324557,-0.04282489519509847
ICT,Information-communications-technology-producing industries<sup> 4</sup>,2011,835.3,835300000.0,1513.7,1513700000.0,116.597,116597.0,786.9,0.061507180073707035,-0.017948588370055973
ICT,Information-communications-technology-producing industries<sup> 4</sup>,2012,862.4,862400000.0,1586.9,1586900000.0,114.326,114326.0,835.3,0.03244343349694723,-0.019477345043182992
ICT,Information-communications-technology-producing industries<sup> 4</sup>,2013,947.6,947600000.0,1661.4,1661400000.0,112.373,112373.0,862.4,0.09879406307977745,-0.017082728338260633
ICT,Information-communications-technology-producing industries<sup> 4</sup>,2014,995.9,995900000.0,1771.8,1771800000.0,109.938,109938.0,947.6,0.05097087378640763,-0.02166890623192408
ICT,Information-communications-technology-producing industries<sup> 4</sup>,2015,1107.2,1107200000.0,1876.1,1876100000.0,106.417,106417.0,995.9,0.11175820865548758,-0.032027142571267486
ICT,Information-communications-technology-producing industries<sup> 4</sup>,2016,1210.1,1210100000.0,2034.7,2034700000.0,103.279,103279.0,1107.2,0.09293713872832354,-0.02948776981121437
ICT,Information-communications-technology-producing industries<sup> 4</sup>,2017,1309.3,1309300000.0,2171.3,2171300000.0,100.0,100000.0,1210.1,0.08197669614081482,-0.03174895186824034
ICT,Information-communications-technology-producing industries<sup> 4</sup>,2018,1426.3,1426300000.0,2353.2,2353200000.0,96.759,96759.0,1309.3,0.08936072710608722,-0.03241000000000005
ICT,Information-communications-technology-producing industries<sup> 4</sup>,2019,1580.6,1580600000.0,2458.4,2458400000.0,95.245,95245.0,1426.3,0.10818200939493794,-0.01564712326501927
ICT,Information-communications-technology-producing industries<sup> 4</sup>,2020,1687.2,1687200000.0,2586.4,2586400000.0,93.748,93748.0,1580.6,0.06744274326205257,-0.015717360491364407
ICT,Information-communications-technology-producing industries<sup> 4</sup>,2021,1923.4,1923400000.0,2899.0,2899000000.0,90.619,90619.0,1687.2,0.1399952584163111,-0.03337671203652348
ICT,Information-communications-technology-producing industries<sup> 4</sup>,2022,2054.2,2054199999.9999998,3124.4,3124400000.0,88.423,88423.0,1923.4,0.06800457523136094,-0.024233328551407474
ICT,Information-communications-technology-producing industries<sup> 4</sup>,2023,2218.5,2218500000.0,3246.5,3246500000.0,88.201,88201.0,2054.2,0.0799824749294129,-0.0025106589914389854
ICT,Information-communications-technology-producing industries<sup> 4</sup>,2024,2355.1,2355100000.0,3391.4,3391400000.0,88.583,88583.0,2218.5,0.06157313500112682,0.004331016655140019
ORE,Other real estate,1997,157.4,157400000.0,530.8,530799999.99999994,101.265,101265.0,,,
ORE,Other real estate,1998,141.8,141800000.0,546.6,546600000.0,103.62,103620.0,157.4,-0.09911054637865302,0.023255813953488413
ORE,Other real estate,1999,157.2,157200000.0,567.0,567000000.0,107.045,107045.0,141.8,0.10860366713681224,0.03305346458212699
ORE,Other real estate,2000,161.5,161500000.0,617.2,617200000.0,107.64,107640.0,157.2,0.027353689567430006,0.005558410014479875
ORE,Other real estate,2001,177.4,177400000.0,634.4,634400000.0,107.458,107458.0,161.5,0.098452012383901,-0.0016908212560386993
ORE,Other real estate,2002,199.7,199700000.0,699.3,699300000.0,112.243,112243.0,177.4,0.12570462232243518,0.04452902529360303
ORE,Other real estate,2003,222.7,222700000.0,766.8,766800000.0,109.275,109275.0,199.7,0.11517275913870817,-0.02644262893899829
ORE,Other real estate,2004,228.0,228000000.0,877.0,877000000.0,109.162,109162.0,222.7,0.023798832510103285,-0.0010340883093113984
ORE,Other real estate,2005,258.1,258100000.00000003,1002.9,1002900000.0,108.494,108494.0,228.0,0.13201754385964914,-0.0061193455598101965
ORE,Other real estate,2006,234.0,234000000.0,991.6,991600000.0,107.455,107455.0,258.1,-0.09337466098411473,-0.009576566446070744
ORE,Other real estate,2007,325.7,325700000.0,979.8,979800000.0,99.761,99761.0,234.0,0.3918803418803418,-0.07160206598110841
ORE,Other real estate,2008,322.1,322100000.0,890.5,890500000.0,98.009,98009.0,325.7,-0.011053116364752702,-0.017561973115746587
ORE,Other real estate,2009,314.2,314200000.0,842.6,842600000.0,96.933,96933.0,322.1,-0.0245265445513817,-0.010978583599465241
ORE,Other real estate,2010,368.5,368500000.0,901.0,901000000.0,92.545,92545.0,314.2,0.17281985996180782,-0.045268381253030454
ORE,Other real estate,2011,405.3,405300000.0,918.4,918400000.0,91.557,91557.0,368.5,0.09986431478968805,-0.010675887406126794
ORE,Other real estate,2012,438.3,438300000.0,984.6,984600000.0,91.215,91215.0,405.3,0.08142116950407097,-0.0037353779612699922
ORE,Other real estate,2013,487.1,487100000.0,1063.7,1063700000.0,91.577,91577.0,438.3,0.11133926534337224,0.00396864550786602
ORE,Other real estate,2014,495.7,495700000.0,1117.3,1117300000.0,92.88,92880.0,487.1,0.017655512215150715,0.014228463478821007
ORE,Other real estate,2015,482.5,482500000.0,1196.4,1196400000.0,97.067,97067.0,495.7,-0.026629009481541233,0.0450796726959517
ORE,Other real estate,2016,486.0,486000000.0,1250.9,1250900000.0,99.258,99258.0,482.5,0.007253886010362587,0.022572037870749018
ORE,Other real estate,2017,517.4,517400000.0,1265.0,1265000000.0,100.0,100000.0,486.0,0.06460905349794244,0.007475467972354988
ORE,Other real estate,2018,579.0,579000000.0,1315.6,1315600000.0,100.102,100102.0,517.4,0.11905682257441064,0.0010200000000000209
ORE,Other real estate,2019,577.3,577300000.0,1376.1,1376100000.0,102.6,102600.0,579.0,-0.0029360967184801634,0.024954546362709884
ORE,Other real estate,2020,574.7,574700000.0,1327.7,1327700000.0,105.304,105304.0,577.3,-0.00450372423350065,0.02635477582846013
ORE,Other real estate,2021,651.7,651700000.0,1535.3,1535300000.0,105.899,105899.0,574.7,0.13398294762484775,0.005650307680619804
ORE,Other real estate,2022,710.9,710900000.0,1612.4,1612400000.0,105.619,105619.0,651.7,0.09083934325609921,-0.002644028744369642
ORE,Other real estate,2023,730.5,730500000.0,1678.7,1678700000.0,108.818,108818.0,710.9,0.027570685047123344,0.03028811104062723
ORE,Other real estate,2024,746.8,746800000.0,1699.4,1699400000.0,111.176,111176.0,730.5,0.022313483915126664,0.021669209138194034
ORE,Other real estate,2025,808.1,808100000.0,1734.2,1734200000.0,105.008,105008.0,746.8,0.08208355650776666,-0.05547959991365048
PGOOD,Private goods-producing industries<sup>2</sup>,1997,2345.3,2345300000.0,7067.1,7067100000.0,82.128,82128.0,,,
PGOOD,Private goods-producing industries<sup>2</sup>,1998,2448.1,2448100000.0,7400.3,7400300000.0,81.403,81403.0,2345.3,0.0438323455421481,-0.008827683615819093
PGOOD,Private goods-producing industries<sup>2</sup>,1999,2573.5,2573500000.0,7656.7,7656700000.0,81.029,81029.0,2448.1,0.05122339773702067,-0.004594425266882141
PGOOD,Private goods-producing industries<sup>2</sup>,2000,2722.9,2722900000.0,7879.3,7879300000.0,81.55,81550.0,2573.5,0.05805323489411318,0.006429796739438887
PGOOD,Private goods-producing industries<sup>2</sup>,2001,2668.7,2668700000.0,7645.7,7645700000.0,81.861,81861.0,2722.9,-0.019905248081090066,0.0038136112814224354
PGOOD,Private goods-producing industries<sup>2</sup>,2002,2674.9,2674900000.0,7566.3,7566300000.0,81.157,81157.0,2668.7,0.002323228538239741,-0.008599943807185428
PGOOD,Private goods-producing industries<sup>2</sup>,2003,2788.5,2788500000.0,7632.3,7632300000.0,82.606,82606.0,2674.9,0.042468877341208966,0.01785428244020837
PGOOD,Private goods-producing industries<sup>2</sup>,2004,2954.6,2954600000.0,7870.0,7870000000.0,84.727,84727.0,2788.5,0.05956607495069033,0.02567610100961204
PGOOD,Private goods-producing industries<sup>2</sup>,2005,3020.9,3020900000.0,8162.3,8162300000.0,89.366,89366.0,2954.6,0.02243958573072513,0.054752322164127065
PGOOD,Private goods-producing industries<sup>2</sup>,2006,3150.3,3150300000.0,8256.5,8256500000.0,91.765,91765.0,3020.9,0.04283491674666484,0.02684466128057661
PGOOD,Private goods-producing industries<sup>2</sup>,2007,3217.3,3217300000.0,8341.6,8341600000.0,93.926,93926.0,3150.3,0.02126781576357817,0.023549283495886142
PGOOD,Private goods-producing industries<sup>2</sup>,2008,3090.0,3090000000.0,7921.2,7921200000.0,96.696,96696.0,3217.3,-0.03956733907313592,0.02949130166301117
PGOOD,Private goods-producing industries<sup>2</sup>,2009,2888.8,2888800000.0,7064.0,7064000000.0,92.287,92287.0,3090.0,-0.06511326860841415,-0.045596508645652234
PGOOD,Private goods-producing industries<sup>2</sup>,2010,2928.9,2928900000.0,7261.4,7261400000.0,94.444,94444.0,2888.8,0.01388119634450291,0.02337273938907969
PGOOD,Private goods-producing industries<sup>2</sup>,2011,2942.7,2942700000.0,7432.6,7432600000.0,99.445,99445.0,2928.9,0.004711666495954114,0.05295201389183002
PGOOD,Private goods-producing industries<sup>2</sup>,2012,2995.9,2995900000.0,7625.2,7625200000.0,100.678,100678.0,2942.7,0.018078635266931764,0.01239881341445015
PGOOD,Private goods-producing industries<sup>2</sup>,2013,3115.4,3115400000.0,7854.3,7854300000.0,101.729,101729.0,2995.9,0.039887846723855924,0.010439222074336119
PGOOD,Private goods-producing industries<sup>2</sup>,2014,3192.0,3192000000.0,8030.8,8030800000.0,102.704,102704.0,3115.4,0.024587532901072073,0.009584287666250413
PGOOD,Private goods-producing industries<sup>2</sup>,2015,3284.9,3284900000.0,8114.5,8114500000.0,98.357,98357.0,3192.0,0.029104010025062577,-0.04232551799345685
PGOOD,Private goods-producing industries<sup>2</sup>,2016,3296.5,3296500000.0,8120.8,8120800000.0,96.811,96811.0,3284.9,0.0035313099333311726,-0.0157182508616569
PGOOD,Private goods-producing industries<sup>2</sup>,2017,3394.1,3394100000.0,8166.3,8166300000.0,100.0,100000.0,3296.5,0.029607159108145042,0.032940471640619196
PGOOD,Private goods-producing industries<sup>2</sup>,2018,3537.7,3537700000.0,8372.9,8372900000.0,102.934,102934.0,3394.1,0.04230871217701293,0.02933999999999992
PGOOD,Private goods-producing industries<sup>2</sup>,2019,3593.5,3593500000.0,8353.0,8353000000.0,102.407,102407.0,3537.7,0.015772959832659694,-0.005119785493617246
PGOOD,Private goods-producing industries<sup>2</sup>,2020,3488.2,3488200000.0,7917.8,7917800000.0,99.841,99841.0,3593.5,-0.029302908028384644,-0.02505688087728375
PGOOD,Private goods-producing industries<sup>2</sup>,2021,3657.9,3657900000.0,8154.5,8154500000.0,109.223,109223.0,3488.2,0.048649733386847194,0.093969411364069
PGOOD,Private goods-producing industries<sup>2</sup>,2022,3554.4,3554400000.0,8118.6,8118600000.0,127.775,127775.0,3657.9,-0.02829492331665706,0.16985433470972233
PGOOD,Private goods-producing industries<sup>2</sup>,2023,3683.2,3683200000.0,8336.8,8336799999.999999,128.24,128240.00000000001,3554.4,0.0362367769525096,0.0036392095480337616
PGOOD,Private goods-producing industries<sup>2</sup>,2024,3816.5,3816500000.0,8423.8,8423799999.999999,127.342,127342.0,3683.2,0.036191355343179854,-0.007002495321272728
PGOOD,Private goods-producing industries<sup>2</sup>,2025,3862.1,3862100000.0,8392.7,8392700000.000001,126.731,126731.0,3816.5,0.011948120005240481,-0.004798102746933486
PROF,Professional and business services,1997,1291.0,1291000000.0,2022.1,2022100000.0,65.112,65111.99999999999,,,
PROF,Professional and business services,1998,1352.4,1352400000.0,2206.2,2206200000.0,67.584,67584.0,1291.0,0.047560030983733625,0.03796535200884632
PROF,Professional and business services,1999,1417.9,1417900000.0,2340.1,2340100000.0,70.347,70347.0,1352.4,0.048432416444838866,0.040882457386363535
PROF,Professional and business services,2000,1500.2,1500200000.0,2460.2,2460200000.0,73.65,73650.0,1417.9,0.05804358558431488,0.04695296174676966
PROF,Professional and business services,2001,1546.5,1546500000.0,2459.8,2459800000.0,74.706,74706.0,1500.2,0.030862551659778692,0.014338085539714829
PROF,Professional and business services,2002,1562.8,1562800000.0,2447.3,2447300000.0,76.13,76130.0,1546.5,0.010539928871645676,0.0190613873049017
PROF,Professional and business services,2003,1613.6,1613600000.0,2522.5,2522500000.0,77.302,77302.0,1562.8,0.0325057588942923,0.015394719558649905
PROF,Professional and business services,2004,1655.6,1655600000.0,2614.2,2614200000.0,80.992,80992.0,1613.6,0.026028755577590434,0.04773485808905331
PROF,Professional and business services,2005,1732.0,1732000000.0,2752.7,2752700000.0,83.487,83487.0,1655.6,0.046146412176854446,0.030805511655471962
PROF,Professional and business services,2006,1782.6,1782600000.0,2835.3,2835300000.0,86.756,86756.0,1732.0,0.029214780600461898,0.03915579671086533
PROF,Professional and business services,2007,1846.3,1846300000.0,2970.9,2970900000.0,90.302,90302.0,1782.6,0.03573432065522275,0.04087325372308559
PROF,Professional and business services,2008,1936.9,1936900000.0,3011.5,3011500000.0,91.792,91792.0,1846.3,0.04907111520337981,0.01650018825718136
PROF,Professional and business services,2009,1809.0,1809000000.0,2832.2,2832200000.0,93.313,93313.0,1936.9,-0.06603335226392693,0.01657007146592293
PROF,Professional and business services,2010,1891.5,1891500000.0,2938.5,2938500000.0,93.494,93494.0,1809.0,0.04560530679933672,0.0019397082935925791
PROF,Professional and business services,2011,1971.7,1971700000.0,3066.7,3066700000.0,94.335,94335.0,1891.5,0.04240021147237649,0.008995229640404778
PROF,Professional and business services,2012,2065.3,2065300000.0000002,3179.5,3179500000.0,95.33,95330.0,1971.7,0.04747172490744034,0.010547516828324666
PROF,Professional and business services,2013,2101.8,2101800000.0000002,3226.7,3226700000.0,96.169,96169.0,2065.3,0.017672977291434577,0.008801007028217844
PROF,Professional and business services,2014,2195.5,2195500000.0,3407.8,3407800000.0,96.566,96566.0,2101.8,0.04458083547435532,0.0041281494036540245
PROF,Professional and business services,2015,2272.1,2272100000.0,3513.6,3513600000.0,98.455,98455.0,2195.5,0.03488954680027323,0.01956175051260267
PROF,Professional and business services,2016,2320.6,2320600000.0,3640.9,3640900000.0,99.327,99327.0,2272.1,0.02134589146604471,0.008856838149408297
PROF,Professional and business services,2017,2433.6,2433600000.0,3827.9,3827900000.0,100.0,100000.0,2320.6,0.04869430319744894,0.006775599786563502
PROF,Professional and business services,2018,2584.6,2584600000.0,4043.8,4043800000.0,100.172,100172.0,2433.6,0.06204799474030254,0.0017199999999999438
PROF,Professional and business services,2019,2712.3,2712300000.0,4242.3,4242300000.0,100.611,100611.0,2584.6,0.049408032190667805,0.004382462165076095
PROF,Professional and business services,2020,2701.1,2701100000.0,4207.1,4207100000.0000005,100.981,100981.0,2712.3,-0.00412933672528859,0.0036775302899283435
PROF,Professional and business services,2021,3053.0,3053000000.0,4628.0,4628000000.0,100.592,100592.0,2701.1,0.13028025619192185,-0.003852209821649577
PROF,Professional and business services,2022,3304.8,3304800000.0,4979.6,4979600000.0,102.105,102105.0,3053.0,0.08247625286603344,0.0150409575314141
PROF,Professional and business services,2023,3399.6,3399600000.0,5059.8,5059800000.0,106.183,106183.0,3304.8,0.028685548293391427,0.03993927819401599
PROF,Professional and business services,2024,3469.0,3469000000.0,5166.3,5166300000.0,109.863,109863.0,3399.6,0.020414166372514364,0.03465714850776491
PROF,Professional and business services,2025,3568.9,3568900000.0,5313.6,5313600000.0,112.739,112739.0,3469.0,0.02879792447391183,0.026178058126939963
PSERV,Private services-producing industries<sup>3</sup>,1997,7962.7,7962700000.0,12672.1,12672100000.0,69.146,69146.0,,,
PSERV,Private services-producing industries<sup>3</sup>,1998,8377.9,8377900000.0,13490.6,13490600000.0,70.169,70169.0,7962.7,0.05214311728433829,0.014794782055361111
PSERV,Private services-producing industries<sup>3</sup>,1999,8829.5,8829500000.0,14379.0,14379000000.0,71.278,71278.0,8377.9,0.05390372288998435,0.01580470008123247
PSERV,Private services-producing industries<sup>3</sup>,2000,9176.5,9176500000.0,15206.1,15206100000.0,73.094,73094.0,8829.5,0.039300073616852504,0.0254777070063692
PSERV,Private services-producing industries<sup>3</sup>,2001,9351.3,9351300000.0,15314.6,15314600000.0,74.903,74903.0,9176.5,0.019048656895330307,0.0247489534024683
PSERV,Private services-producing industries<sup>3</sup>,2002,9551.4,9551400000.0,15472.7,15472700000.0,76.259,76259.0,9351.3,0.02139809438259932,0.018103413748447927
PSERV,Private services-producing industries<sup>3</sup>,2003,9806.9,9806900000.0,15919.3,15919300000.0,77.503,77503.0,9551.4,0.026750005234834617,0.016312828649733158
PSERV,Private services-producing industries<sup>3</sup>,2004,10179.9,10179900000.0,16612.8,16612800000.0,79.394,79394.0,9806.9,0.03803444513556786,0.024399055520431645
PSERV,Private services-producing industries<sup>3</sup>,2005,10623.6,10623600000.0,17386.4,17386400000.0,81.217,81217.0,10179.9,0.04358588984174694,0.02296143285386787
PSERV,Private services-producing industries<sup>3</sup>,2006,10918.2,10918200000.0,17860.7,17860700000.0,83.637,83637.0,10623.6,0.027730712752739306,0.02979671743600476
PSERV,Private services-producing industries<sup>3</sup>,2007,11154.0,11154000000.0,18326.3,18326300000.0,85.745,85745.0,10918.2,0.02159696653294496,0.025204156055334437
PSERV,Private services-producing industries<sup>3</sup>,2008,11267.6,11267600000.0,18357.2,18357200000.0,86.965,86965.0,11154.0,0.01018468710776399,0.014228234882500468
PSERV,Private services-producing industries<sup>3</sup>,2009,11047.0,11047000000.0,17517.2,17517200000.0,88.399,88399.0,11267.6,-0.01957825978912997,0.01648939228425217
PSERV,Private services-producing industries<sup>3</sup>,2010,11434.2,11434200000.0,18235.4,18235400000.0,88.973,88973.0,11047.0,0.03505023988413147,0.006493286123146147
PSERV,Private services-producing industries<sup>3</sup>,2011,11691.9,11691900000.0,18791.3,18791300000.0,90.102,90102.0,11434.2,0.02253765020727272,0.012689242803996859
PSERV,Private services-producing industries<sup>3</sup>,2012,12052.6,12052600000.0,19422.4,19422400000.0,91.901,91901.0,11691.9,0.030850417810621034,0.01996626046036698
PSERV,Private services-producing industries<sup>3</sup>,2013,12300.4,12300400000.0,19920.6,19920600000.0,93.463,93463.0,12052.6,0.020559879196190067,0.016996550636010355
PSERV,Private services-producing industries<sup>3</sup>,2014,12668.4,12668400000.0,20680.0,20680000000.0,95.152,95152.0,12300.4,0.029917726252804755,0.01807132234146147
PSERV,Private services-producing industries<sup>3</sup>,2015,13109.3,13109300000.0,21324.0,21324000000.0,97.032,97032.0,12668.4,0.034803132202961606,0.019757861106440178
PSERV,Private services-producing industries<sup>3</sup>,2016,13414.1,13414100000.0,21854.0,21854000000.0,98.566,98566.0,13109.3,0.023250669372125277,0.01580921757770648
PSERV,Private services-producing industries<sup>3</sup>,2017,13762.2,13762200000.0,22554.3,22554300000.0,100.0,100000.0,13414.1,0.025950306021276237,0.014548627315707163
PSERV,Private services-producing industries<sup>3</sup>,2018,14173.8,14173800000.0,23281.0,23281000000.0,101.993,101993.0,13762.2,0.029908008893926752,0.019930000000000003
PSERV,Private services-producing industries<sup>3</sup>,2019,14622.4,14622400000.0,23834.8,23834800000.0,104.154,104154.0,14173.8,0.03164994567441348,0.021187728569607822
PSERV,Private services-producing industries<sup>3</sup>,2020,14330.5,14330500000.0,23093.4,23093400000.0,105.937,105937.0,14622.4,-0.019962523251996878,0.017118881656009277
PSERV,Private services-producing industries<sup>3</sup>,2021,15391.9,15391900000.0,25191.5,25191500000.0,109.944,109944.0,14330.5,0.07406580370538363,0.037824367312648155
PSERV,Private services-producing industries<sup>3</sup>,2022,16012.6,16012600000.0,26340.2,26340200000.0,116.079,116079.0,15391.9,0.04032640544702093,0.0558011351233354
PSERV,Private services-producing industries<sup>3</sup>,2023,16512.8,16512800000.0,27057.9,27057900000.0,121.055,121055.0,16012.6,0.031237900153628928,0.042867357575444354
PSERV,Private services-producing industries<sup>3</sup>,2024,16955.6,16955599999.999998,27773.0,27773000000.0,124.688,124688.0,16512.8,0.02681556126156681,0.03001115195572246
PSERV,Private services-producing industries<sup>3</sup>,2025,17405.4,17405400000.0,28383.8,28383800000.0,128.81,128810.0,16955.6,0.026528108707447817,0.03305851405107152
PVT,Private industries,1997,10332.4,10332400000.0,19786.8,19786800000.0,71.929,71929.0,,,
PVT,Private industries,1998,10849.3,10849300000.0,20939.4,20939400000.0,72.554,72554.0,10332.4,0.05002709922186521,0.008689123997275061
PVT,Private industries,1999,11426.9,11426900000.0,22087.5,22087500000.0,73.326,73326.0,10849.3,0.053238457780686366,0.010640350635388707
PVT,Private industries,2000,11928.9,11928900000.0,23140.6,23140600000.0,74.843,74843.0,11426.9,0.04393142497090197,0.020688432479611718
PVT,Private industries,2001,12041.5,12041500000.0,23018.9,23018900000.0,76.312,76312.0,11928.9,0.00943926095448866,0.01962775409857964
PVT,Private industries,2002,12245.1,12245100000.0,23101.8,23101800000.0,77.212,77212.0,12041.5,0.016908192500934227,0.011793689065939805
PVT,Private industries,2003,12616.7,12616700000.0,23620.4,23620400000.0,78.499,78499.0,12245.1,0.030346832610595342,0.016668393513961544
PVT,Private industries,2004,13159.9,13159900000.0,24556.2,24556200000.0,80.438,80438.0,12616.7,0.04305404741334895,0.02470095160447916
PVT,Private industries,2005,13667.0,13667000000.0,25624.9,25624900000.0,82.885,82885.0,13159.9,0.03853372745993511,0.030420945324349136
PVT,Private industries,2006,14095.1,14095100000.0,26192.0,26192000000.0,85.295,85295.0,13667.0,0.03132362625301832,0.029076431199855257
PVT,Private industries,2007,14398.4,14398400000.0,26740.1,26740100000.0,87.411,87411.0,14095.1,0.021518116224787276,0.0248080192273874
PVT,Private industries,2008,14372.1,14372100000.0,26324.7,26324700000.0,88.969,88969.0,14398.4,-0.0018265918435381723,0.017823843681001206
PVT,Private industries,2009,13941.7,13941700000.0,24601.9,24601900000.0,89.167,89167.0,14372.1,-0.029946911029007595,0.0022254942732862215
PVT,Private industries,2010,14366.6,14366600000.0,25514.9,25514900000.0,90.067,90067.0,13941.7,0.030476914580001013,0.010093420211513049
PVT,Private industries,2011,14635.0,14635000000.0,26238.7,26238700000.0,91.979,91979.0,14366.6,0.01868222126320762,0.02122864090066301
PVT,Private industries,2012,15045.9,15045900000.0,27058.0,27058000000.0,93.665,93665.0,14635.0,0.028076528869149353,0.018330271040128743
PVT,Private industries,2013,15417.3,15417300000.0,27788.3,27788300000.0,95.124,95124.0,15045.9,0.02468446553546144,0.015576789622591125
PVT,Private industries,2014,15860.8,15860800000.0,28715.4,28715400000.0,96.669,96669.0,15417.3,0.028766385813339568,0.01624195786552285
PVT,Private industries,2015,16394.2,16394200000.0,29436.1,29436100000.0,97.297,97297.0,15860.8,0.033630081710884774,0.006496394914605519
PVT,Private industries,2016,16710.7,16710700000.0,29973.1,29973100000.0,98.219,98219.0,16394.2,0.019305608080906644,0.009476140065983518
PVT,Private industries,2017,17156.3,17156300000.0,30720.5,30720500000.0,100.0,100000.0,16710.7,0.026665549617909345,0.018132947800323818
PVT,Private industries,2018,17711.8,17711800000.0,31653.5,31653500000.0,102.18,102180.0,17156.3,0.032378776309577306,0.02180000000000004
PVT,Private industries,2019,18216.3,18216300000.0,32186.2,32186200000.0,103.807,103807.0,17711.8,0.028483835635000343,0.015922881190056692
PVT,Private industries,2020,17819.9,17819900000.0,31012.4,31012400000.0,104.737,104737.0,18216.3,-0.0217607307740868,0.008958933405261549
PVT,Private industries,2021,19053.4,19053400000.0,33345.2,33345199999.999996,109.784,109784.0,17819.9,0.06922036599531989,0.048187364541661504
PVT,Private industries,2022,19561.7,19561700000.0,34428.8,34428800000.0,118.235,118235.0,19053.4,0.026677653332213724,0.07697843037236751
PVT,Private industries,2023,20192.1,20192100000.0,35363.9,35363900000.0,122.389,122389.0,19561.7,0.03222623800589908,0.03513342072990233
PVT,Private industries,2024,20769.2,20769200000.0,36158.1,36158100000.0,125.193,125193.0,20192.1,0.028580484446887766,0.022910555687194023
PVT,Private industries,2025,21263.3,21263300000.0,36728.8,36728800000.0,128.456,128455.99999999999,20769.2,0.023790035244496632,0.026063757558329792
