industry,year,value_added_real,gross_output_real,employment,va_growth,emp_growth,naics,govspend,govspend_interpolated,govspendfull,govspend_intensity,va_lead1,va_lead2,va_lead3,va_lead4,va_lead5,va_lead6,va_lead7,va_lead8,va_lead9,go_lead1,go_lead2,go_lead3,go_lead4,go_lead5,go_lead6,go_lead7,go_lead8,go_lead9
"Agriculture, forestry, fishing, and hunting",2009,160000000.0,396600000.0,80831.0,0.1103400416377515,-0.2053734688661252,11,19103916.66,0,19103916.66,0.04816923010590015,156000000.0,150200000.0,145700000.0,160400000.0,159000000.0,171600000.0,181500000.0,176800000.0,184100000.0,398300000.0,388900000.0,390900000.0,405700000.0,416100000.0,423500000.0,442100000.0,448900000.0,447200000.0
"Agriculture, forestry, fishing, and hunting",2010,156000000.0,398300000.0,93454.0,-0.025,0.1561653326075389,11,8729886.63,0,8729886.63,0.021917867511925686,150200000.0,145700000.0,160400000.0,159000000.0,171600000.0,181500000.0,176800000.0,184100000.0,172500000.0,388900000.0,390900000.0,405700000.0,416100000.0,423500000.0,442100000.0,448900000.0,447200000.0,440000000.0
"Agriculture, forestry, fishing, and hunting",2011,150200000.0,388900000.0,119746.0,-0.0371794871794872,0.2813362723906949,11,10114730.035,1,10114730.035,0.026008562702494215,145700000.0,160400000.0,159000000.0,171600000.0,181500000.0,176800000.0,184100000.0,172500000.0,177900000.0,390900000.0,405700000.0,416100000.0,423500000.0,442100000.0,448900000.0,447200000.0,440000000.0,457000000.0
"Agriculture, forestry, fishing, and hunting",2012,145700000.0,390900000.0,123169.0,-0.0299600532623168,0.0285855059876738,11,11499573.44,0,11499573.44,0.029418197595292912,160400000.0,159000000.0,171600000.0,181500000.0,176800000.0,184100000.0,172500000.0,177900000.0,188900000.0,405700000.0,416100000.0,423500000.0,442100000.0,448900000.0,447200000.0,440000000.0,457000000.0,457600000.0
"Agriculture, forestry, fishing, and hunting",2013,160400000.0,405700000.0,134541.0,0.1008922443376802,0.0923284267957034,11,7400000.0,0,7400000.0,0.018240078876016762,159000000.0,171600000.0,181500000.0,176800000.0,184100000.0,172500000.0,177900000.0,188900000.0,189800000.0,416100000.0,423500000.0,442100000.0,448900000.0,447200000.0,440000000.0,457000000.0,457600000.0,441800000.0
"Agriculture, forestry, fishing, and hunting",2014,159000000.0,416100000.0,126163.0,-0.0087281795511222,-0.0622709805932764,11,7472000.0,0,7472000.0,0.017957221821677482,171600000.0,181500000.0,176800000.0,184100000.0,172500000.0,177900000.0,188900000.0,189800000.0,195000000.0,423500000.0,442100000.0,448900000.0,447200000.0,440000000.0,457000000.0,457600000.0,441800000.0,463000000.0
"Agriculture, forestry, fishing, and hunting",2015,171600000.0,423500000.0,106150.0,0.0792452830188679,-0.1586281239349095,11,7579973.6,0,7579973.6,0.017898402833530107,181500000.0,176800000.0,184100000.0,172500000.0,177900000.0,188900000.0,189800000.0,195000000.0,205500000.0,442100000.0,448900000.0,447200000.0,440000000.0,457000000.0,457600000.0,441800000.0,463000000.0,475300000.0
"Agriculture, forestry, fishing, and hunting",2016,181500000.0,442100000.0,92263.0,0.0576923076923077,-0.1308243052284503,11,7579973.6,0,7579973.6,0.01714538249264872,176800000.0,184100000.0,172500000.0,177900000.0,188900000.0,189800000.0,195000000.0,205500000.0,200500000.0,448900000.0,447200000.0,440000000.0,457000000.0,457600000.0,441800000.0,463000000.0,475300000.0,462600000.0
"Agriculture, forestry, fishing, and hunting",2017,176800000.0,448900000.0,100000.0,-0.0258953168044075,0.083858101297378,11,7689700.24,0,7689700.24,0.017130096324348407,184100000.0,172500000.0,177900000.0,188900000.0,189800000.0,195000000.0,205500000.0,200500000.0,,447200000.0,440000000.0,457000000.0,457600000.0,441800000.0,463000000.0,475300000.0,462600000.0,
"Agriculture, forestry, fishing, and hunting",2018,184100000.0,447200000.0,96204.0,0.0412895927601808,-0.0379600000000001,11,38626466.82666667,1,38626466.82666667,0.08637403136553369,172500000.0,177900000.0,188900000.0,189800000.0,195000000.0,205500000.0,200500000.0,,,440000000.0,457000000.0,457600000.0,441800000.0,463000000.0,475300000.0,462600000.0,,
"Agriculture, forestry, fishing, and hunting",2019,172500000.0,440000000.0,95208.0,-0.0630092341118956,-0.010352999875265,11,69563233.41333334,1,69563233.41333334,0.15809825775757577,177900000.0,188900000.0,189800000.0,195000000.0,205500000.0,200500000.0,,,,457000000.0,457600000.0,441800000.0,463000000.0,475300000.0,462600000.0,,,
"Agriculture, forestry, fishing, and hunting",2020,177900000.0,457000000.0,92395.0,0.031304347826087,-0.029545836484329,11,100500000.0,0,100500000.0,0.21991247264770242,188900000.0,189800000.0,195000000.0,205500000.0,200500000.0,,,,,457600000.0,441800000.0,463000000.0,475300000.0,462600000.0,,,,
"Agriculture, forestry, fishing, and hunting",2021,188900000.0,457600000.0,122154.0,0.0618324901630129,0.3220845283835705,11,140902870.04,0,140902870.04,0.3079171111013986,189800000.0,195000000.0,205500000.0,200500000.0,,,,,,441800000.0,463000000.0,475300000.0,462600000.0,,,,,
"Agriculture, forestry, fishing, and hunting",2022,189800000.0,441800000.0,154931.0,0.0047644256220222,0.2683252288095357,11,112611025.45,0,112611025.45,0.2548914111588954,195000000.0,205500000.0,200500000.0,,,,,,,463000000.0,475300000.0,462600000.0,,,,,,
"Agriculture, forestry, fishing, and hunting",2023,195000000.0,463000000.0,138689.0,0.0273972602739724,-0.1048337647081605,11,189705119.9,0,189705119.9,0.4097302805615551,205500000.0,200500000.0,,,,,,,,475300000.0,462600000.0,,,,,,,
"Agriculture, forestry, fishing, and hunting",2024,205500000.0,475300000.0,131250.0,0.0538461538461538,-0.0536379958035604,11,118956071.58,0,118956071.58,0.2502757660004208,200500000.0,,,,,,,,,462600000.0,,,,,,,,
"Agriculture, forestry, fishing, and hunting",2025,200500000.0,462600000.0,135802.0,-0.0243309002433089,0.0346819047619046,11,60900021.94,0,60900021.94,0.1316472588413316,,,,,,,,,,,,,,,,,,
Mining,2009,224100000.0,390200000.0,122881.0,0.1492307692307692,-0.3895931647707515,21,,1,0.0,0.0,199100000.0,207000000.0,232200000.0,241800000.0,267400000.0,285900000.0,261600000.00000003,267300000.0,277000000.0,404600000.0,443500000.0,486400000.0,502100000.0,560600000.0,517100000.0,424600000.0,462800000.0,536200000.00000006
Mining,2010,199100000.0,404600000.0,153887.0,-0.1115573404730031,0.2523254205288043,21,,1,0.0,0.0,207000000.0,232200000.0,241800000.0,267400000.0,285900000.0,261600000.00000003,267300000.0,277000000.0,312500000.0,443500000.0,486400000.0,502100000.0,560600000.0,517100000.0,424600000.0,462800000.0,536200000.00000006,564200000.0
Mining,2011,207000000.0,443500000.0,172803.0,0.0396785534907082,0.1229213643777575,21,,1,0.0,0.0,232200000.0,241800000.0,267400000.0,285900000.0,261600000.00000003,267300000.0,277000000.0,312500000.0,306000000.0,486400000.0,502100000.0,560600000.0,517100000.0,424600000.0,462800000.0,536200000.00000006,564200000.0,469600000.0
Mining,2012,232200000.0,486400000.0,155251.0,0.1217391304347825,-0.1015723106659027,21,,1,0.0,0.0,241800000.0,267400000.0,285900000.0,261600000.00000003,267300000.0,277000000.0,312500000.0,306000000.0,279700000.0,502100000.0,560600000.0,517100000.0,424600000.0,462800000.0,536200000.00000006,564200000.0,469600000.0,507900000.0
Mining,2013,241800000.0,502100000.0,160563.0,0.0413436692506461,0.0342155606083052,21,,1,0.0,0.0,267400000.0,285900000.0,261600000.00000003,267300000.0,277000000.0,312500000.0,306000000.0,279700000.0,255000000.0,560600000.0,517100000.0,424600000.0,462800000.0,536200000.00000006,564200000.0,469600000.0,507900000.0,551500000.0
Mining,2014,267400000.0,560600000.0,156345.0,0.1058726220016541,-0.0262700622185683,21,,1,0.0,0.0,285900000.0,261600000.00000003,267300000.0,277000000.0,312500000.0,306000000.0,279700000.0,255000000.0,352900000.0,517100000.0,424600000.0,462800000.0,536200000.00000006,564200000.0,469600000.0,507900000.0,551500000.0,593800000.0
Mining,2015,285900000.0,517100000.0,91718.0,0.069184741959611,-0.4133614762224566,21,,1,0.0,0.0,261600000.00000003,267300000.0,277000000.0,312500000.0,306000000.0,279700000.0,255000000.0,352900000.0,362700000.0,424600000.0,462800000.0,536200000.00000006,564200000.0,469600000.0,507900000.0,551500000.0,593800000.0,592600000.0
Mining,2016,261600000.00000003,424600000.0,80961.0,-0.0849947534102831,-0.1172834121982598,21,,1,0.0,0.0,267300000.0,277000000.0,312500000.0,306000000.0,279700000.0,255000000.0,352900000.0,362700000.0,363400000.0,462800000.0,536200000.00000006,564200000.0,469600000.0,507900000.0,551500000.0,593800000.0,592600000.0,595300000.0
Mining,2017,267300000.0,462800000.0,100000.0,0.021788990825688,0.2351626091574956,21,,1,0.0,0.0,277000000.0,312500000.0,306000000.0,279700000.0,255000000.0,352900000.0,362700000.0,363400000.0,,536200000.00000006,564200000.0,469600000.0,507900000.0,551500000.0,593800000.0,592600000.0,595300000.0,
Mining,2018,277000000.0,536200000.00000006,113169.0,0.0362888140665917,0.1316899999999998,21,,1,0.0,0.0,312500000.0,306000000.0,279700000.0,255000000.0,352900000.0,362700000.0,363400000.0,,,564200000.0,469600000.0,507900000.0,551500000.0,593800000.0,592600000.0,595300000.0,,
Mining,2019,312500000.0,564200000.0,94100.0,0.128158844765343,-0.1685002076540396,21,,1,0.0,0.0,306000000.0,279700000.0,255000000.0,352900000.0,362700000.0,363400000.0,,,,469600000.0,507900000.0,551500000.0,593800000.0,592600000.0,595300000.0,,,
Mining,2020,306000000.0,469600000.0,66295.0,-0.0208,-0.2954835281615302,21,,1,0.0,0.0,279700000.0,255000000.0,352900000.0,362700000.0,363400000.0,,,,,507900000.0,551500000.0,593800000.0,592600000.0,595300000.0,,,,
Mining,2021,279700000.0,507900000.0,120141.0,-0.0859477124183006,0.8122181159966815,21,,1,0.0,0.0,255000000.0,352900000.0,362700000.0,363400000.0,,,,,,551500000.0,593800000.0,592600000.0,595300000.0,,,,,
Mining,2022,255000000.0,551500000.0,183136.0,-0.0883089023954236,0.5243422312116595,21,,1,0.0,0.0,352900000.0,362700000.0,363400000.0,,,,,,,593800000.0,592600000.0,595300000.0,,,,,,
Mining,2023,352900000.0,593800000.0,116705.0,0.3839215686274508,-0.3627413506901974,21,,1,0.0,0.0,362700000.0,363400000.0,,,,,,,,592600000.0,595300000.0,,,,,,,
Mining,2024,362700000.0,592600000.0,111447.0,0.0277699064890903,-0.0450537680476414,21,,1,0.0,0.0,363400000.0,,,,,,,,,595300000.0,,,,,,,,
Mining,2025,363400000.0,595300000.0,106050.0,0.001929969671905,-0.0484266063689466,21,,1,0.0,0.0,,,,,,,,,,,,,,,,,,
Oil and gas extraction,2009,112000000.0,189600000.0,154014.0,0.3575757575757576,-0.5324393820260535,211,48474952.64,0,48474952.64,0.25566958143459917,88700000.0,88900000.0,109600000.0,113800000.0,126200000.0,171600000.0,178500000.0,161100000.0,151400000.0,196900000.0,216600000.0,240300000.0,256000000.0,279000000.0,267000000.0,249300000.0,254000000.0,299100000.0
Oil and gas extraction,2010,88700000.0,196900000.0,213290.0,-0.2080357142857142,0.3848741023543314,211,158707533.32,0,158707533.32,0.8060311494159471,88900000.0,109600000.0,113800000.0,126200000.0,171600000.0,178500000.0,161100000.0,151400000.0,191700000.0,216600000.0,240300000.0,256000000.0,279000000.0,267000000.0,249300000.0,254000000.0,299100000.0,328100000.0
Oil and gas extraction,2011,88900000.0,216600000.0,246441.0,0.0022547914317925,0.1554268835857284,211,88105955.82,0,88105955.82,0.4067680324099723,109600000.0,113800000.0,126200000.0,171600000.0,178500000.0,161100000.0,151400000.0,191700000.0,211700000.0,240300000.0,256000000.0,279000000.0,267000000.0,249300000.0,254000000.0,299100000.0,328100000.0,302900000.0
Oil and gas extraction,2012,109600000.0,240300000.0,205244.0,0.232845894263217,-0.1671678008123648,211,49002977.91,1,49002977.91,0.20392416941323344,113800000.0,126200000.0,171600000.0,178500000.0,161100000.0,151400000.0,191700000.0,211700000.0,165600000.0,256000000.0,279000000.0,267000000.0,249300000.0,254000000.0,299100000.0,328100000.0,302900000.0,332000000.0
Oil and gas extraction,2013,113800000.0,256000000.0,221319.0,0.0383211678832116,0.0783214125626083,211,9900000.0,0,9900000.0,0.038671875,126200000.0,171600000.0,178500000.0,161100000.0,151400000.0,191700000.0,211700000.0,165600000.0,139300000.0,279000000.0,267000000.0,249300000.0,254000000.0,299100000.0,328100000.0,302900000.0,332000000.0,361500000.0
Oil and gas extraction,2014,126200000.0,279000000.0,213014.0,0.10896309314587,-0.037525020445601,211,10723048.0,1,10723048.0,0.03843386379928315,171600000.0,178500000.0,161100000.0,151400000.0,191700000.0,211700000.0,165600000.0,139300000.0,224600000.0,267000000.0,249300000.0,254000000.0,299100000.0,328100000.0,302900000.0,332000000.0,361500000.0,391300000.0
Oil and gas extraction,2015,171600000.0,267000000.0,88366.0,0.3597464342313787,-0.5851634164890571,211,11546096.0,1,11546096.0,0.04324380524344569,178500000.0,161100000.0,151400000.0,191700000.0,211700000.0,165600000.0,139300000.0,224600000.0,238100000.0,249300000.0,254000000.0,299100000.0,328100000.0,302900000.0,332000000.0,361500000.0,391300000.0,401600000.0
Oil and gas extraction,2016,178500000.0,249300000.0,73423.0,0.0402097902097902,-0.1691035013466717,211,12369144.0,0,12369144.0,0.049615499398315284,161100000.0,151400000.0,191700000.0,211700000.0,165600000.0,139300000.0,224600000.0,238100000.0,241300000.0,254000000.0,299100000.0,328100000.0,302900000.0,332000000.0,361500000.0,391300000.0,401600000.0,413100000.0
Oil and gas extraction,2017,161100000.0,254000000.0,100000.0,-0.0974789915966386,0.3619710444955939,211,10105222.0,1,10105222.0,0.039784338582677166,151400000.0,191700000.0,211700000.0,165600000.0,139300000.0,224600000.0,238100000.0,241300000.0,,299100000.0,328100000.0,302900000.0,332000000.0,361500000.0,391300000.0,401600000.0,413100000.0,
Oil and gas extraction,2018,151400000.0,299100000.0,124968.0,-0.0602110490378645,0.2496800000000001,211,7841300.0,0,7841300.0,0.02621631561350719,191700000.0,211700000.0,165600000.0,139300000.0,224600000.0,238100000.0,241300000.0,,,328100000.0,302900000.0,332000000.0,361500000.0,391300000.0,401600000.0,413100000.0,,
Oil and gas extraction,2019,191700000.0,328100000.0,90116.0,0.2661822985468955,-0.2788873951731643,211,10103040.0,1,10103040.0,0.030792563242913747,211700000.0,165600000.0,139300000.0,224600000.0,238100000.0,241300000.0,,,,302900000.0,332000000.0,361500000.0,391300000.0,401600000.0,413100000.0,,,
Oil and gas extraction,2020,211700000.0,302900000.0,49133.0,0.1043296817944705,-0.4547805051267255,211,12364780.0,1,12364780.0,0.040821327170683396,165600000.0,139300000.0,224600000.0,238100000.0,241300000.0,,,,,332000000.0,361500000.0,391300000.0,401600000.0,413100000.0,,,,
Oil and gas extraction,2021,165600000.0,332000000.0,135894.0,-0.2177609825224373,1.765839659699184,211,14626520.0,1,14626520.0,0.04405578313253012,139300000.0,224600000.0,238100000.0,241300000.0,,,,,,361500000.0,391300000.0,401600000.0,413100000.0,,,,,
Oil and gas extraction,2022,139300000.0,361500000.0,236253.0,-0.1588164251207728,0.7385094264647445,211,16888260.0,1,16888260.0,0.04671717842323651,224600000.0,238100000.0,241300000.0,,,,,,,391300000.0,401600000.0,413100000.0,,,,,,
Oil and gas extraction,2023,224600000.0,391300000.0,115711.0,0.6123474515434313,-0.5102242087931158,211,19150000.0,0,19150000.0,0.048939432660362894,238100000.0,241300000.0,,,,,,,,401600000.0,413100000.0,,,,,,,
Oil and gas extraction,2024,238100000.0,401600000.0,106085.0,0.0601068566340159,-0.0831900165066416,211,19150000.0,1,19150000.0,0.04768426294820717,241300000.0,,,,,,,,,413100000.0,,,,,,,,
Oil and gas extraction,2025,241300000.0,413100000.0,96867.0,0.013439731205376,-0.0868925861337606,211,19150000.0,1,19150000.0,0.04635681433067054,,,,,,,,,,,,,,,,,,
"Mining, except oil and gas",2009,62400000.0,114300000.0,98629.0,-0.0672645739910314,0.0751160914779045,212,64950000.0,1,64950000.0,0.568241469816273,64400000.00000001,64800000.0,57800000.0,58500000.0,56700000.0,51900000.0,49800000.0,52300000.0,50700000.0,112700000.0,119600000.0,114400000.0,110600000.0,114700000.0,110700000.0,102500000.0,101900000.0,102400000.0
"Mining, except oil and gas",2010,64400000.00000001,112700000.0,108212.0,0.0320512820512821,0.0971620922852305,212,64950000.0,0,64950000.0,0.5763087843833186,64800000.0,57800000.0,58500000.0,56700000.0,51900000.0,49800000.0,52300000.0,50700000.0,51100000.0,119600000.0,114400000.0,110600000.0,114700000.0,110700000.0,102500000.0,101900000.0,102400000.0,100900000.0
"Mining, except oil and gas",2011,64800000.0,119600000.0,118399.0,0.0062111801242235,0.0941392821498539,212,226349832.45333335,1,226349832.45333335,1.892557127536232,57800000.0,58500000.0,56700000.0,51900000.0,49800000.0,52300000.0,50700000.0,51100000.0,55700000.0,114400000.0,110600000.0,114700000.0,110700000.0,102500000.0,101900000.0,102400000.0,100900000.0,92100000.0
"Mining, except oil and gas",2012,57800000.0,114400000.0,115810.0,-0.1080246913580247,-0.0218667387393474,212,387749664.9066667,1,387749664.9066667,3.389420147785548,58500000.0,56700000.0,51900000.0,49800000.0,52300000.0,50700000.0,51100000.0,55700000.0,55300000.0,110600000.0,114700000.0,110700000.0,102500000.0,101900000.0,102400000.0,100900000.0,92100000.0,96300000.0
"Mining, except oil and gas",2013,58500000.0,110600000.0,104990.0,0.0121107266435986,-0.0934288921509369,212,549149497.36,0,549149497.36,4.965185328752261,56700000.0,51900000.0,49800000.0,52300000.0,50700000.0,51100000.0,55700000.0,55300000.0,51800000.0,114700000.0,110700000.0,102500000.0,101900000.0,102400000.0,100900000.0,92100000.0,96300000.0,98400000.0
"Mining, except oil and gas",2014,56700000.0,114700000.0,100573.0,-0.0307692307692307,-0.0420706733974663,212,7939126.5,0,7939126.5,0.06921644725370532,51900000.0,49800000.0,52300000.0,50700000.0,51100000.0,55700000.0,55300000.0,51800000.0,53000000.0,110700000.0,102500000.0,101900000.0,102400000.0,100900000.0,92100000.0,96300000.0,98400000.0,99300000.0
"Mining, except oil and gas",2015,51900000.0,110700000.0,92163.0,-0.0846560846560847,-0.0836208525150885,212,9899872.4,0,9899872.4,0.08942974164408311,49800000.0,52300000.0,50700000.0,51100000.0,55700000.0,55300000.0,51800000.0,53000000.0,50900000.0,102500000.0,101900000.0,102400000.0,100900000.0,92100000.0,96300000.0,98400000.0,99300000.0,94100000.0
"Mining, except oil and gas",2016,49800000.0,102500000.0,89492.0,-0.0404624277456647,-0.0289812614606728,212,12688239.3,1,12688239.3,0.12378770048780488,52300000.0,50700000.0,51100000.0,55700000.0,55300000.0,51800000.0,53000000.0,50900000.0,51000000.0,101900000.0,102400000.0,100900000.0,92100000.0,96300000.0,98400000.0,99300000.0,94100000.0,95600000.0
"Mining, except oil and gas",2017,52300000.0,101900000.0,100000.0,0.0502008032128513,0.1174183167210476,212,15476606.2,1,15476606.2,0.15188033562315995,50700000.0,51100000.0,55700000.0,55300000.0,51800000.0,53000000.0,50900000.0,51000000.0,,102400000.0,100900000.0,92100000.0,96300000.0,98400000.0,99300000.0,94100000.0,95600000.0,
"Mining, except oil and gas",2018,50700000.0,102400000.0,103524.0,-0.0305927342256212,0.0352399999999999,212,18264973.1,1,18264973.1,0.1783688779296875,51100000.0,55700000.0,55300000.0,51800000.0,53000000.0,50900000.0,51000000.0,,,100900000.0,92100000.0,96300000.0,98400000.0,99300000.0,94100000.0,95600000.0,,
"Mining, except oil and gas",2019,51100000.0,100900000.0,103811.0,0.0078895463510848,0.0027723040068003,212,21053340.0,0,21053340.0,0.20865550049554013,55700000.0,55300000.0,51800000.0,53000000.0,50900000.0,51000000.0,,,,92100000.0,96300000.0,98400000.0,99300000.0,94100000.0,95600000.0,,,
"Mining, except oil and gas",2020,55700000.0,92100000.0,102886.0,0.0900195694716243,-0.008910423750855,212,36109555.5,1,36109555.5,0.392069006514658,55300000.0,51800000.0,53000000.0,50900000.0,51000000.0,,,,,96300000.0,98400000.0,99300000.0,94100000.0,95600000.0,,,,
"Mining, except oil and gas",2021,55300000.0,96300000.0,123218.0,-0.007181328545781,0.1976167797367962,212,51165771.0,1,51165771.0,0.5313164174454829,51800000.0,53000000.0,50900000.0,51000000.0,,,,,,98400000.0,99300000.0,94100000.0,95600000.0,,,,,
"Mining, except oil and gas",2022,51800000.0,98400000.0,145669.0,-0.0632911392405063,0.1822055219204987,212,66221986.5,1,66221986.5,0.6729876676829268,53000000.0,50900000.0,51000000.0,,,,,,,99300000.0,94100000.0,95600000.0,,,,,,
"Mining, except oil and gas",2023,53000000.0,99300000.0,150575.0,0.0231660231660231,0.0336790943852156,212,81278202.0,0,81278202.0,0.8185116012084592,50900000.0,51000000.0,,,,,,,,94100000.0,95600000.0,,,,,,,
"Mining, except oil and gas",2024,50900000.0,94100000.0,158725.0,-0.0396226415094339,0.0541258509048647,212,81278202.0,1,81278202.0,0.8637428480340064,51000000.0,,,,,,,,,95600000.0,,,,,,,,
"Mining, except oil and gas",2025,51000000.0,95600000.0,169936.0,0.0019646365422396,0.0706315955268546,212,81278202.0,1,81278202.0,0.8501903974895397,,,,,,,,,,,,,,,,,,
Support activities for mining,2009,46900000.0,84700000.0,88152.0,-0.2519936204146731,-0.0700481053253438,213,6273359.0,1,6273359.0,0.07406563164108619,53000000.0,66099999.99999999,69200000.0,74700000.0,89900000.0,60700000.0,36500000.0,53900000.0,77500000.0,93900000.0,106200000.0,131200000.0,130900000.0,166200000.0,135800000.0,74600000.0,106900000.0,134800000.0
Support activities for mining,2010,53000000.0,93900000.0,89849.0,0.1300639658848614,0.0192508394591162,213,6273359.0,1,6273359.0,0.0668089350372737,66099999.99999999,69200000.0,74700000.0,89900000.0,60700000.0,36500000.0,53900000.0,77500000.0,70900000.0,106200000.0,131200000.0,130900000.0,166200000.0,135800000.0,74600000.0,106900000.0,134800000.0,134800000.0
Support activities for mining,2011,66099999.99999999,106200000.0,93877.0,0.2471698113207545,0.0448307716279534,213,6273359.0,1,6273359.0,0.059071177024482106,69200000.0,74700000.0,89900000.0,60700000.0,36500000.0,53900000.0,77500000.0,70900000.0,46800000.0,131200000.0,130900000.0,166200000.0,135800000.0,74600000.0,106900000.0,134800000.0,134800000.0,78600000.0
Support activities for mining,2012,69200000.0,131200000.0,99136.0,0.0468986384266265,0.056020111422393,213,6273359.0,1,6273359.0,0.047815236280487804,74700000.0,89900000.0,60700000.0,36500000.0,53900000.0,77500000.0,70900000.0,46800000.0,60300000.0,130900000.0,166200000.0,135800000.0,74600000.0,106900000.0,134800000.0,134800000.0,78600000.0,85100000.0
Support activities for mining,2013,74700000.0,130900000.0,100371.0,0.079479768786127,0.0124576339573918,213,6273359.0,0,6273359.0,0.047924820473644006,89900000.0,60700000.0,36500000.0,53900000.0,77500000.0,70900000.0,46800000.0,60300000.0,78200000.0,166200000.0,135800000.0,74600000.0,106900000.0,134800000.0,134800000.0,78600000.0,85100000.0,99300000.0
Support activities for mining,2014,89900000.0,166200000.0,102563.0,0.2034805890227577,0.0218389773938687,213,14453048.5,0,14453048.5,0.08696178399518652,60700000.0,36500000.0,53900000.0,77500000.0,70900000.0,46800000.0,60300000.0,78200000.0,86000000.0,135800000.0,74600000.0,106900000.0,134800000.0,134800000.0,78600000.0,85100000.0,99300000.0,112700000.0
Support activities for mining,2015,60700000.0,135800000.0,103385.0,-0.324805339265851,0.0080145861568012,213,23111866.28,0,23111866.28,0.1701904733431517,36500000.0,53900000.0,77500000.0,70900000.0,46800000.0,60300000.0,78200000.0,86000000.0,85500000.0,74600000.0,106900000.0,134800000.0,134800000.0,78600000.0,85100000.0,99300000.0,112700000.0,107000000.0
Support activities for mining,2016,36500000.0,74600000.0,99241.0,-0.398682042833608,-0.0400831842143445,213,20906380.67,0,20906380.67,0.2802463896782842,53900000.0,77500000.0,70900000.0,46800000.0,60300000.0,78200000.0,86000000.0,85500000.0,83400000.0,106900000.0,134800000.0,134800000.0,78600000.0,85100000.0,99300000.0,112700000.0,107000000.0,95200000.0
Support activities for mining,2017,53900000.0,106900000.0,100000.0,0.4767123287671233,0.0076480486895538,213,9634613.0,0,9634613.0,0.09012734331150608,77500000.0,70900000.0,46800000.0,60300000.0,78200000.0,86000000.0,85500000.0,83400000.0,,134800000.0,134800000.0,78600000.0,85100000.0,99300000.0,112700000.0,107000000.0,95200000.0,
Support activities for mining,2018,77500000.0,134800000.0,92658.0,0.4378478664192951,-0.07342,213,31742282.28,0,31742282.28,0.23547687151335311,70900000.0,46800000.0,60300000.0,78200000.0,86000000.0,85500000.0,83400000.0,,,134800000.0,78600000.0,85100000.0,99300000.0,112700000.0,107000000.0,95200000.0,,
Support activities for mining,2019,70900000.0,134800000.0,96161.0,-0.0851612903225805,0.0378056940577176,213,33770322.0,0,33770322.0,0.2505216765578635,46800000.0,60300000.0,78200000.0,86000000.0,85500000.0,83400000.0,,,,78600000.0,85100000.0,99300000.0,112700000.0,107000000.0,95200000.0,,,
Support activities for mining,2020,46800000.0,78600000.0,88744.0,-0.3399153737658675,-0.0771310614490282,213,42684234.0,1,42684234.0,0.5430564122137405,60300000.0,78200000.0,86000000.0,85500000.0,83400000.0,,,,,85100000.0,99300000.0,112700000.0,107000000.0,95200000.0,,,,
Support activities for mining,2021,60300000.0,85100000.0,71092.0,0.2884615384615385,-0.198909222031912,213,51598146.0,0,51598146.0,0.6063236897767332,78200000.0,86000000.0,85500000.0,83400000.0,,,,,,99300000.0,112700000.0,107000000.0,95200000.0,,,,,
Support activities for mining,2022,78200000.0,99300000.0,79882.0,0.2968490878938641,0.1236426039498115,213,13075260.0,0,13075260.0,0.13167432024169184,86000000.0,85500000.0,83400000.0,,,,,,,112700000.0,107000000.0,95200000.0,,,,,,
Support activities for mining,2023,86000000.0,112700000.0,83820.0,0.0997442455242967,0.049297714128339,213,11861869.81,0,11861869.81,0.10525172857142857,85500000.0,83400000.0,,,,,,,,107000000.0,95200000.0,,,,,,,
Support activities for mining,2024,85500000.0,107000000.0,82866.0,-0.0058139534883721,-0.0113815318539727,213,43134718.0,0,43134718.0,0.40312820560747664,83400000.0,,,,,,,,,95200000.0,,,,,,,,
Support activities for mining,2025,83400000.0,95200000.0,79322.0,-0.0245614035087718,-0.0427678420582626,213,11691172.43,0,11691172.43,0.12280643308823529,,,,,,,,,,,,,,,,,,
Utilities,2009,257000000.0,464200000.0,100322.0,-0.0698516105682229,0.1471008609945461,22,1229423913.49,0,1229423913.49,2.648478917470918,290800000.0,301900000.0,306200000.0,304000000.0,292700000.0,296900000.0,313600000.0,313700000.0,309300000.0,514900000.0,495300000.0,491200000.0,496000000.0,502100000.0,497900000.0,490200000.0,474100000.0,496400000.0
Utilities,2010,290800000.0,514900000.0,95992.0,0.1315175097276264,-0.0431610215107354,22,775776490.84,0,775776490.84,1.5066546724412508,301900000.0,306200000.0,304000000.0,292700000.0,296900000.0,313600000.0,313700000.0,309300000.0,312500000.0,495300000.0,491200000.0,496000000.0,502100000.0,497900000.0,490200000.0,474100000.0,496400000.0,492900000.0
Utilities,2011,301900000.0,495300000.0,95499.0,0.0381705639614855,-0.0051358446537211,22,992323543.2,0,992323543.2,2.0034797964869777,306200000.0,304000000.0,292700000.0,296900000.0,313600000.0,313700000.0,309300000.0,312500000.0,331400000.0,491200000.0,496000000.0,502100000.0,497900000.0,490200000.0,474100000.0,496400000.0,492900000.0,481100000.0
Utilities,2012,306200000.0,491200000.0,91647.0,0.0142431268631997,-0.0403355008952972,22,720612113.23,0,720612113.23,1.467044204458469,304000000.0,292700000.0,296900000.0,313600000.0,313700000.0,309300000.0,312500000.0,331400000.0,323600000.0,496000000.0,502100000.0,497900000.0,490200000.0,474100000.0,496400000.0,492900000.0,481100000.0,490900000.0
Utilities,2013,304000000.0,496000000.0,94615.0,-0.0071848465055518,0.0323851299005968,22,613315564.85,0,613315564.85,1.2365233162298388,292700000.0,296900000.0,313600000.0,313700000.0,309300000.0,312500000.0,331400000.0,323600000.0,327200000.0,502100000.0,497900000.0,490200000.0,474100000.0,496400000.0,492900000.0,481100000.0,490900000.0,507200000.0
Utilities,2014,292700000.0,502100000.0,102238.0,-0.0371710526315789,0.0805686201976432,22,549263892.46,0,549263892.46,1.0939332652061342,296900000.0,313600000.0,313700000.0,309300000.0,312500000.0,331400000.0,323600000.0,327200000.0,345700000.0,497900000.0,490200000.0,474100000.0,496400000.0,492900000.0,481100000.0,490900000.0,507200000.0,503300000.0
Utilities,2015,296900000.0,497900000.0,101194.0,0.0143491629654937,-0.0102114673604726,22,425531284.39,0,425531284.39,0.8546521076320546,313600000.0,313700000.0,309300000.0,312500000.0,331400000.0,323600000.0,327200000.0,345700000.0,353400000.0,490200000.0,474100000.0,496400000.0,492900000.0,481100000.0,490900000.0,507200000.0,503300000.0,514200000.00000006
Utilities,2016,313600000.0,490200000.0,96768.0,0.0562478949141127,-0.0437377710140917,22,305808652.05,0,305808652.05,0.6238446594247247,313700000.0,309300000.0,312500000.0,331400000.0,323600000.0,327200000.0,345700000.0,353400000.0,349800000.0,474100000.0,496400000.0,492900000.0,481100000.0,490900000.0,507200000.0,503300000.0,514200000.00000006,527600000.0
Utilities,2017,313700000.0,474100000.0,100000.0,0.0003188775510203,0.0333994708994709,22,336426983.31,0,336426983.31,0.7096118610208817,309300000.0,312500000.0,331400000.0,323600000.0,327200000.0,345700000.0,353400000.0,349800000.0,,496400000.0,492900000.0,481100000.0,490900000.0,507200000.0,503300000.0,514200000.00000006,527600000.0,
Utilities,2018,309300000.0,496400000.0,103589.0,-0.0140261396238443,0.0358899999999999,22,242525362.75,0,242525362.75,0.48856841811039486,312500000.0,331400000.0,323600000.0,327200000.0,345700000.0,353400000.0,349800000.0,,,492900000.0,481100000.0,490900000.0,507200000.0,503300000.0,514200000.00000006,527600000.0,,
Utilities,2019,312500000.0,492900000.0,106104.0,0.010345942450695,0.0242786396238983,22,548361067.23,0,548361067.23,1.1125199172854534,331400000.0,323600000.0,327200000.0,345700000.0,353400000.0,349800000.0,,,,481100000.0,490900000.0,507200000.0,503300000.0,514200000.00000006,527600000.0,,,
Utilities,2020,331400000.0,481100000.0,104357.0,0.0604799999999998,-0.0164649777576717,22,666010029.3,0,666010029.3,1.3843484292246933,323600000.0,327200000.0,345700000.0,353400000.0,349800000.0,,,,,490900000.0,507200000.0,503300000.0,514200000.00000006,527600000.0,,,,
Utilities,2021,323600000.0,490900000.0,121436.0,-0.0235365117682557,0.1636593616144581,22,330826992.89,0,330826992.89,0.673919317355877,327200000.0,345700000.0,353400000.0,349800000.0,,,,,,507200000.0,503300000.0,514200000.00000006,527600000.0,,,,,
Utilities,2022,327200000.0,507200000.0,134700.0,0.011124845488257,0.1092262590994432,22,575423686.64,0,575423686.64,1.1345104231861198,345700000.0,353400000.0,349800000.0,,,,,,,503300000.0,514200000.00000006,527600000.0,,,,,,
Utilities,2023,345700000.0,503300000.0,132401.0,0.0565403422982884,-0.0170675575352633,22,538273940.57,0,538273940.57,1.0694892520762966,353400000.0,349800000.0,,,,,,,,514200000.00000006,527600000.0,,,,,,,
Utilities,2024,353400000.0,514200000.00000006,128556.0,0.0222736476713913,-0.0290405661588658,22,587794074.38,0,587794074.38,1.1431234429793853,349800000.0,,,,,,,,,527600000.0,,,,,,,,
Utilities,2025,349800000.0,527600000.0,134768.0,-0.0101867572156195,0.0483213541180496,22,880091770.0699999,0,880091770.0699999,1.6681041889120545,,,,,,,,,,,,,,,,,,
Construction,2009,686700000.0,1312500000.0,82341.0,-0.1433383233532933,0.0166183097722081,23,148513033908.63,0,148513033908.63,113.15278773990858,656800000.0,648900000.0,670200000.0,697600000.0,721200000.0,764400000.0,804400000.0,840200000.0,863800000.0,1214800000.0,1184500000.0,1217800000.0,1277900000.0,1349500000.0,1466800000.0,1559900000.0,1578000000.0,1601300000.0
Construction,2010,656800000.0,1214800000.0,80051.0,-0.0435415756516675,-0.027811175477587,23,29949407070.77,0,29949407070.77,24.653775988450775,648900000.0,670200000.0,697600000.0,721200000.0,764400000.0,804400000.0,840200000.0,863800000.0,882300000.0,1184500000.0,1217800000.0,1277900000.0,1349500000.0,1466800000.0,1559900000.0,1578000000.0,1601300000.0,1613800000.0
Construction,2011,648900000.0,1184500000.0,80995.0,-0.0120280146163215,0.0117924822925385,23,21429067087.05,0,21429067087.05,18.091234349556775,670200000.0,697600000.0,721200000.0,764400000.0,804400000.0,840200000.0,863800000.0,882300000.0,863400000.0,1217800000.0,1277900000.0,1349500000.0,1466800000.0,1559900000.0,1578000000.0,1601300000.0,1613800000.0,1641200000.0
Construction,2012,670200000.0,1217800000.0,82806.0,0.032824780397596,0.0223594049015369,23,20474441864.27,0,20474441864.27,16.81264728549023,697600000.0,721200000.0,764400000.0,804400000.0,840200000.0,863800000.0,882300000.0,863400000.0,885100000.0,1277900000.0,1349500000.0,1466800000.0,1559900000.0,1578000000.0,1601300000.0,1613800000.0,1641200000.0,1668400000.0
Construction,2013,697600000.0,1277900000.0,85256.0,0.0408833184124142,0.0295872279786488,23,360374761687.54,0,360374761687.54,282.0054477561155,721200000.0,764400000.0,804400000.0,840200000.0,863800000.0,882300000.0,863400000.0,885100000.0,830500000.0,1349500000.0,1466800000.0,1559900000.0,1578000000.0,1601300000.0,1613800000.0,1641200000.0,1668400000.0,1611400000.0
Construction,2014,721200000.0,1349500000.0,90117.0,0.0338302752293577,0.0570165149666885,23,16826081409.15,0,16826081409.15,12.468381926009632,764400000.0,804400000.0,840200000.0,863800000.0,882300000.0,863400000.0,885100000.0,830500000.0,831100000.0,1466800000.0,1559900000.0,1578000000.0,1601300000.0,1613800000.0,1641200000.0,1668400000.0,1611400000.0,1677000000.0
Construction,2015,764400000.0,1466800000.0,93582.0,0.059900166389351,0.0384500149805251,23,120499051912.18001,0,120499051912.18001,82.15097621501228,804400000.0,840200000.0,863800000.0,882300000.0,863400000.0,885100000.0,830500000.0,831100000.0,871500000.0,1559900000.0,1578000000.0,1601300000.0,1613800000.0,1641200000.0,1668400000.0,1611400000.0,1677000000.0,1738200000.0
Construction,2016,804400000.0,1559900000.0,96575.0,0.0523286237571951,0.0319826462353871,23,14498164922.23,0,14498164922.23,9.294291250868644,840200000.0,863800000.0,882300000.0,863400000.0,885100000.0,830500000.0,831100000.0,871500000.0,886800000.0,1578000000.0,1601300000.0,1613800000.0,1641200000.0,1668400000.0,1611400000.0,1677000000.0,1738200000.0,1715100000.0
Construction,2017,840200000.0,1578000000.0,100000.0,0.0445052212829439,0.0354646647683147,23,17513364168.19,0,17513364168.19,11.09845638034854,863800000.0,882300000.0,863400000.0,885100000.0,830500000.0,831100000.0,871500000.0,886800000.0,,1601300000.0,1613800000.0,1641200000.0,1668400000.0,1611400000.0,1677000000.0,1738200000.0,1715100000.0,
Construction,2018,863800000.0,1601300000.0,102932.0,0.0280885503451557,0.02932,23,20438525910.51,0,20438525910.51,12.763708181171546,882300000.0,863400000.0,885100000.0,830500000.0,831100000.0,871500000.0,886800000.0,,,1613800000.0,1641200000.0,1668400000.0,1611400000.0,1677000000.0,1738200000.0,1715100000.0,,
Construction,2019,882300000.0,1613800000.0,108010.0,0.0214169946746931,0.049333540589904,23,26173188627.06,0,26173188627.06,16.218359540872477,863400000.0,885100000.0,830500000.0,831100000.0,871500000.0,886800000.0,,,,1641200000.0,1668400000.0,1611400000.0,1677000000.0,1738200000.0,1715100000.0,,,
Construction,2020,863400000.0,1641200000.0,111028.0,-0.0214212852771166,0.027941857235441,23,30767253032.18,0,30767253032.18,18.746802968669268,885100000.0,830500000.0,831100000.0,871500000.0,886800000.0,,,,,1668400000.0,1611400000.0,1677000000.0,1738200000.0,1715100000.0,,,,
Construction,2021,885100000.0,1668400000.0,114355.0,0.0251331943479269,0.0299654141297689,23,22586916121.52,0,22586916121.52,13.53807008002877,830500000.0,831100000.0,871500000.0,886800000.0,,,,,,1611400000.0,1677000000.0,1738200000.0,1715100000.0,,,,,
Construction,2022,830500000.0,1611400000.0,133942.0,-0.061687944864987,0.1712824100389138,23,30228589444.32,0,30228589444.32,18.759209038302096,831100000.0,871500000.0,886800000.0,,,,,,,1677000000.0,1738200000.0,1715100000.0,,,,,,
Construction,2023,831100000.0,1677000000.0,147345.0,0.0007224563515955,0.1000657000791387,23,33928762466.87,0,33928762466.87,20.231820194913535,871500000.0,886800000.0,,,,,,,,1738200000.0,1715100000.0,,,,,,,
Construction,2024,871500000.0,1738200000.0,149784.0,0.0486102755384429,0.0165529878855745,23,33862768871.66,0,33862768871.66,19.481514711575194,886800000.0,,,,,,,,,1715100000.0,,,,,,,,
Construction,2025,886800000.0,1715100000.0,151230.0,0.0175559380378655,0.0096539016183303,23,34039078952.78,0,34039078952.78,19.84670220557402,,,,,,,,,,,,,,,,,,
Manufacturing,2009,1841900000.0,4999600000.0,92069.0,-0.0887096774193547,0.034053258757595,31,472209209.43,0,472209209.43,0.09444939783782703,1950800000.0,1964400000.0,1964600000.0,2030200000.0,2049200000.0,2064800000.0,2049300000.0,2109700000.0,2213000000.0,5265300000.0,5420500000.0,5528100000.0,5669300000.0,5698900000.0,5711900000.0,5692400000.0,5676600000.0,5786400000.0
Manufacturing,2010,1950800000.0,5265300000.0,91673.0,0.0591237309300178,-0.0043011219845985,31,536669970.74,0,536669970.74,0.10192581063567129,1964400000.0,1964600000.0,2030200000.0,2049200000.0,2064800000.0,2049300000.0,2109700000.0,2213000000.0,2224800000.0,5420500000.0,5528100000.0,5669300000.0,5698900000.0,5711900000.0,5692400000.0,5676600000.0,5786400000.0,5732600000.0
Manufacturing,2011,1964400000.0,5420500000.0,94840.0,0.0069714988722575,0.0345467040459022,31,456781515.47,0,456781515.47,0.08426925845770686,1964600000.0,2030200000.0,2049200000.0,2064800000.0,2049300000.0,2109700000.0,2213000000.0,2224800000.0,2140400000.0,5528100000.0,5669300000.0,5698900000.0,5711900000.0,5692400000.0,5676600000.0,5786400000.0,5732600000.0,5334700000.0
Manufacturing,2012,1964600000.0,5528100000.0,97798.0,0.0001018122581957,0.0311893715731759,31,149140546.14,0,149140546.14,0.02697862667824388,2030200000.0,2049200000.0,2064800000.0,2049300000.0,2109700000.0,2213000000.0,2224800000.0,2140400000.0,2299800000.0,5669300000.0,5698900000.0,5711900000.0,5692400000.0,5676600000.0,5786400000.0,5732600000.0,5334700000.0,5507900000.0
Manufacturing,2013,2030200000.0,5669300000.0,97063.0,0.0333910210729919,-0.0075154911143376,31,41934156.2,0,41934156.2,0.007396707918085126,2049200000.0,2064800000.0,2049300000.0,2109700000.0,2213000000.0,2224800000.0,2140400000.0,2299800000.0,2280700000.0,5698900000.0,5711900000.0,5692400000.0,5676600000.0,5786400000.0,5732600000.0,5334700000.0,5507900000.0,5497600000.0
Manufacturing,2014,2049200000.0,5698900000.0,98070.0,0.0093586838735097,0.0103747050884475,31,291904177.32,0,291904177.32,0.0512211439611153,2064800000.0,2049300000.0,2109700000.0,2213000000.0,2224800000.0,2140400000.0,2299800000.0,2280700000.0,2292000000.0,5711900000.0,5692400000.0,5676600000.0,5786400000.0,5732600000.0,5334700000.0,5507900000.0,5497600000.0,5579700000.0
Manufacturing,2015,2064800000.0,5711900000.0,100307.0,0.0076127269178216,0.0228102375853982,31,129049381.05,0,129049381.05,0.02259307429226702,2049300000.0,2109700000.0,2213000000.0,2224800000.0,2140400000.0,2299800000.0,2280700000.0,2292000000.0,2361400000.0,5692400000.0,5676600000.0,5786400000.0,5732600000.0,5334700000.0,5507900000.0,5497600000.0,5579700000.0,5587900000.0
Manufacturing,2016,2049300000.0,5692400000.0,99312.0,-0.0075067803177063,-0.0099195469907384,31,71756283.45,0,71756283.45,0.012605629163445998,2109700000.0,2213000000.0,2224800000.0,2140400000.0,2299800000.0,2280700000.0,2292000000.0,2361400000.0,2396500000.0,5676600000.0,5786400000.0,5732600000.0,5334700000.0,5507900000.0,5497600000.0,5579700000.0,5587900000.0,5593400000.0
Manufacturing,2017,2109700000.0,5676600000.0,100000.0,0.0294734787488408,0.0069276623167391,31,396376733.1,0,396376733.1,0.06982643362223867,2213000000.0,2224800000.0,2140400000.0,2299800000.0,2280700000.0,2292000000.0,2361400000.0,2396500000.0,,5786400000.0,5732600000.0,5334700000.0,5507900000.0,5497600000.0,5579700000.0,5587900000.0,5593400000.0,
Manufacturing,2018,2213000000.0,5786400000.0,102205.0,0.0489643077214769,0.0220499999999999,31,273847755.28,0,273847755.28,0.0473261017696668,2224800000.0,2140400000.0,2299800000.0,2280700000.0,2292000000.0,2361400000.0,2396500000.0,,,5732600000.0,5334700000.0,5507900000.0,5497600000.0,5579700000.0,5587900000.0,5593400000.0,,
Manufacturing,2019,2224800000.0,5732600000.0,101976.0,0.0053321283325802,-0.0022405948828334,31,57753994.8,0,57753994.8,0.010074659805323936,2140400000.0,2299800000.0,2280700000.0,2292000000.0,2361400000.0,2396500000.0,,,,5334700000.0,5507900000.0,5497600000.0,5579700000.0,5587900000.0,5593400000.0,,,
Manufacturing,2020,2140400000.0,5334700000.0,100763.0,-0.0379359942466739,-0.0118949556758451,31,95284511.44,0,95284511.44,0.017861268944832885,2299800000.0,2280700000.0,2292000000.0,2361400000.0,2396500000.0,,,,,5507900000.0,5497600000.0,5579700000.0,5587900000.0,5593400000.0,,,,
Manufacturing,2021,2299800000.0,5507900000.0,105067.0,0.0744720612969538,0.0427140914819923,31,136170007.6,0,136170007.6,0.024722672452295792,2280700000.0,2292000000.0,2361400000.0,2396500000.0,,,,,,5497600000.0,5579700000.0,5587900000.0,5593400000.0,,,,,
Manufacturing,2022,2280700000.0,5497600000.0,116993.0,-0.0083050700060876,0.113508523132858,31,165407194.06,0,165407194.06,0.030087164228026774,2292000000.0,2361400000.0,2396500000.0,,,,,,,5579700000.0,5587900000.0,5593400000.0,,,,,,
Manufacturing,2023,2292000000.0,5579700000.0,122880.0,0.0049546191958609,0.0503192498696503,31,238362866.96,0,238362866.96,0.042719656425972724,2361400000.0,2396500000.0,,,,,,,,5587900000.0,5593400000.0,,,,,,,
Manufacturing,2024,2361400000.0,5587900000.0,121995.0,0.0302792321116929,-0.0072021484374998,31,137664888.93,0,137664888.93,0.02463624777286637,2396500000.0,,,,,,,,,5593400000.0,,,,,,,,
Manufacturing,2025,2396500000.0,5593400000.0,120847.0,0.0148640636910306,-0.0094102217303988,31,215058306.98,0,215058306.98,0.03844858350556012,,,,,,,,,,,,,,,,,,
Food and beverage and tobacco products,2009,261700000.0,905000000.0,90813.0,0.0327545382794001,0.1547205798207134,311,773690150.16,0,773690150.16,0.8549062432707182,250100000.0,242700000.0,238600000.0,251800000.0,254900000.0,266300000.0,258800000.0,275300000.0,274100000.0,900400000.0,885700000.0,893400000.0,910600000.0,907600000.0,940400000.0,964600000.0,953100000.0,952900000.0
Food and beverage and tobacco products,2010,250100000.0,900400000.0,89358.0,-0.0443255636224684,-0.016021935185491,311,1150083718.97,0,1150083718.97,1.2773031085850732,242700000.0,238600000.0,251800000.0,254900000.0,266300000.0,258800000.0,275300000.0,274100000.0,267200000.0,885700000.0,893400000.0,910600000.0,907600000.0,940400000.0,964600000.0,953100000.0,952900000.0,960400000.0
Food and beverage and tobacco products,2011,242700000.0,885700000.0,86447.0,-0.0295881647341064,-0.0325768258018308,311,1502756710.33,0,1502756710.33,1.696688167923676,238600000.0,251800000.0,254900000.0,266300000.0,258800000.0,275300000.0,274100000.0,267200000.0,271400000.0,893400000.0,910600000.0,907600000.0,940400000.0,964600000.0,953100000.0,952900000.0,960400000.0,971200000.0
Food and beverage and tobacco products,2012,238600000.0,893400000.0,92212.0,-0.0168932838895755,0.0666882598586418,311,1540728372.41,0,1540728372.41,1.7245672402171481,251800000.0,254900000.0,266300000.0,258800000.0,275300000.0,274100000.0,267200000.0,271400000.0,287900000.0,910600000.0,907600000.0,940400000.0,964600000.0,953100000.0,952900000.0,960400000.0,971200000.0,962300000.0
Food and beverage and tobacco products,2013,251800000.0,910600000.0,91317.0,0.0553227158424141,-0.0097058951112654,311,841583106.9399999,0,841583106.9399999,0.9242072336261805,254900000.0,266300000.0,258800000.0,275300000.0,274100000.0,267200000.0,271400000.0,287900000.0,297500000.0,907600000.0,940400000.0,964600000.0,953100000.0,952900000.0,960400000.0,971200000.0,962300000.0,969700000.0
Food and beverage and tobacco products,2014,254900000.0,907600000.0,94815.0,0.01231135822081,0.0383061204375965,311,1021406364.27,0,1021406364.27,1.1253926446342,266300000.0,258800000.0,275300000.0,274100000.0,267200000.0,271400000.0,287900000.0,297500000.0,294600000.0,940400000.0,964600000.0,953100000.0,952900000.0,960400000.0,971200000.0,962300000.0,969700000.0,966000000.0
Food and beverage and tobacco products,2015,266300000.0,940400000.0,100159.0,0.0447234209493918,0.0563623899172072,311,864360478.16,0,864360478.16,0.9191412996171842,258800000.0,275300000.0,274100000.0,267200000.0,271400000.0,287900000.0,297500000.0,294600000.0,296600000.0,964600000.0,953100000.0,952900000.0,960400000.0,971200000.0,962300000.0,969700000.0,966000000.0,965600000.0
Food and beverage and tobacco products,2016,258800000.0,964600000.0,104644.0,-0.0281637251220427,0.0447788017052885,311,841683031.2,0,841683031.2,0.872572082935932,275300000.0,274100000.0,267200000.0,271400000.0,287900000.0,297500000.0,294600000.0,296600000.0,292000000.0,953100000.0,952900000.0,960400000.0,971200000.0,962300000.0,969700000.0,966000000.0,965600000.0,950000000.0
Food and beverage and tobacco products,2017,275300000.0,953100000.0,100000.0,0.0637557959814527,-0.0443790374985666,311,944556440.44,0,944556440.44,0.9910360302591544,274100000.0,267200000.0,271400000.0,287900000.0,297500000.0,294600000.0,296600000.0,292000000.0,,952900000.0,960400000.0,971200000.0,962300000.0,969700000.0,966000000.0,965600000.0,950000000.0,
Food and beverage and tobacco products,2018,274100000.0,952900000.0,98678.0,-0.0043588812204866,-0.01322,311,780925080.14,0,780925080.14,0.8195246931892118,267200000.0,271400000.0,287900000.0,297500000.0,294600000.0,296600000.0,292000000.0,,,960400000.0,971200000.0,962300000.0,969700000.0,966000000.0,965600000.0,950000000.0,,
Food and beverage and tobacco products,2019,267200000.0,960400000.0,102077.0,-0.0251732944180956,0.034445367761811,311,1508177153.31,0,1508177153.31,1.5703635498854642,271400000.0,287900000.0,297500000.0,294600000.0,296600000.0,292000000.0,,,,971200000.0,962300000.0,969700000.0,966000000.0,965600000.0,950000000.0,,,
Food and beverage and tobacco products,2020,271400000.0,971200000.0,107856.0,0.0157185628742515,0.0566141246314055,311,4275929701.11,0,4275929701.11,4.402728275442751,287900000.0,297500000.0,294600000.0,296600000.0,292000000.0,,,,,962300000.0,969700000.0,966000000.0,965600000.0,950000000.0,,,,
Food and beverage and tobacco products,2021,287900000.0,962300000.0,106469.0,0.0607958732498157,-0.0128597389111407,311,3252927805.18,0,3252927805.18,3.380367666195573,297500000.0,294600000.0,296600000.0,292000000.0,,,,,,969700000.0,966000000.0,965600000.0,950000000.0,,,,,
Food and beverage and tobacco products,2022,297500000.0,969700000.0,100806.0,0.033344911427579,-0.0531891912199794,311,1967224265.0,0,1967224265.0,2.0286936836134886,294600000.0,296600000.0,292000000.0,,,,,,,966000000.0,965600000.0,950000000.0,,,,,,
Food and beverage and tobacco products,2023,294600000.0,966000000.0,117729.0,-0.0097478991596637,0.1678769120885661,311,2230254474.78,0,2230254474.78,2.3087520442857143,296600000.0,292000000.0,,,,,,,,965600000.0,950000000.0,,,,,,,
Food and beverage and tobacco products,2024,296600000.0,965600000.0,121451.0,0.0067888662593347,0.0316149801663141,311,1747349730.96,0,1747349730.96,1.809599969925435,292000000.0,,,,,,,,,950000000.0,,,,,,,,
Food and beverage and tobacco products,2025,292000000.0,950000000.0,121530.0,-0.0155091031692515,0.0006504680900116,311,1673420740.35,0,1673420740.35,1.7614955161578947,,,,,,,,,,,,,,,,,,
Textile mills and textile product mills,2009,16200000.0,52700000.0,93158.0,-0.2285714285714286,0.0984447405346131,313,103995362.0,0,103995362.0,1.9733465275142315,16399999.999999998,14700000.0,16100000.000000002,17200000.0,18000000.0,17500000.0,17600000.0,17300000.0,16399999.999999998,55200000.0,54000000.0,52800000.0,54200000.0,55000000.0,52800000.0,51800000.0,49700000.0,49200000.0
Textile mills and textile product mills,2010,16399999.999999998,55200000.0,94892.0,0.0123456790123457,0.0186135382897871,313,93798990.33,0,93798990.33,1.699257071195652,14700000.0,16100000.000000002,17200000.0,18000000.0,17500000.0,17600000.0,17300000.0,16399999.999999998,16000000.0,54000000.0,52800000.0,54200000.0,55000000.0,52800000.0,51800000.0,49700000.0,49200000.0,47700000.0
Textile mills and textile product mills,2011,14700000.0,54000000.0,102809.0,-0.1036585365853658,0.0834316907642371,313,12726000.0,0,12726000.0,0.23566666666666666,16100000.000000002,17200000.0,18000000.0,17500000.0,17600000.0,17300000.0,16399999.999999998,16000000.0,15000000.0,52800000.0,54200000.0,55000000.0,52800000.0,51800000.0,49700000.0,49200000.0,47700000.0,43900000.0
Textile mills and textile product mills,2012,16100000.000000002,52800000.0,99115.0,0.0952380952380953,-0.0359307064556605,313,7320000.0,0,7320000.0,0.13863636363636364,17200000.0,18000000.0,17500000.0,17600000.0,17300000.0,16399999.999999998,16000000.0,15000000.0,16100000.000000002,54200000.0,55000000.0,52800000.0,51800000.0,49700000.0,49200000.0,47700000.0,43900000.0,45300000.0
Textile mills and textile product mills,2013,17200000.0,54200000.0,96952.0,0.0683229813664594,-0.0218231347424708,313,19573920.0,0,19573920.0,0.36114243542435426,18000000.0,17500000.0,17600000.0,17300000.0,16399999.999999998,16000000.0,15000000.0,16100000.000000002,14600000.0,55000000.0,52800000.0,51800000.0,49700000.0,49200000.0,47700000.0,43900000.0,45300000.0,40300000.0
Textile mills and textile product mills,2014,18000000.0,55000000.0,98321.0,0.0465116279069768,0.0141203894710784,313,6492000.0,0,6492000.0,0.11803636363636363,17500000.0,17600000.0,17300000.0,16399999.999999998,16000000.0,15000000.0,16100000.000000002,14600000.0,13400000.0,52800000.0,51800000.0,49700000.0,49200000.0,47700000.0,43900000.0,45300000.0,40300000.0,37700000.0
Textile mills and textile product mills,2015,17500000.0,52800000.0,101182.0,-0.0277777777777777,0.0290985649047508,313,7646400.0,0,7646400.0,0.14481818181818182,17600000.0,17300000.0,16399999.999999998,16000000.0,15000000.0,16100000.000000002,14600000.0,13400000.0,13400000.0,51800000.0,49700000.0,49200000.0,47700000.0,43900000.0,45300000.0,40300000.0,37700000.0,37300000.0
Textile mills and textile product mills,2016,17600000.0,51800000.0,103080.0,0.0057142857142857,0.0187582771639223,313,18576138.502499998,1,18576138.502499998,0.35861271240347486,17300000.0,16399999.999999998,16000000.0,15000000.0,16100000.000000002,14600000.0,13400000.0,13400000.0,13600000.0,49700000.0,49200000.0,47700000.0,43900000.0,45300000.0,40300000.0,37700000.0,37300000.0,36900000.0
Textile mills and textile product mills,2017,17300000.0,49700000.0,100000.0,-0.0170454545454545,-0.0298797050834302,313,29505877.005,1,29505877.005,0.593679617806841,16399999.999999998,16000000.0,15000000.0,16100000.000000002,14600000.0,13400000.0,13400000.0,13600000.0,,49200000.0,47700000.0,43900000.0,45300000.0,40300000.0,37700000.0,37300000.0,36900000.0,
Textile mills and textile product mills,2018,16399999.999999998,49200000.0,101237.0,-0.0520231213872833,0.0123699999999999,313,40435615.5075,1,40435615.5075,0.8218621038109756,16000000.0,15000000.0,16100000.000000002,14600000.0,13400000.0,13400000.0,13600000.0,,,47700000.0,43900000.0,45300000.0,40300000.0,37700000.0,37300000.0,36900000.0,,
Textile mills and textile product mills,2019,16000000.0,47700000.0,103947.0,-0.0243902439024389,0.0267688690893646,313,51365354.01,0,51365354.01,1.076841803144654,15000000.0,16100000.000000002,14600000.0,13400000.0,13400000.0,13600000.0,,,,43900000.0,45300000.0,40300000.0,37700000.0,37300000.0,36900000.0,,,
Textile mills and textile product mills,2020,15000000.0,43900000.0,105400.0,-0.0625,0.013978277391363,313,9404953.0,0,9404953.0,0.21423583143507974,16100000.000000002,14600000.0,13400000.0,13400000.0,13600000.0,,,,,45300000.0,40300000.0,37700000.0,37300000.0,36900000.0,,,,
Textile mills and textile product mills,2021,16100000.000000002,45300000.0,105705.0,0.0733333333333334,0.0028937381404174,313,12963962.4,1,12963962.4,0.2861801854304636,14600000.0,13400000.0,13400000.0,13600000.0,,,,,,40300000.0,37700000.0,37300000.0,36900000.0,,,,,
Textile mills and textile product mills,2022,14600000.0,40300000.0,114453.0,-0.0931677018633541,0.0827586206896551,313,16522971.8,1,16522971.8,0.40999930024813896,13400000.0,13400000.0,13600000.0,,,,,,,37700000.0,37300000.0,36900000.0,,,,,,
Textile mills and textile product mills,2023,13400000.0,37700000.0,121012.0,-0.0821917808219178,0.0573073663425161,313,20081981.2,1,20081981.2,0.5326785464190982,13400000.0,13600000.0,,,,,,,,37300000.0,36900000.0,,,,,,,
Textile mills and textile product mills,2024,13400000.0,37300000.0,121905.0,0.0,0.0073794334446171,313,23640990.6,1,23640990.6,0.6338067184986595,13600000.0,,,,,,,,,36900000.0,,,,,,,,
Textile mills and textile product mills,2025,13600000.0,36900000.0,121676.0,0.0149253731343284,-0.0018785119560312,313,27200000.0,0,27200000.0,0.7371273712737128,,,,,,,,,,,,,,,,,,
Apparel and leather and allied products,2009,10200000.0,27200000.0,96998.0,-0.1774193548387097,0.0372897306199271,315,1552427217.3,0,1552427217.3,57.07453004779411,11100000.0,10900000.0,10500000.0,10600000.0,10100000.0,9700000.0,9700000.0,9400000.0,9400000.0,25800000.0,27000000.0,20300000.0,19900000.0,19200000.0,18500000.0,18700000.0,15700000.0,16900000.0
Apparel and leather and allied products,2010,11100000.0,25800000.0,93201.0,0.0882352941176471,-0.0391451370131343,315,1783932627.22,0,1783932627.22,69.14467547364342,10900000.0,10500000.0,10600000.0,10100000.0,9700000.0,9700000.0,9400000.0,9400000.0,9800000.0,27000000.0,20300000.0,19900000.0,19200000.0,18500000.0,18700000.0,15700000.0,16900000.0,17300000.0
Apparel and leather and allied products,2011,10900000.0,27000000.0,93298.0,-0.0180180180180179,0.0010407613652214,315,1584954533.06,0,1584954533.06,58.70201974296296,10500000.0,10600000.0,10100000.0,9700000.0,9700000.0,9400000.0,9400000.0,9800000.0,9700000.0,20300000.0,19900000.0,19200000.0,18500000.0,18700000.0,15700000.0,16900000.0,17300000.0,17200000.0
Apparel and leather and allied products,2012,10500000.0,20300000.0,95378.0,-0.036697247706422,0.0222941542155243,315,841952532.29,0,841952532.29,41.47549420147783,10600000.0,10100000.0,9700000.0,9700000.0,9400000.0,9400000.0,9800000.0,9700000.0,11300000.0,19900000.0,19200000.0,18500000.0,18700000.0,15700000.0,16900000.0,17300000.0,17200000.0,18600000.0
Apparel and leather and allied products,2013,10600000.0,19900000.0,96987.0,0.0095238095238094,0.0168697183836943,315,753852369.52,0,753852369.52,37.88202861909548,10100000.0,9700000.0,9700000.0,9400000.0,9400000.0,9800000.0,9700000.0,11300000.0,11700000.0,19200000.0,18500000.0,18700000.0,15700000.0,16900000.0,17300000.0,17200000.0,18600000.0,16300000.0
Apparel and leather and allied products,2014,10100000.0,19200000.0,98443.0,-0.0471698113207547,0.015012321238929,315,408115283.5,0,408115283.5,21.256004348958335,9700000.0,9700000.0,9400000.0,9400000.0,9800000.0,9700000.0,11300000.0,11700000.0,11300000.0,18500000.0,18700000.0,15700000.0,16900000.0,17300000.0,17200000.0,18600000.0,16300000.0,18000000.0
Apparel and leather and allied products,2015,9700000.0,18500000.0,100351.0,-0.0396039603960396,0.0193817742246782,315,378265311.38,0,378265311.38,20.44677358810811,9700000.0,9400000.0,9400000.0,9800000.0,9700000.0,11300000.0,11700000.0,11300000.0,11500000.0,18700000.0,15700000.0,16900000.0,17300000.0,17200000.0,18600000.0,16300000.0,18000000.0,19200000.0
Apparel and leather and allied products,2016,9700000.0,18700000.0,99845.0,0.0,-0.0050423015216589,315,483688174.93,0,483688174.93,25.865677803743317,9400000.0,9400000.0,9800000.0,9700000.0,11300000.0,11700000.0,11300000.0,11500000.0,11500000.0,15700000.0,16900000.0,17300000.0,17200000.0,18600000.0,16300000.0,18000000.0,19200000.0,18900000.0
Apparel and leather and allied products,2017,9400000.0,15700000.0,100000.0,-0.0309278350515462,0.0015524062296559,315,644903610.54,0,644903610.54,41.076663091719745,9400000.0,9800000.0,9700000.0,11300000.0,11700000.0,11300000.0,11500000.0,11500000.0,,16900000.0,17300000.0,17200000.0,18600000.0,16300000.0,18000000.0,19200000.0,18900000.0,
Apparel and leather and allied products,2018,9400000.0,16900000.0,99335.0,0.0,-0.00665,315,518933506.44,0,518933506.44,30.706124641420118,9800000.0,9700000.0,11300000.0,11700000.0,11300000.0,11500000.0,11500000.0,,,17300000.0,17200000.0,18600000.0,16300000.0,18000000.0,19200000.0,18900000.0,,
Apparel and leather and allied products,2019,9800000.0,17300000.0,98571.0,0.0425531914893617,-0.0076911461217092,315,620758596.04,0,620758596.04,35.881999771098265,9700000.0,11300000.0,11700000.0,11300000.0,11500000.0,11500000.0,,,,17200000.0,18600000.0,16300000.0,18000000.0,19200000.0,18900000.0,,,
Apparel and leather and allied products,2020,9700000.0,17200000.0,97120.0,-0.0102040816326531,-0.0147203538566108,315,1459794688.45,0,1459794688.45,84.8717842122093,11300000.0,11700000.0,11300000.0,11500000.0,11500000.0,,,,,18600000.0,16300000.0,18000000.0,19200000.0,18900000.0,,,,
Apparel and leather and allied products,2021,11300000.0,18600000.0,97470.0,0.1649484536082475,0.0036037891268532,315,210531524.85,0,210531524.85,11.31889918548387,11700000.0,11300000.0,11500000.0,11500000.0,,,,,,16300000.0,18000000.0,19200000.0,18900000.0,,,,,
Apparel and leather and allied products,2022,11700000.0,16300000.0,99390.0,0.0353982300884954,0.0196983687288396,315,327939890.86,0,327939890.86,20.119011709202454,11300000.0,11500000.0,11500000.0,,,,,,,18000000.0,19200000.0,18900000.0,,,,,,
Apparel and leather and allied products,2023,11300000.0,18000000.0,103586.0,-0.034188034188034,0.0422175269141764,315,476606047.3,0,476606047.3,26.47811373888889,11500000.0,11500000.0,,,,,,,,19200000.0,18900000.0,,,,,,,
Apparel and leather and allied products,2024,11500000.0,19200000.0,108242.0,0.0176991150442478,0.0449481590176279,315,341525379.71,0,341525379.71,17.787780193229164,11500000.0,,,,,,,,,18900000.0,,,,,,,,
Apparel and leather and allied products,2025,11500000.0,18900000.0,106501.0,0.0,-0.0160843295578425,315,509381055.63,0,509381055.63,26.951378604761903,,,,,,,,,,,,,,,,,,
Wood products,2009,27500000.0,82700000.0,77075.0,-0.1538461538461538,-0.0237615736342793,321,141975962.75,0,141975962.75,1.7167589207980654,29600000.0,32800000.0,33500000.0,34200000.0,30900000.0,33600000.0,35200000.0,35700000.0,33900000.0,85300000.0,86600000.0,92500000.0,96400000.0,97300000.0,103600000.0,106600000.0,108500000.0,113500000.0
Wood products,2010,29600000.0,85300000.0,78893.0,0.0763636363636364,0.02358741485566,321,35445000.0,0,35445000.0,0.41553341148886286,32800000.0,33500000.0,34200000.0,30900000.0,33600000.0,35200000.0,35700000.0,33900000.0,35100000.0,86600000.0,92500000.0,96400000.0,97300000.0,103600000.0,106600000.0,108500000.0,113500000.0,109300000.0
Wood products,2011,32800000.0,86600000.0,72198.0,0.1081081081081078,-0.0848617748089185,321,154345996.5,0,154345996.5,1.7822863337182449,33500000.0,34200000.0,30900000.0,33600000.0,35200000.0,35700000.0,33900000.0,35100000.0,37100000.0,92500000.0,96400000.0,97300000.0,103600000.0,106600000.0,108500000.0,113500000.0,109300000.0,116100000.0
Wood products,2012,33500000.0,92500000.0,77094.0,0.0213414634146342,0.0678135128396908,321,36718640.0,0,36718640.0,0.39695827027027025,34200000.0,30900000.0,33600000.0,35200000.0,35700000.0,33900000.0,35100000.0,37100000.0,35100000.0,96400000.0,97300000.0,103600000.0,106600000.0,108500000.0,113500000.0,109300000.0,116100000.0,119600000.0
Wood products,2013,34200000.0,96400000.0,88290.0,0.0208955223880598,0.1452253093625966,321,16399355.0,0,16399355.0,0.17011779045643152,30900000.0,33600000.0,35200000.0,35700000.0,33900000.0,35100000.0,37100000.0,35100000.0,33500000.0,97300000.0,103600000.0,106600000.0,108500000.0,113500000.0,109300000.0,116100000.0,119600000.0,120100000.0
Wood products,2014,30900000.0,97300000.0,98222.0,-0.0964912280701755,0.112492921055612,321,33005282.0,0,33005282.0,0.3392115313463515,33600000.0,35200000.0,35700000.0,33900000.0,35100000.0,37100000.0,35100000.0,33500000.0,38500000.0,103600000.0,106600000.0,108500000.0,113500000.0,109300000.0,116100000.0,119600000.0,120100000.0,129900000.0
Wood products,2015,33600000.0,103600000.0,93679.0,0.0873786407766992,-0.0462523670868032,321,36564864.0,0,36564864.0,0.3529427027027027,35200000.0,35700000.0,33900000.0,35100000.0,37100000.0,35100000.0,33500000.0,38500000.0,38300000.0,106600000.0,108500000.0,113500000.0,109300000.0,116100000.0,119600000.0,120100000.0,129900000.0,131800000.0
Wood products,2016,35200000.0,106600000.0,95707.0,0.0476190476190476,0.0216483950511854,321,127812781.0,0,127812781.0,1.1989941932457786,35700000.0,33900000.0,35100000.0,37100000.0,35100000.0,33500000.0,38500000.0,38300000.0,39200000.0,108500000.0,113500000.0,109300000.0,116100000.0,119600000.0,120100000.0,129900000.0,131800000.0,129000000.0
Wood products,2017,35700000.0,108500000.0,100000.0,0.0142045454545454,0.0448556531915116,321,339179085.5,0,339179085.5,3.126074520737327,33900000.0,35100000.0,37100000.0,35100000.0,33500000.0,38500000.0,38300000.0,39200000.0,,113500000.0,109300000.0,116100000.0,119600000.0,120100000.0,129900000.0,131800000.0,129000000.0,
Wood products,2018,33900000.0,113500000.0,109010.0,-0.050420168067227,0.0901,321,18993848.25,0,18993848.25,0.1673466806167401,35100000.0,37100000.0,35100000.0,33500000.0,38500000.0,38300000.0,39200000.0,,,109300000.0,116100000.0,119600000.0,120100000.0,129900000.0,131800000.0,129000000.0,,
Wood products,2019,35100000.0,109300000.0,104845.0,0.0353982300884956,-0.0382075038987249,321,38435230.0,0,38435230.0,0.35164894784995426,37100000.0,35100000.0,33500000.0,38500000.0,38300000.0,39200000.0,,,,116100000.0,119600000.0,120100000.0,129900000.0,131800000.0,129000000.0,,,
Wood products,2020,37100000.0,116100000.0,115816.0,0.0569800569800569,0.1046401831274739,321,45346488.72,0,45346488.72,0.39058129819121445,35100000.0,33500000.0,38500000.0,38300000.0,39200000.0,,,,,119600000.0,120100000.0,129900000.0,131800000.0,129000000.0,,,,
Wood products,2021,35100000.0,119600000.0,170918.0,-0.0539083557951483,0.4757719140705947,321,16458480.0,0,16458480.0,0.13761270903010034,33500000.0,38500000.0,38300000.0,39200000.0,,,,,,120100000.0,129900000.0,131800000.0,129000000.0,,,,,
Wood products,2022,33500000.0,120100000.0,193087.0,-0.0455840455840456,0.1297054727998221,321,389338227.5,0,389338227.5,3.2417837427144045,38500000.0,38300000.0,39200000.0,,,,,,,129900000.0,131800000.0,129000000.0,,,,,,
Wood products,2023,38500000.0,129900000.0,161918.0,0.1492537313432835,-0.1614246427776079,321,129780024.18,0,129780024.18,0.9990763986143187,38300000.0,39200000.0,,,,,,,,131800000.0,129000000.0,,,,,,,
Wood products,2024,38300000.0,131800000.0,157289.0,-0.0051948051948053,-0.0285885448189825,321,133549216.15,0,133549216.15,1.0132717462063734,39200000.0,,,,,,,,,129000000.0,,,,,,,,
Wood products,2025,39200000.0,129000000.0,149400.0,0.0234986945169715,-0.0501560821163589,321,35600780.0,0,35600780.0,0.27597503875968993,,,,,,,,,,,,,,,,,,
Paper products,2009,65700000.0,184700000.0,90152.0,0.0461783439490446,0.1010931297709922,322,115639745.18,0,115639745.18,0.6260949928532756,61400000.0,58800000.0,58500000.0,60000000.0,60900000.0,62100000.0,60600000.0,55900000.0,59500000.0,187500000.0,187900000.0,191300000.0,191900000.0,190500000.0,189300000.0,186300000.0,185300000.0,182500000.0
Paper products,2010,61400000.0,187500000.0,91858.0,-0.0654490106544901,0.0189235957050315,322,93297834.68,0,93297834.68,0.4975884516266667,58800000.0,58500000.0,60000000.0,60900000.0,62100000.0,60600000.0,55900000.0,59500000.0,62700000.0,187900000.0,191300000.0,191900000.0,190500000.0,189300000.0,186300000.0,185300000.0,182500000.0,183500000.0
Paper products,2011,58800000.0,187900000.0,91541.0,-0.0423452768729641,-0.0034509786844914,322,65424926.21,0,65424926.21,0.34819013416711014,58500000.0,60000000.0,60900000.0,62100000.0,60600000.0,55900000.0,59500000.0,62700000.0,67700000.0,191300000.0,191900000.0,190500000.0,189300000.0,186300000.0,185300000.0,182500000.0,183500000.0,177300000.0
Paper products,2012,58500000.0,191300000.0,90889.0,-0.0051020408163264,-0.0071224915611584,322,146559053.54,0,146559053.54,0.7661215553580762,60000000.0,60900000.0,62100000.0,60600000.0,55900000.0,59500000.0,62700000.0,67700000.0,64400000.00000001,191900000.0,190500000.0,189300000.0,186300000.0,185300000.0,182500000.0,183500000.0,177300000.0,177100000.0
Paper products,2013,60000000.0,191900000.0,94264.0,0.0256410256410255,0.0371332064386229,322,100585041.69,0,100585041.69,0.5241534220427305,60900000.0,62100000.0,60600000.0,55900000.0,59500000.0,62700000.0,67700000.0,64400000.00000001,57900000.0,190500000.0,189300000.0,186300000.0,185300000.0,182500000.0,183500000.0,177300000.0,177100000.0,169600000.0
Paper products,2014,60900000.0,190500000.0,93525.0,0.0149999999999999,-0.0078396842909275,322,61802576.0,0,61802576.0,0.3244229711286089,62100000.0,60600000.0,55900000.0,59500000.0,62700000.0,67700000.0,64400000.00000001,57900000.0,56200000.0,189300000.0,186300000.0,185300000.0,182500000.0,183500000.0,177300000.0,177100000.0,169600000.0,168500000.0
Paper products,2015,62100000.0,189300000.0,96526.0,0.0197044334975369,0.0320876770916866,322,77173167.57,0,77173167.57,0.40767653232963547,60600000.0,55900000.0,59500000.0,62700000.0,67700000.0,64400000.00000001,57900000.0,56200000.0,56800000.0,186300000.0,185300000.0,182500000.0,183500000.0,177300000.0,177100000.0,169600000.0,168500000.0,169900000.0
Paper products,2016,60600000.0,186300000.0,96923.0,-0.0241545893719806,0.0041128815034292,322,80113370.0,0,80113370.0,0.43002345679012344,55900000.0,59500000.0,62700000.0,67700000.0,64400000.00000001,57900000.0,56200000.0,56800000.0,55200000.0,185300000.0,182500000.0,183500000.0,177300000.0,177100000.0,169600000.0,168500000.0,169900000.0,165300000.0
Paper products,2017,55900000.0,185300000.0,100000.0,-0.0775577557755775,0.0317468505927385,322,76807874.0,0,76807874.0,0.4145055261737723,59500000.0,62700000.0,67700000.0,64400000.00000001,57900000.0,56200000.0,56800000.0,55200000.0,,182500000.0,183500000.0,177300000.0,177100000.0,169600000.0,168500000.0,169900000.0,165300000.0,
Paper products,2018,59500000.0,182500000.0,101281.0,0.0644007155635062,0.0128099999999999,322,88583635.89,0,88583635.89,0.4853897856986301,62700000.0,67700000.0,64400000.00000001,57900000.0,56200000.0,56800000.0,55200000.0,,,183500000.0,177300000.0,177100000.0,169600000.0,168500000.0,169900000.0,165300000.0,,
Paper products,2019,62700000.0,183500000.0,100060.0,0.053781512605042,-0.0120555681717202,322,46020110.0,0,46020110.0,0.2507907901907357,67700000.0,64400000.00000001,57900000.0,56200000.0,56800000.0,55200000.0,,,,177300000.0,177100000.0,169600000.0,168500000.0,169900000.0,165300000.0,,,
Paper products,2020,67700000.0,177300000.0,96107.0,0.0797448165869219,-0.0395062962222666,322,46437249.0,0,46437249.0,0.2619134179357022,64400000.00000001,57900000.0,56200000.0,56800000.0,55200000.0,,,,,177100000.0,169600000.0,168500000.0,169900000.0,165300000.0,,,,
Paper products,2021,64400000.00000001,177100000.0,100427.0,-0.0487444608567207,0.0449498995910808,322,382629927.2,0,382629927.2,2.160530362507058,57900000.0,56200000.0,56800000.0,55200000.0,,,,,,169600000.0,168500000.0,169900000.0,165300000.0,,,,,
Paper products,2022,57900000.0,169600000.0,121196.0,-0.1009316770186335,0.2068069343901539,322,151601135.47,0,151601135.47,0.8938746195165094,56200000.0,56800000.0,55200000.0,,,,,,,168500000.0,169900000.0,165300000.0,,,,,,
Paper products,2023,56200000.0,168500000.0,131212.0,-0.0293609671848013,0.0826429915178719,322,72300944.9,0,72300944.9,0.4290857264094956,56800000.0,55200000.0,,,,,,,,169900000.0,165300000.0,,,,,,,
Paper products,2024,56800000.0,169900000.0,131116.0,0.0106761565836297,-0.0007316403987438,322,30194274.0,0,30194274.0,0.17771791642142437,55200000.0,,,,,,,,,165300000.0,,,,,,,,
Paper products,2025,55200000.0,165300000.0,136190.0,-0.0281690140845068,0.0386985570029589,322,48631994.79,0,48631994.79,0.2942044451905626,,,,,,,,,,,,,,,,,,
Printing and related support activities,2009,37800000.0,87600000.0,104911.0,-0.1270207852193995,0.0054146780901997,323,7915142.9,1,7915142.9,0.09035551255707763,38400000.0,38700000.0,38900000.0,40000000.0,40100000.0,40200000.0,41000000.0,40600000.0,42000000.0,87100000.0,86200000.0,84900000.0,84700000.0,83600000.0,83000000.0,86600000.0,83900000.0,82400000.0
Printing and related support activities,2010,38400000.0,87100000.0,102691.0,0.0158730158730158,-0.0211607934344348,323,7915142.9,1,7915142.9,0.0908742009184845,38700000.0,38900000.0,40000000.0,40100000.0,40200000.0,41000000.0,40600000.0,42000000.0,40700000.0,86200000.0,84900000.0,84700000.0,83600000.0,83000000.0,86600000.0,83900000.0,82400000.0,78200000.0
Printing and related support activities,2011,38700000.0,86200000.0,100223.0,0.0078125000000002,-0.0240332648430728,323,7915142.9,0,7915142.9,0.09182300348027843,38900000.0,40000000.0,40100000.0,40200000.0,41000000.0,40600000.0,42000000.0,40700000.0,35200000.0,84900000.0,84700000.0,83600000.0,83000000.0,86600000.0,83900000.0,82400000.0,78200000.0,70900000.0
Printing and related support activities,2012,38900000.0,84900000.0,98949.0,0.0051679586563306,-0.0127116530137793,323,10194801.629999999,1,10194801.629999999,0.12008011342756182,40000000.0,40100000.0,40200000.0,41000000.0,40600000.0,42000000.0,40700000.0,35200000.0,37600000.0,84700000.0,83600000.0,83000000.0,86600000.0,83900000.0,82400000.0,78200000.0,70900000.0,71500000.0
Printing and related support activities,2013,40000000.0,84700000.0,97794.0,0.0282776349614395,-0.0116726798653852,323,12474460.36,0,12474460.36,0.14727816245572609,40100000.0,40200000.0,41000000.0,40600000.0,42000000.0,40700000.0,35200000.0,37600000.0,33400000.0,83600000.0,83000000.0,86600000.0,83900000.0,82400000.0,78200000.0,70900000.0,71500000.0,70700000.0
Printing and related support activities,2014,40100000.0,83600000.0,97684.0,0.0024999999999999,-0.0011248133832341,323,8341052.12,0,8341052.12,0.09977335071770335,40200000.0,41000000.0,40600000.0,42000000.0,40700000.0,35200000.0,37600000.0,33400000.0,29800000.0,83000000.0,86600000.0,83900000.0,82400000.0,78200000.0,70900000.0,71500000.0,70700000.0,64599999.99999999
Printing and related support activities,2015,40200000.0,83000000.0,100469.0,0.0024937655860348,0.0285102985135743,323,11514600.746666666,1,11514600.746666666,0.13873012947791163,41000000.0,40600000.0,42000000.0,40700000.0,35200000.0,37600000.0,33400000.0,29800000.0,28700000.0,86600000.0,83900000.0,82400000.0,78200000.0,70900000.0,71500000.0,70700000.0,64599999.99999999,63200000.0
Printing and related support activities,2016,41000000.0,86600000.0,101026.0,0.0199004975124377,0.0055439986463485,323,14688149.373333333,1,14688149.373333333,0.16960911516551194,40600000.0,42000000.0,40700000.0,35200000.0,37600000.0,33400000.0,29800000.0,28700000.0,28000000.0,83900000.0,82400000.0,78200000.0,70900000.0,71500000.0,70700000.0,64599999.99999999,63200000.0,61700000.0
Printing and related support activities,2017,40600000.0,83900000.0,100000.0,-0.0097560975609756,-0.0101558014768474,323,17861698.0,0,17861698.0,0.21289270560190704,42000000.0,40700000.0,35200000.0,37600000.0,33400000.0,29800000.0,28700000.0,28000000.0,,82400000.0,78200000.0,70900000.0,71500000.0,70700000.0,64599999.99999999,63200000.0,61700000.0,
Printing and related support activities,2018,42000000.0,82400000.0,98823.0,0.0344827586206897,-0.01177,323,17372904.85,1,17372904.85,0.21083622390776702,40700000.0,35200000.0,37600000.0,33400000.0,29800000.0,28700000.0,28000000.0,,,78200000.0,70900000.0,71500000.0,70700000.0,64599999.99999999,63200000.0,61700000.0,,
Printing and related support activities,2019,40700000.0,78200000.0,102066.0,-0.0309523809523808,0.032816247229896,323,16884111.7,1,16884111.7,0.2159093567774936,35200000.0,37600000.0,33400000.0,29800000.0,28700000.0,28000000.0,,,,70900000.0,71500000.0,70700000.0,64599999.99999999,63200000.0,61700000.0,,,
Printing and related support activities,2020,35200000.0,70900000.0,103606.0,-0.1351351351351351,0.0150882762134303,323,16395318.55,1,16395318.55,0.2312456777150917,37600000.0,33400000.0,29800000.0,28700000.0,28000000.0,,,,,71500000.0,70700000.0,64599999.99999999,63200000.0,61700000.0,,,,
Printing and related support activities,2021,37600000.0,71500000.0,103633.0,0.0681818181818181,0.0002606026677991,323,15906525.4,1,15906525.4,0.2224688867132867,33400000.0,29800000.0,28700000.0,28000000.0,,,,,,70700000.0,64599999.99999999,63200000.0,61700000.0,,,,,
Printing and related support activities,2022,33400000.0,70700000.0,122262.0,-0.1117021276595745,0.1797593430663977,323,15417732.25,1,15417732.25,0.2180725919377652,29800000.0,28700000.0,28000000.0,,,,,,,64599999.99999999,63200000.0,61700000.0,,,,,,
Printing and related support activities,2023,29800000.0,64599999.99999999,137551.0,-0.1077844311377245,0.1250511197264889,323,14928939.100000001,1,14928939.100000001,0.23109812848297218,28700000.0,28000000.0,,,,,,,,63200000.0,61700000.0,,,,,,,
Printing and related support activities,2024,28700000.0,63200000.0,144111.0,-0.0369127516778523,0.0476914017346292,323,14440145.950000001,1,14440145.950000001,0.2284833219936709,28000000.0,,,,,,,,,61700000.0,,,,,,,,
Printing and related support activities,2025,28000000.0,61700000.0,148123.0,-0.024390243902439,0.0278396513798391,323,13951352.8,0,13951352.8,0.22611592868719613,,,,,,,,,,,,,,,,,,
Petroleum and coal products,2009,148800000.0,488500000.0,74349.0,-0.0576314122862571,-0.241839596186203,324,14234094341.6,0,14234094341.6,29.138371221289663,127200000.0,106700000.0,98000000.0,106500000.0,114800000.0,112500000.0,96500000.0,110700000.0,116100000.0,477400000.0,490600000.0,494300000.0,513300000.0,498000000.0,494200000.0,521900000.0,538800000.0,550900000.0
Petroleum and coal products,2010,127200000.0,477400000.0,97349.0,-0.1451612903225807,0.3093518406434519,324,8808602492.210001,0,8808602492.210001,18.451199187704233,106700000.0,98000000.0,106500000.0,114800000.0,112500000.0,96500000.0,110700000.0,116100000.0,132900000.0,490600000.0,494300000.0,513300000.0,498000000.0,494200000.0,521900000.0,538800000.0,550900000.0,550800000.0
Petroleum and coal products,2011,106700000.0,490600000.0,149029.0,-0.1611635220125786,0.530873455300003,324,9870123403.62,0,9870123403.62,20.118474120709337,98000000.0,106500000.0,114800000.0,112500000.0,96500000.0,110700000.0,116100000.0,132900000.0,88400000.0,494300000.0,513300000.0,498000000.0,494200000.0,521900000.0,538800000.0,550900000.0,550800000.0,430200000.0
Petroleum and coal products,2012,98000000.0,494300000.0,162422.0,-0.0815370196813496,0.0898684148722732,324,18306529413.95,0,18306529413.95,37.03526080103176,106500000.0,114800000.0,112500000.0,96500000.0,110700000.0,116100000.0,132900000.0,88400000.0,115900000.0,513300000.0,498000000.0,494200000.0,521900000.0,538800000.0,550900000.0,550800000.0,430200000.0,463400000.0
Petroleum and coal products,2013,106500000.0,513300000.0,137607.0,0.086734693877551,-0.1527810272007487,324,11227898889.87,0,11227898889.87,21.87395069135009,114800000.0,112500000.0,96500000.0,110700000.0,116100000.0,132900000.0,88400000.0,115900000.0,105300000.0,498000000.0,494200000.0,521900000.0,538800000.0,550900000.0,550800000.0,430200000.0,463400000.0,463000000.0
Petroleum and coal products,2014,114800000.0,498000000.0,128772.0,0.0779342723004694,-0.06420458261571,324,7892798178.43,0,7892798178.43,15.848992326164659,112500000.0,96500000.0,110700000.0,116100000.0,132900000.0,88400000.0,115900000.0,105300000.0,116900000.0,494200000.0,521900000.0,538800000.0,550900000.0,550800000.0,430200000.0,463400000.0,463000000.0,460400000.0
Petroleum and coal products,2015,112500000.0,494200000.0,116851.0,-0.0200348432055749,-0.0925744727114589,324,5840272965.23,0,5840272965.23,11.817630443605827,96500000.0,110700000.0,116100000.0,132900000.0,88400000.0,115900000.0,105300000.0,116900000.0,140000000.0,521900000.0,538800000.0,550900000.0,550800000.0,430200000.0,463400000.0,463000000.0,460400000.0,456800000.0
Petroleum and coal products,2016,96500000.0,521900000.0,78781.0,-0.1422222222222222,-0.3257995224687849,324,2388078274.23,0,2388078274.23,4.5757391726959185,110700000.0,116100000.0,132900000.0,88400000.0,115900000.0,105300000.0,116900000.0,140000000.0,124800000.0,538800000.0,550900000.0,550800000.0,430200000.0,463400000.0,463000000.0,460400000.0,456800000.0,447300000.0
Petroleum and coal products,2017,110700000.0,538800000.0,100000.0,0.1471502590673574,0.2693415925159619,324,3167451467.41,0,3167451467.41,5.878714675965107,116100000.0,132900000.0,88400000.0,115900000.0,105300000.0,116900000.0,140000000.0,124800000.0,,550900000.0,550800000.0,430200000.0,463400000.0,463000000.0,460400000.0,456800000.0,447300000.0,
Petroleum and coal products,2018,116100000.0,550900000.0,132909.0,0.0487804878048778,0.3290899999999999,324,4622773340.4,0,4622773340.4,8.391311200580867,132900000.0,88400000.0,115900000.0,105300000.0,116900000.0,140000000.0,124800000.0,,,550800000.0,430200000.0,463400000.0,463000000.0,460400000.0,456800000.0,447300000.0,,
Petroleum and coal products,2019,132900000.0,550800000.0,107873.0,0.1447028423772611,-0.1883694858888411,324,3373130160.95,0,3373130160.95,6.12405621087509,88400000.0,115900000.0,105300000.0,116900000.0,140000000.0,124800000.0,,,,430200000.0,463400000.0,463000000.0,460400000.0,456800000.0,447300000.0,,,
Petroleum and coal products,2020,88400000.0,430200000.0,69582.0,-0.3348382242287434,-0.3549637073224997,324,2007935905.77,0,2007935905.77,4.667447479707113,115900000.0,105300000.0,116900000.0,140000000.0,124800000.0,,,,,463400000.0,463000000.0,460400000.0,456800000.0,447300000.0,,,,
Petroleum and coal products,2021,115900000.0,463400000.0,127508.0,0.3110859728506787,0.8324854128941395,324,2442832191.67,0,2442832191.67,5.271541199115235,105300000.0,116900000.0,140000000.0,124800000.0,,,,,,463000000.0,460400000.0,456800000.0,447300000.0,,,,,
Petroleum and coal products,2022,105300000.0,463000000.0,219367.0,-0.0914581535806731,0.7204175424287103,324,7884527423.79,0,7884527423.79,17.02921689803456,116900000.0,140000000.0,124800000.0,,,,,,,460400000.0,456800000.0,447300000.0,,,,,,
Petroleum and coal products,2023,116900000.0,460400000.0,186565.0,0.1101614434947768,-0.1495302392793811,324,6622534242.05,0,6622534242.05,14.384305477953953,140000000.0,124800000.0,,,,,,,,456800000.0,447300000.0,,,,,,,
Petroleum and coal products,2024,140000000.0,456800000.0,139788.0,0.1976047904191615,-0.2507276284404898,324,6279558916.0,0,6279558916.0,13.746845262697022,124800000.0,,,,,,,,,447300000.0,,,,,,,,
Petroleum and coal products,2025,124800000.0,447300000.0,129894.0,-0.1085714285714285,-0.0707786076058031,324,3338697524.6,0,3338697524.6,7.46411250748938,,,,,,,,,,,,,,,,,,
Chemical products,2009,367500000.0,740800000.0,78347.0,-0.0102343118771882,0.0950730309595357,325,6971563590.19,0,6971563590.19,9.41085797811825,390400000.0,365600000.0,346400000.0,356900000.0,350800000.0,340200000.0,352300000.0,345100000.0,387500000.0,796400000.0,784500000.0,796200000.0,825800000.0,812900000.0,804900000.0,809800000.0,782700000.0,786500000.0
Chemical products,2010,390400000.0,796400000.0,77697.0,0.062312925170068,-0.0082964248790635,325,5354029006.68,0,5354029006.68,6.722788807985937,365600000.0,346400000.0,356900000.0,350800000.0,340200000.0,352300000.0,345100000.0,387500000.0,368500000.0,784500000.0,796200000.0,825800000.0,812900000.0,804900000.0,809800000.0,782700000.0,786500000.0,786500000.0
Chemical products,2011,365600000.0,784500000.0,83687.0,-0.0635245901639343,0.0770943537073503,325,6031646866.05,0,6031646866.05,7.688523729827916,346400000.0,356900000.0,350800000.0,340200000.0,352300000.0,345100000.0,387500000.0,368500000.0,391100000.0,796200000.0,825800000.0,812900000.0,804900000.0,809800000.0,782700000.0,786500000.0,786500000.0,760200000.0
Chemical products,2012,346400000.0,796200000.0,88045.0,-0.0525164113785558,0.0520749937266242,325,6925410724.08,0,6925410724.08,8.698079281688019,356900000.0,350800000.0,340200000.0,352300000.0,345100000.0,387500000.0,368500000.0,391100000.0,418900000.0,825800000.0,812900000.0,804900000.0,809800000.0,782700000.0,786500000.0,786500000.0,760200000.0,770600000.0
Chemical products,2013,356900000.0,825800000.0,89289.0,0.0303117782909929,0.0141291385087172,325,8875549957.0,0,8875549957.0,10.747820243400339,350800000.0,340200000.0,352300000.0,345100000.0,387500000.0,368500000.0,391100000.0,418900000.0,425300000.0,812900000.0,804900000.0,809800000.0,782700000.0,786500000.0,786500000.0,760200000.0,770600000.0,741400000.0
Chemical products,2014,350800000.0,812900000.0,92205.0,-0.017091622303166,0.0326579981856667,325,8474560897.11,0,8474560897.11,10.42509644127199,340200000.0,352300000.0,345100000.0,387500000.0,368500000.0,391100000.0,418900000.0,425300000.0,431100000.0,804900000.0,809800000.0,782700000.0,786500000.0,786500000.0,760200000.0,770600000.0,741400000.0,787500000.0
Chemical products,2015,340200000.0,804900000.0,95021.0,-0.0302166476624857,0.0305406431321511,325,8502037544.26,0,8502037544.26,10.56284947727668,352300000.0,345100000.0,387500000.0,368500000.0,391100000.0,418900000.0,425300000.0,431100000.0,476000000.0,809800000.0,782700000.0,786500000.0,786500000.0,760200000.0,770600000.0,741400000.0,787500000.0,828000000.0
Chemical products,2016,352300000.0,809800000.0,97019.0,0.0355673133450911,0.0210269308889614,325,6699405542.69,0,6699405542.69,8.272913735107434,345100000.0,387500000.0,368500000.0,391100000.0,418900000.0,425300000.0,431100000.0,476000000.0,498100000.0,782700000.0,786500000.0,786500000.0,760200000.0,770600000.0,741400000.0,787500000.0,828000000.0,855300000.0
Chemical products,2017,345100000.0,782700000.0,100000.0,-0.0204371274481974,0.030725940279739,325,9003541933.53,0,9003541933.53,11.503183765848986,387500000.0,368500000.0,391100000.0,418900000.0,425300000.0,431100000.0,476000000.0,498100000.0,,786500000.0,786500000.0,760200000.0,770600000.0,741400000.0,787500000.0,828000000.0,855300000.0,
Chemical products,2018,387500000.0,786500000.0,102241.0,0.1228629382787596,0.02241,325,8354139342.66,0,8354139342.66,10.621919062504768,368500000.0,391100000.0,418900000.0,425300000.0,431100000.0,476000000.0,498100000.0,,,786500000.0,760200000.0,770600000.0,741400000.0,787500000.0,828000000.0,855300000.0,,
Chemical products,2019,368500000.0,786500000.0,101703.0,-0.0490322580645161,-0.0052620768576207,325,8023893070.5199995,0,8023893070.5199995,10.202025518779402,391100000.0,418900000.0,425300000.0,431100000.0,476000000.0,498100000.0,,,,760200000.0,770600000.0,741400000.0,787500000.0,828000000.0,855300000.0,,,
Chemical products,2020,391100000.0,760200000.0,100921.0,0.0613297150610583,-0.0076890553867633,325,12798044556.93,0,12798044556.93,16.835102021744277,418900000.0,425300000.0,431100000.0,476000000.0,498100000.0,,,,,770600000.0,741400000.0,787500000.0,828000000.0,855300000.0,,,,
Chemical products,2021,418900000.0,770600000.0,110890.0,0.071081564817182,0.0987802340444505,325,41764971077.16,0,41764971077.16,54.1979899781469,425300000.0,431100000.0,476000000.0,498100000.0,,,,,,741400000.0,787500000.0,828000000.0,855300000.0,,,,,
Chemical products,2022,425300000.0,741400000.0,119800.0,0.01527810933397,0.0803498962936242,325,44957251890.2,0,44957251890.2,60.63832194523874,431100000.0,476000000.0,498100000.0,,,,,,,787500000.0,828000000.0,855300000.0,,,,,,
Chemical products,2023,431100000.0,787500000.0,119368.0,0.0136374324006582,-0.0036060100166944,325,15350712236.23,0,15350712236.23,19.49296791902222,476000000.0,498100000.0,,,,,,,,828000000.0,855300000.0,,,,,,,
Chemical products,2024,476000000.0,828000000.0,116401.0,0.1041521688703317,-0.0248559077809797,325,12661674792.14,0,12661674792.14,15.291877768285023,498100000.0,,,,,,,,,855300000.0,,,,,,,,
Chemical products,2025,498100000.0,855300000.0,116007.0,0.0464285714285714,-0.0033848506456128,325,15248317148.45,0,15248317148.45,17.8280336121244,,,,,,,,,,,,,,,,,,
Plastics and rubber products,2009,64200000.0,193400000.0,94091.0,-0.0046511627906976,0.0829122883745554,326,114093540.57,0,114093540.57,0.5899355768872803,68300000.0,66900000.00000001,68800000.0,69000000.0,68700000.0,75900000.0,76800000.0,77200000.0,80100000.0,209200000.0,211900000.0,222500000.0,225800000.0,230700000.0,235900000.0,235900000.0,237800000.0,245000000.0
Plastics and rubber products,2010,68300000.0,209200000.0,90592.0,0.0638629283489096,-0.0371874036836679,326,82498820.0,0,82498820.0,0.3943538240917782,66900000.00000001,68800000.0,69000000.0,68700000.0,75900000.0,76800000.0,77200000.0,80100000.0,81600000.0,211900000.0,222500000.0,225800000.0,230700000.0,235900000.0,235900000.0,237800000.0,245000000.0,240800000.0
Plastics and rubber products,2011,66900000.00000001,211900000.0,94197.0,-0.0204978038067348,0.0397938007771105,326,70030951.16,0,70030951.16,0.3304905670599339,68800000.0,69000000.0,68700000.0,75900000.0,76800000.0,77200000.0,80100000.0,81600000.0,76900000.0,222500000.0,225800000.0,230700000.0,235900000.0,235900000.0,237800000.0,245000000.0,240800000.0,226700000.0
Plastics and rubber products,2012,68800000.0,222500000.0,98436.0,0.0284005979073243,0.0450014331666615,326,138798353.8,0,138798353.8,0.6238128260674158,69000000.0,68700000.0,75900000.0,76800000.0,77200000.0,80100000.0,81600000.0,76900000.0,78000000.0,225800000.0,230700000.0,235900000.0,235900000.0,237800000.0,245000000.0,240800000.0,226700000.0,237400000.0
Plastics and rubber products,2013,69000000.0,225800000.0,99942.0,0.002906976744186,0.0152992807509446,326,55203656.58,0,55203656.58,0.24448032143489815,68700000.0,75900000.0,76800000.0,77200000.0,80100000.0,81600000.0,76900000.0,78000000.0,69800000.0,230700000.0,235900000.0,235900000.0,237800000.0,245000000.0,240800000.0,226700000.0,237400000.0,226100000.0
Plastics and rubber products,2014,68700000.0,230700000.0,97334.0,-0.0043478260869564,-0.0260951351784033,326,55210317.72,0,55210317.72,0.23931650507152144,75900000.0,76800000.0,77200000.0,80100000.0,81600000.0,76900000.0,78000000.0,69800000.0,67500000.0,235900000.0,235900000.0,237800000.0,245000000.0,240800000.0,226700000.0,237400000.0,226100000.0,221400000.0
Plastics and rubber products,2015,75900000.0,235900000.0,102125.0,0.1048034934497816,0.0492222656009204,326,68880398.13,0,68880398.13,0.29198981827045356,76800000.0,77200000.0,80100000.0,81600000.0,76900000.0,78000000.0,69800000.0,67500000.0,66400000.00000001,235900000.0,237800000.0,245000000.0,240800000.0,226700000.0,237400000.0,226100000.0,221400000.0,222600000.0
Plastics and rubber products,2016,76800000.0,235900000.0,102656.0,0.0118577075098813,0.0051995104039168,326,42254211.15,0,42254211.15,0.17911916553624416,77200000.0,80100000.0,81600000.0,76900000.0,78000000.0,69800000.0,67500000.0,66400000.00000001,68500000.0,237800000.0,245000000.0,240800000.0,226700000.0,237400000.0,226100000.0,221400000.0,222600000.0,222300000.0
Plastics and rubber products,2017,77200000.0,237800000.0,100000.0,0.0052083333333334,-0.0258728179551123,326,52466207.879999995,0,52466207.879999995,0.22063165634987383,80100000.0,81600000.0,76900000.0,78000000.0,69800000.0,67500000.0,66400000.00000001,68500000.0,,245000000.0,240800000.0,226700000.0,237400000.0,226100000.0,221400000.0,222600000.0,222300000.0,
Plastics and rubber products,2018,80100000.0,245000000.0,100879.0,0.0375647668393781,0.00879,326,100304437.68,0,100304437.68,0.4094058680816327,81600000.0,76900000.0,78000000.0,69800000.0,67500000.0,66400000.00000001,68500000.0,,,240800000.0,226700000.0,237400000.0,226100000.0,221400000.0,222600000.0,222300000.0,,
Plastics and rubber products,2019,81600000.0,240800000.0,103927.0,0.0187265917602996,0.0302144152896044,326,107839554.7,0,107839554.7,0.4478386823089701,76900000.0,78000000.0,69800000.0,67500000.0,66400000.00000001,68500000.0,,,,226700000.0,237400000.0,226100000.0,221400000.0,222600000.0,222300000.0,,,
Plastics and rubber products,2020,76900000.0,226700000.0,104129.0,-0.0575980392156861,0.0019436720005387,326,19080000.0,0,19080000.0,0.08416409351565945,78000000.0,69800000.0,67500000.0,66400000.00000001,68500000.0,,,,,237400000.0,226100000.0,221400000.0,222600000.0,222300000.0,,,,
Plastics and rubber products,2021,78000000.0,237400000.0,106294.0,0.014304291287386,0.0207915182129856,326,32938624.0,0,32938624.0,0.13874736310025274,69800000.0,67500000.0,66400000.00000001,68500000.0,,,,,,226100000.0,221400000.0,222600000.0,222300000.0,,,,,
Plastics and rubber products,2022,69800000.0,226100000.0,136485.0,-0.1051282051282052,0.2840329651720701,326,40179019.0,0,40179019.0,0.17770463954002655,67500000.0,66400000.00000001,68500000.0,,,,,,,221400000.0,222600000.0,222300000.0,,,,,,
Plastics and rubber products,2023,67500000.0,221400000.0,150843.0,-0.0329512893982807,0.1051983734476313,326,66771817.53,0,66771817.53,0.301589058401084,66400000.00000001,68500000.0,,,,,,,,222600000.0,222300000.0,,,,,,,
Plastics and rubber products,2024,66400000.00000001,222600000.0,152860.0,-0.0162962962962962,0.0133715187313963,326,73589164.72,0,73589164.72,0.33058923953279423,68500000.0,,,,,,,,,222300000.0,,,,,,,,
Plastics and rubber products,2025,68500000.0,222300000.0,148037.0,0.0316265060240963,-0.0315517466963234,326,49673844.34,0,49673844.34,0.2234540905982906,,,,,,,,,,,,,,,,,,
Nonmetallic mineral products,2009,46700000.0,106800000.0,83182.0,-0.1962134251290878,0.0801173843037448,327,124869175.68,0,124869175.68,1.1691870382022473,48100000.0,50500000.0,53400000.0,56400000.0,56500000.0,56500000.0,55300000.0,58500000.0,58300000.0,110200000.0,110900000.0,114300000.0,118300000.0,123000000.0,125200000.0,128000000.0,127300000.0,127100000.0
Nonmetallic mineral products,2010,48100000.0,110200000.0,79781.0,0.0299785867237687,-0.0408862494289629,327,27085483.7,0,27085483.7,0.2457847885662432,50500000.0,53400000.0,56400000.0,56500000.0,56500000.0,55300000.0,58500000.0,58300000.0,60600000.0,110900000.0,114300000.0,118300000.0,123000000.0,125200000.0,128000000.0,127300000.0,127100000.0,128100000.0
Nonmetallic mineral products,2011,50500000.0,110900000.0,77127.0,0.0498960498960499,-0.0332660658552789,327,32716903.98,0,32716903.98,0.29501265987376013,53400000.0,56400000.0,56500000.0,56500000.0,55300000.0,58500000.0,58300000.0,60600000.0,59100000.0,114300000.0,118300000.0,123000000.0,125200000.0,128000000.0,127300000.0,127100000.0,128100000.0,124100000.0
Nonmetallic mineral products,2012,53400000.0,114300000.0,80048.0,0.0574257425742574,0.0378725997380944,327,82464623.83,0,82464623.83,0.7214752741032371,56400000.0,56500000.0,56500000.0,55300000.0,58500000.0,58300000.0,60600000.0,59100000.0,61300000.0,118300000.0,123000000.0,125200000.0,128000000.0,127300000.0,127100000.0,128100000.0,124100000.0,127500000.0
Nonmetallic mineral products,2013,56400000.0,118300000.0,82938.0,0.0561797752808987,0.0361033379972017,327,54509433.25,0,54509433.25,0.46077289306846997,56500000.0,56500000.0,55300000.0,58500000.0,58300000.0,60600000.0,59100000.0,61300000.0,58800000.0,123000000.0,125200000.0,128000000.0,127300000.0,127100000.0,128100000.0,124100000.0,127500000.0,131300000.0
Nonmetallic mineral products,2014,56500000.0,123000000.0,86066.0,0.00177304964539,0.0377149195784802,327,37188451.0,0,37188451.0,0.3023451300813008,56500000.0,55300000.0,58500000.0,58300000.0,60600000.0,59100000.0,61300000.0,58800000.0,52100000.0,125200000.0,128000000.0,127300000.0,127100000.0,128100000.0,124100000.0,127500000.0,131300000.0,126100000.0
Nonmetallic mineral products,2015,56500000.0,125200000.0,93843.0,0.0,0.0903608858318034,327,41544812.4,0,41544812.4,0.3318275750798722,55300000.0,58500000.0,58300000.0,60600000.0,59100000.0,61300000.0,58800000.0,52100000.0,49600000.0,128000000.0,127300000.0,127100000.0,128100000.0,124100000.0,127500000.0,131300000.0,126100000.0,122700000.0
Nonmetallic mineral products,2016,55300000.0,128000000.0,99467.0,-0.0212389380530974,0.0599298828895069,327,34208942.75,0,34208942.75,0.267257365234375,58500000.0,58300000.0,60600000.0,59100000.0,61300000.0,58800000.0,52100000.0,49600000.0,48800000.0,127300000.0,127100000.0,128100000.0,124100000.0,127500000.0,131300000.0,126100000.0,122700000.0,120300000.0
Nonmetallic mineral products,2017,58500000.0,127300000.0,100000.0,0.0578661844484629,0.0053585611308273,327,25420784.0,0,25420784.0,0.19969194029850745,58300000.0,60600000.0,59100000.0,61300000.0,58800000.0,52100000.0,49600000.0,48800000.0,,127100000.0,128100000.0,124100000.0,127500000.0,131300000.0,126100000.0,122700000.0,120300000.0,
Nonmetallic mineral products,2018,58300000.0,127100000.0,101919.0,-0.0034188034188035,0.01919,327,54634418.4,0,54634418.4,0.42985380330448464,60600000.0,59100000.0,61300000.0,58800000.0,52100000.0,49600000.0,48800000.0,,,128100000.0,124100000.0,127500000.0,131300000.0,126100000.0,122700000.0,120300000.0,,
Nonmetallic mineral products,2019,60600000.0,128100000.0,103973.0,0.0394511149228131,0.020153258960547,327,68749663.25,0,68749663.25,0.5366874570647931,59100000.0,61300000.0,58800000.0,52100000.0,49600000.0,48800000.0,,,,124100000.0,127500000.0,131300000.0,126100000.0,122700000.0,120300000.0,,,
Nonmetallic mineral products,2020,59100000.0,124100000.0,108000.0,-0.0247524752475247,0.0387312090638916,327,21190161.6,0,21190161.6,0.17075069782433522,61300000.0,58800000.0,52100000.0,49600000.0,48800000.0,,,,,127500000.0,131300000.0,126100000.0,122700000.0,120300000.0,,,,
Nonmetallic mineral products,2021,61300000.0,127500000.0,110693.0,0.0372250423011844,0.0249351851851851,327,33317650.0,0,33317650.0,0.26131490196078433,58800000.0,52100000.0,49600000.0,48800000.0,,,,,,131300000.0,126100000.0,122700000.0,120300000.0,,,,,
Nonmetallic mineral products,2022,58800000.0,131300000.0,121802.0,-0.0407830342577487,0.1003586495984389,327,56110760.0,0,56110760.0,0.42734775323686214,52100000.0,49600000.0,48800000.0,,,,,,,126100000.0,122700000.0,120300000.0,,,,,,
Nonmetallic mineral products,2023,52100000.0,126100000.0,145218.0,-0.1139455782312924,0.1922464327350945,327,29760000.0,0,29760000.0,0.2360031720856463,49600000.0,48800000.0,,,,,,,,122700000.0,120300000.0,,,,,,,
Nonmetallic mineral products,2024,49600000.0,122700000.0,156183.0,-0.0479846449136276,0.0755071685328265,327,70133368.9,0,70133368.9,0.571584098614507,48800000.0,,,,,,,,,120300000.0,,,,,,,,
Nonmetallic mineral products,2025,48800000.0,120300000.0,156451.0,-0.0161290322580646,0.0017159357932681,327,13136649.49,0,13136649.49,0.10919908137988363,,,,,,,,,,,,,,,,,,
Durable goods,2009,877200000.0,2303900000.0,99786.0,-0.1481841134200815,0.029963977168337,33,,1,0.0,0.0,990200000.0,1061200000.0,1093700000.0,1120300000.0,1130200000.0,1139900000.0,1135400000.0,1178300000.0,1227600000.0,2514900000.0,2679300000.0,2763200000.0,2829000000.0,2899000000.0,2889800000.0,2815500000.0,2829600000.0,2920100000.0
Durable goods,2010,990200000.0,2514900000.0,96350.0,0.1288189694482444,-0.034433688092518,33,,1,0.0,0.0,1061200000.0,1093700000.0,1120300000.0,1130200000.0,1139900000.0,1135400000.0,1178300000.0,1227600000.0,1241900000.0,2679300000.0,2763200000.0,2829000000.0,2899000000.0,2889800000.0,2815500000.0,2829600000.0,2920100000.0,2866800000.0
Durable goods,2011,1061200000.0,2679300000.0,94930.0,0.0717026863259946,-0.0147379346133885,33,,1,0.0,0.0,1093700000.0,1120300000.0,1130200000.0,1139900000.0,1135400000.0,1178300000.0,1227600000.0,1241900000.0,1176700000.0,2763200000.0,2829000000.0,2899000000.0,2889800000.0,2815500000.0,2829600000.0,2920100000.0,2866800000.0,2631500000.0
Durable goods,2012,1093700000.0,2763200000.0,96173.0,0.0306257067470787,0.0130938586326767,33,,1,0.0,0.0,1120300000.0,1130200000.0,1139900000.0,1135400000.0,1178300000.0,1227600000.0,1241900000.0,1176700000.0,1263400000.0,2829000000.0,2899000000.0,2889800000.0,2815500000.0,2829600000.0,2920100000.0,2866800000.0,2631500000.0,2757000000.0
Durable goods,2013,1120300000.0,2829000000.0,96730.0,0.0243211118222546,0.0057916463040561,33,,1,0.0,0.0,1130200000.0,1139900000.0,1135400000.0,1178300000.0,1227600000.0,1241900000.0,1176700000.0,1263400000.0,1265900000.0,2899000000.0,2889800000.0,2815500000.0,2829600000.0,2920100000.0,2866800000.0,2631500000.0,2757000000.0,2797500000.0
Durable goods,2014,1130200000.0,2899000000.0,97872.0,0.0088369186824959,0.0118060580998655,33,,1,0.0,0.0,1139900000.0,1135400000.0,1178300000.0,1227600000.0,1241900000.0,1176700000.0,1263400000.0,1265900000.0,1264300000.0,2889800000.0,2815500000.0,2829600000.0,2920100000.0,2866800000.0,2631500000.0,2757000000.0,2797500000.0,2857500000.0
Durable goods,2015,1139900000.0,2889800000.0,100403.0,0.0085825517607502,0.0258603073401995,33,,1,0.0,0.0,1135400000.0,1178300000.0,1227600000.0,1241900000.0,1176700000.0,1263400000.0,1265900000.0,1264300000.0,1260400000.0,2815500000.0,2829600000.0,2920100000.0,2866800000.0,2631500000.0,2757000000.0,2797500000.0,2857500000.0,2829100000.0
Durable goods,2016,1135400000.0,2815500000.0,100393.0,-0.0039477147118168,-9.959861757125044e-05,33,,1,0.0,0.0,1178300000.0,1227600000.0,1241900000.0,1176700000.0,1263400000.0,1265900000.0,1264300000.0,1260400000.0,1295700000.0,2829600000.0,2920100000.0,2866800000.0,2631500000.0,2757000000.0,2797500000.0,2857500000.0,2829100000.0,2843400000.0
Durable goods,2017,1178300000.0,2829600000.0,100000.0,0.0377840408666547,-0.0039146155608459,33,,1,0.0,0.0,1227600000.0,1241900000.0,1176700000.0,1263400000.0,1265900000.0,1264300000.0,1260400000.0,1295700000.0,,2920100000.0,2866800000.0,2631500000.0,2757000000.0,2797500000.0,2857500000.0,2829100000.0,2843400000.0,
Durable goods,2018,1227600000.0,2920100000.0,100399.0,0.0418399388950181,0.0039899999999999,33,,1,0.0,0.0,1241900000.0,1176700000.0,1263400000.0,1265900000.0,1264300000.0,1260400000.0,1295700000.0,,,2866800000.0,2631500000.0,2757000000.0,2797500000.0,2857500000.0,2829100000.0,2843400000.0,,
Durable goods,2019,1241900000.0,2866800000.0,101661.0,0.0116487455197134,0.0125698463132102,33,,1,0.0,0.0,1176700000.0,1263400000.0,1265900000.0,1264300000.0,1260400000.0,1295700000.0,,,,2631500000.0,2757000000.0,2797500000.0,2857500000.0,2829100000.0,2843400000.0,,,
Durable goods,2020,1176700000.0,2631500000.0,102063.0,-0.0525002013044528,0.0039543187653081,33,,1,0.0,0.0,1263400000.0,1265900000.0,1264300000.0,1260400000.0,1295700000.0,,,,,2757000000.0,2797500000.0,2857500000.0,2829100000.0,2843400000.0,,,,
Durable goods,2021,1263400000.0,2757000000.0,101547.0,0.073680632276706,-0.0050557008906264,33,,1,0.0,0.0,1265900000.0,1264300000.0,1260400000.0,1295700000.0,,,,,,2797500000.0,2857500000.0,2829100000.0,2843400000.0,,,,,
Durable goods,2022,1265900000.0,2797500000.0,110067.0,0.0019787873990817,0.0839020355106501,33,,1,0.0,0.0,1264300000.0,1260400000.0,1295700000.0,,,,,,,2857500000.0,2829100000.0,2843400000.0,,,,,,
Durable goods,2023,1264300000.0,2857500000.0,118048.0,-0.0012639229007032,0.0725103800412476,33,,1,0.0,0.0,1260400000.0,1295700000.0,,,,,,,,2829100000.0,2843400000.0,,,,,,,
Durable goods,2024,1260400000.0,2829100000.0,120985.0,-0.0030847109072212,0.0248797099484954,33,,1,0.0,0.0,1295700000.0,,,,,,,,,2843400000.0,,,,,,,,
Durable goods,2025,1295700000.0,2843400000.0,120115.0,0.0280069819105046,-0.0071909740876968,33,,1,0.0,0.0,,,,,,,,,,,,,,,,,,
Primary metals,2009,40100000.0,184800000.0,102515.0,-0.0383693045563549,-0.3797570213332365,331,340253001.46,0,340253001.46,1.8411958953463203,40800000.0,45300000.0,53500000.0,57900000.0,56900000.0,62700000.0,66500000.0,59800000.0,60000000.0,227500000.0,244300000.0,243500000.0,252100000.0,252100000.0,238500000.0,225800000.0,222900000.0,232100000.0
Primary metals,2010,40800000.0,227500000.0,124855.0,0.0174563591022443,0.2179193288787007,331,1034931322.95,0,1034931322.95,4.549148672307693,45300000.0,53500000.0,57900000.0,56900000.0,62700000.0,66500000.0,59800000.0,60000000.0,67000000.0,244300000.0,243500000.0,252100000.0,252100000.0,238500000.0,225800000.0,222900000.0,232100000.0,222700000.0
Primary metals,2011,45300000.0,244300000.0,138229.0,0.1102941176470588,0.1071162548556325,331,1594510561.61,0,1594510561.61,6.52685452971756,53500000.0,57900000.0,56900000.0,62700000.0,66500000.0,59800000.0,60000000.0,67000000.0,74600000.0,243500000.0,252100000.0,252100000.0,238500000.0,225800000.0,222900000.0,232100000.0,222700000.0,201800000.0
Primary metals,2012,53500000.0,243500000.0,123006.0,0.1810154525386313,-0.1101288441643939,331,967848810.83,0,967848810.83,3.974738442833676,57900000.0,56900000.0,62700000.0,66500000.0,59800000.0,60000000.0,67000000.0,74600000.0,65700000.0,252100000.0,252100000.0,238500000.0,225800000.0,222900000.0,232100000.0,222700000.0,201800000.0,210800000.0
Primary metals,2013,57900000.0,252100000.0,108314.0,0.0822429906542054,-0.1194413280652977,331,1657026346.73,0,1657026346.73,6.57289308500595,56900000.0,62700000.0,66500000.0,59800000.0,60000000.0,67000000.0,74600000.0,65700000.0,71300000.0,252100000.0,238500000.0,225800000.0,222900000.0,232100000.0,222700000.0,201800000.0,210800000.0,220600000.0
Primary metals,2014,56900000.0,252100000.0,113311.0,-0.0172711571675302,0.0461343870598447,331,646457301.27,0,646457301.27,2.5642891760015867,62700000.0,66500000.0,59800000.0,60000000.0,67000000.0,74600000.0,65700000.0,71300000.0,86500000.0,238500000.0,225800000.0,222900000.0,232100000.0,222700000.0,201800000.0,210800000.0,220600000.0,236400000.0
Primary metals,2015,62700000.0,238500000.0,96544.0,0.1019332161687172,-0.1479732770869554,331,758231770.04,0,758231770.04,3.1791688471278823,66500000.0,59800000.0,60000000.0,67000000.0,74600000.0,65700000.0,71300000.0,86500000.0,92600000.0,225800000.0,222900000.0,232100000.0,222700000.0,201800000.0,210800000.0,220600000.0,236400000.0,241600000.0
Primary metals,2016,66500000.0,225800000.0,86267.0,0.0606060606060605,-0.1064488730527013,331,932378635.7,0,932378635.7,4.129223364481843,59800000.0,60000000.0,67000000.0,74600000.0,65700000.0,71300000.0,86500000.0,92600000.0,98500000.0,222900000.0,232100000.0,222700000.0,201800000.0,210800000.0,220600000.0,236400000.0,241600000.0,236500000.0
Primary metals,2017,59800000.0,222900000.0,100000.0,-0.1007518796992481,0.1591918114690438,331,1199319707.34,0,1199319707.34,5.3805280724091515,60000000.0,67000000.0,74600000.0,65700000.0,71300000.0,86500000.0,92600000.0,98500000.0,,232100000.0,222700000.0,201800000.0,210800000.0,220600000.0,236400000.0,241600000.0,236500000.0,
Primary metals,2018,60000000.0,232100000.0,113006.0,0.0033444816053511,0.13006,331,537400036.95,0,537400036.95,2.3153814603619134,67000000.0,74600000.0,65700000.0,71300000.0,86500000.0,92600000.0,98500000.0,,,222700000.0,201800000.0,210800000.0,220600000.0,236400000.0,241600000.0,236500000.0,,
Primary metals,2019,67000000.0,222700000.0,100705.0,0.1166666666666667,-0.108852627294126,331,609948623.61,0,609948623.61,2.7388802137853614,74600000.0,65700000.0,71300000.0,86500000.0,92600000.0,98500000.0,,,,201800000.0,210800000.0,220600000.0,236400000.0,241600000.0,236500000.0,,,
Primary metals,2020,74600000.0,201800000.0,75437.0,0.1134328358208953,-0.2509110769078,331,1144276626.59,0,1144276626.59,5.6703499831020805,65700000.0,71300000.0,86500000.0,92600000.0,98500000.0,,,,,210800000.0,220600000.0,236400000.0,241600000.0,236500000.0,,,,
Primary metals,2021,65700000.0,210800000.0,112321.0,-0.119302949061662,0.4889377891485611,331,1866703651.41,0,1866703651.41,8.855330414658445,71300000.0,86500000.0,92600000.0,98500000.0,,,,,,220600000.0,236400000.0,241600000.0,236500000.0,,,,,
Primary metals,2022,71300000.0,220600000.0,119475.0,0.0852359208523592,0.0636924528805833,331,1248863564.6299999,0,1248863564.6299999,5.661212894968267,86500000.0,92600000.0,98500000.0,,,,,,,236400000.0,241600000.0,236500000.0,,,,,,
Primary metals,2023,86500000.0,236400000.0,96177.0,0.2131837307152875,-0.1950031387319521,331,1362486272.55,0,1362486272.55,5.763478310279187,92600000.0,98500000.0,,,,,,,,241600000.0,236500000.0,,,,,,,
Primary metals,2024,92600000.0,241600000.0,82654.0,0.0705202312138728,-0.1406053422335902,331,792191879.81,0,792191879.81,3.2789398998758275,98500000.0,,,,,,,,,236500000.0,,,,,,,,
Primary metals,2025,98500000.0,236500000.0,78273.0,0.0637149028077754,-0.0530040893362693,331,1104900595.88,0,1104900595.88,4.671884126342495,,,,,,,,,,,,,,,,,,
Fabricated metal products,2009,121100000.0,303400000.0,96853.0,-0.2445414847161573,0.1656677257847101,332,7244639831.84,0,7244639831.84,23.878180065392222,133900000.0,142200000.0,147300000.0,146500000.0,148200000.0,141800000.0,136700000.0,144800000.0,150700000.0,318100000.0,339600000.0,351500000.0,357100000.0,364500000.0,356500000.0,348500000.0,346300000.0,357300000.0
Fabricated metal products,2010,133900000.0,318100000.0,89618.0,0.1056977704376549,-0.0747008352864651,332,6226698616.99,0,6226698616.99,19.5746577082364,142200000.0,147300000.0,146500000.0,148200000.0,141800000.0,136700000.0,144800000.0,150700000.0,149300000.0,339600000.0,351500000.0,357100000.0,364500000.0,356500000.0,348500000.0,346300000.0,357300000.0,353500000.0
Fabricated metal products,2011,142200000.0,339600000.0,89619.0,0.061986557132188,1.1158472628336469e-05,332,6725012785.1,0,6725012785.1,19.802746717020025,147300000.0,146500000.0,148200000.0,141800000.0,136700000.0,144800000.0,150700000.0,149300000.0,135100000.0,351500000.0,357100000.0,364500000.0,356500000.0,348500000.0,346300000.0,357300000.0,353500000.0,323500000.0
Fabricated metal products,2012,147300000.0,351500000.0,93653.0,0.0358649789029537,0.0450127763085952,332,6315224501.58,0,6315224501.58,17.966499293257467,146500000.0,148200000.0,141800000.0,136700000.0,144800000.0,150700000.0,149300000.0,135100000.0,139800000.0,357100000.0,364500000.0,356500000.0,348500000.0,346300000.0,357300000.0,353500000.0,323500000.0,326100000.0
Fabricated metal products,2013,146500000.0,357100000.0,96240.0,-0.0054310930074678,0.0276232475201005,332,5952979795.91,0,5952979795.91,16.670343869812378,148200000.0,141800000.0,136700000.0,144800000.0,150700000.0,149300000.0,135100000.0,139800000.0,132200000.0,364500000.0,356500000.0,348500000.0,346300000.0,357300000.0,353500000.0,323500000.0,326100000.0,325900000.0
Fabricated metal products,2014,148200000.0,364500000.0,95876.0,0.0116040955631397,-0.0037822111388194,332,4618157661.76,0,4618157661.76,12.669842693443073,141800000.0,136700000.0,144800000.0,150700000.0,149300000.0,135100000.0,139800000.0,132200000.0,123000000.0,356500000.0,348500000.0,346300000.0,357300000.0,353500000.0,323500000.0,326100000.0,325900000.0,318400000.0
Fabricated metal products,2015,141800000.0,356500000.0,101818.0,-0.0431848852901483,0.061975885518795,332,4543955213.32,0,4543955213.32,12.746017428667601,136700000.0,144800000.0,150700000.0,149300000.0,135100000.0,139800000.0,132200000.0,123000000.0,118000000.0,348500000.0,346300000.0,357300000.0,353500000.0,323500000.0,326100000.0,325900000.0,318400000.0,317200000.0
Fabricated metal products,2016,136700000.0,348500000.0,103751.0,-0.0359661495063471,0.0189848553300988,332,5982195236.26,0,5982195236.26,17.16555304522238,144800000.0,150700000.0,149300000.0,135100000.0,139800000.0,132200000.0,123000000.0,118000000.0,119100000.0,346300000.0,357300000.0,353500000.0,323500000.0,326100000.0,325900000.0,318400000.0,317200000.0,310700000.0
Fabricated metal products,2017,144800000.0,346300000.0,100000.0,0.0592538405267009,-0.0361538683964491,332,6997348651.66,0,6997348651.66,20.20603133600924,150700000.0,149300000.0,135100000.0,139800000.0,132200000.0,123000000.0,118000000.0,119100000.0,,357300000.0,353500000.0,323500000.0,326100000.0,325900000.0,318400000.0,317200000.0,310700000.0,
Fabricated metal products,2018,150700000.0,357300000.0,100746.0,0.0407458563535909,0.00746,332,7856251342.52,0,7856251342.52,21.987829114245734,149300000.0,135100000.0,139800000.0,132200000.0,123000000.0,118000000.0,119100000.0,,,353500000.0,323500000.0,326100000.0,325900000.0,318400000.0,317200000.0,310700000.0,,
Fabricated metal products,2019,149300000.0,353500000.0,106368.0,-0.0092899800928996,0.0558037043654338,332,7651802454.61,0,7651802454.61,21.645834383620933,135100000.0,139800000.0,132200000.0,123000000.0,118000000.0,119100000.0,,,,323500000.0,326100000.0,325900000.0,318400000.0,317200000.0,310700000.0,,,
Fabricated metal products,2020,135100000.0,323500000.0,109735.0,-0.0951105157401206,0.0316542569193742,332,5710821807.95,0,5710821807.95,17.653235882380216,139800000.0,132200000.0,123000000.0,118000000.0,119100000.0,,,,,326100000.0,325900000.0,318400000.0,317200000.0,310700000.0,,,,
Fabricated metal products,2021,139800000.0,326100000.0,106146.0,0.0347890451517396,-0.0327060646101973,332,7823314617.87,0,7823314617.87,23.9905385399264,132200000.0,123000000.0,118000000.0,119100000.0,,,,,,325900000.0,318400000.0,317200000.0,310700000.0,,,,,
Fabricated metal products,2022,132200000.0,325900000.0,132582.0,-0.0543633762517884,0.249053190888022,332,7288698026.4,0,7288698026.4,22.36482978336913,123000000.0,118000000.0,119100000.0,,,,,,,318400000.0,317200000.0,310700000.0,,,,,,
Fabricated metal products,2023,123000000.0,318400000.0,152738.0,-0.069591527987897,0.1520266702870676,332,10487527678.73,0,10487527678.73,32.93821507138819,118000000.0,119100000.0,,,,,,,,317200000.0,310700000.0,,,,,,,
Fabricated metal products,2024,118000000.0,317200000.0,161460.0,-0.040650406504065,0.0571043224344958,332,13442685172.67,0,13442685172.67,42.3792092454918,119100000.0,,,,,,,,,310700000.0,,,,,,,,
Fabricated metal products,2025,119100000.0,310700000.0,161984.0,0.0093220338983051,0.0032453858540815,332,13907098409.28,0,13907098409.28,44.760535594721595,,,,,,,,,,,,,,,,,,
Machinery,2009,131300000.0,318500000.0,90241.0,-0.2037598544572467,0.1300748866681693,333,3376853773.56,0,3376853773.56,10.602366635981161,148700000.0,170700000.0,173000000.0,171500000.0,168400000.0,149700000.0,136400000.0,147600000.0,156400000.0,354900000.0,401100000.0,430000000.0,416000000.0,422900000.0,388300000.0,361600000.0,378300000.0,381700000.0
Machinery,2010,148700000.0,354900000.0,85662.0,0.1325209444021322,-0.0507419022395584,333,2747018372.33,0,2747018372.33,7.740260277063961,170700000.0,173000000.0,171500000.0,168400000.0,149700000.0,136400000.0,147600000.0,156400000.0,154200000.0,401100000.0,430000000.0,416000000.0,422900000.0,388300000.0,361600000.0,378300000.0,381700000.0,372600000.0
Machinery,2011,170700000.0,401100000.0,84882.0,0.1479488903833221,-0.0091055543881768,333,2607502782.09,0,2607502782.09,6.500879536499626,173000000.0,171500000.0,168400000.0,149700000.0,136400000.0,147600000.0,156400000.0,154200000.0,138700000.0,430000000.0,416000000.0,422900000.0,388300000.0,361600000.0,378300000.0,381700000.0,372600000.0,330400000.0
Machinery,2012,173000000.0,430000000.0,88417.0,0.0134739308728764,0.0416460498103248,333,2108216689.43,0,2108216689.43,4.902829510302325,171500000.0,168400000.0,149700000.0,136400000.0,147600000.0,156400000.0,154200000.0,138700000.0,157300000.0,416000000.0,422900000.0,388300000.0,361600000.0,378300000.0,381700000.0,372600000.0,330400000.0,350300000.0
Machinery,2013,171500000.0,416000000.0,91701.0,-0.0086705202312138,0.0371421785403258,333,1260438588.32,0,1260438588.32,3.0299004526923077,168400000.0,149700000.0,136400000.0,147600000.0,156400000.0,154200000.0,138700000.0,157300000.0,151300000.0,422900000.0,388300000.0,361600000.0,378300000.0,381700000.0,372600000.0,330400000.0,350300000.0,349600000.0
Machinery,2014,168400000.0,422900000.0,93987.0,-0.0180758017492711,0.0249288448326627,333,1522510103.02,0,1522510103.02,3.600165767368172,149700000.0,136400000.0,147600000.0,156400000.0,154200000.0,138700000.0,157300000.0,151300000.0,146600000.0,388300000.0,361600000.0,378300000.0,381700000.0,372600000.0,330400000.0,350300000.0,349600000.0,334500000.0
Machinery,2015,149700000.0,388300000.0,99500.0,-0.1110451306413302,0.0586570483151926,333,1169816391.15,0,1169816391.15,3.012661321529745,136400000.0,147600000.0,156400000.0,154200000.0,138700000.0,157300000.0,151300000.0,146600000.0,145500000.0,361600000.0,378300000.0,381700000.0,372600000.0,330400000.0,350300000.0,349600000.0,334500000.0,319900000.0
Machinery,2016,136400000.0,361600000.0,102136.0,-0.0888443553774214,0.0264924623115576,333,1630180420.06,0,1630180420.06,4.508242312112832,147600000.0,156400000.0,154200000.0,138700000.0,157300000.0,151300000.0,146600000.0,145500000.0,141100000.0,378300000.0,381700000.0,372600000.0,330400000.0,350300000.0,349600000.0,334500000.0,319900000.0,316200000.0
Machinery,2017,147600000.0,378300000.0,100000.0,0.0821114369501465,-0.0209132920811466,333,1890240843.27,0,1890240843.27,4.996671539175257,156400000.0,154200000.0,138700000.0,157300000.0,151300000.0,146600000.0,145500000.0,141100000.0,,381700000.0,372600000.0,330400000.0,350300000.0,349600000.0,334500000.0,319900000.0,316200000.0,
Machinery,2018,156400000.0,381700000.0,99026.0,0.0596205962059621,-0.00974,333,2034211577.71,0,2034211577.71,5.32934654888656,154200000.0,138700000.0,157300000.0,151300000.0,146600000.0,145500000.0,141100000.0,,,372600000.0,330400000.0,350300000.0,349600000.0,334500000.0,319900000.0,316200000.0,,
Machinery,2019,154200000.0,372600000.0,104365.0,-0.0140664961636829,0.0539151333993093,333,2367237135.7,0,2367237135.7,6.35329343988191,138700000.0,157300000.0,151300000.0,146600000.0,145500000.0,141100000.0,,,,330400000.0,350300000.0,349600000.0,334500000.0,319900000.0,316200000.0,,,
Machinery,2020,138700000.0,330400000.0,108194.0,-0.1005188067444876,0.0366885450103005,333,2049625707.09,0,2049625707.09,6.203467636470944,157300000.0,151300000.0,146600000.0,145500000.0,141100000.0,,,,,350300000.0,349600000.0,334500000.0,319900000.0,316200000.0,,,,
Machinery,2021,157300000.0,350300000.0,100572.0,0.1341023792357607,-0.0704475294378615,333,1716193300.48,0,1716193300.48,4.899210106994005,151300000.0,146600000.0,145500000.0,141100000.0,,,,,,349600000.0,334500000.0,319900000.0,316200000.0,,,,,
Machinery,2022,151300000.0,349600000.0,115849.0,-0.0381436745073108,0.1519011255617866,333,1792579273.32,0,1792579273.32,5.1275150838672765,146600000.0,145500000.0,141100000.0,,,,,,,334500000.0,319900000.0,316200000.0,,,,,,
Machinery,2023,146600000.0,334500000.0,135253.0,-0.0310641110376735,0.1674938929123253,333,1937676737.14,0,1937676737.14,5.792755566935726,145500000.0,141100000.0,,,,,,,,319900000.0,316200000.0,,,,,,,
Machinery,2024,145500000.0,319900000.0,143379.0,-0.0075034106412005,0.0600799982255477,333,2848254025.87,0,2848254025.87,8.903576198405752,141100000.0,,,,,,,,,316200000.0,,,,,,,,
Machinery,2025,141100000.0,316200000.0,145379.0,-0.0302405498281786,0.0139490441417502,333,3011626829.44,0,3011626829.44,9.524436525743202,,,,,,,,,,,,,,,,,,
Computer and electronic products,2009,173800000.0,302200000.0,125708.0,0.0140023337222869,-0.0619226004805755,334,19003798754.79,0,19003798754.79,62.88484035337525,193200000.0,199500000.0,205200000.0,209100000.0,217700000.0,232200000.0,238300000.0,248700000.0,264500000.0,321300000.0,330600000.0,329700000.0,332000000.0,333000000.0,337700000.0,346500000.0,354300000.0,369400000.0
Computer and electronic products,2010,193200000.0,321300000.0,118371.0,0.1116225546605291,-0.0583654182709135,334,18269669572.89,0,18269669572.89,56.86171669122315,199500000.0,205200000.0,209100000.0,217700000.0,232200000.0,238300000.0,248700000.0,264500000.0,273200000.0,330600000.0,329700000.0,332000000.0,333000000.0,337700000.0,346500000.0,354300000.0,369400000.0,371400000.0
Computer and electronic products,2011,199500000.0,330600000.0,113919.0,0.032608695652174,-0.0376105633981296,334,15306356064.92,0,15306356064.92,46.29871767973382,205200000.0,209100000.0,217700000.0,232200000.0,238300000.0,248700000.0,264500000.0,273200000.0,278900000.0,329700000.0,332000000.0,333000000.0,337700000.0,346500000.0,354300000.0,369400000.0,371400000.0,368900000.0
Computer and electronic products,2012,205200000.0,329700000.0,111044.0,0.0285714285714284,-0.0252372299616394,334,15472925461.44,0,15472925461.44,46.930316837852594,209100000.0,217700000.0,232200000.0,238300000.0,248700000.0,264500000.0,273200000.0,278900000.0,300300000.0,332000000.0,333000000.0,337700000.0,346500000.0,354300000.0,369400000.0,371400000.0,368900000.0,381000000.0
Computer and electronic products,2013,209100000.0,332000000.0,109017.0,0.0190058479532164,-0.0182540254313605,334,12392476023.2,0,12392476023.2,37.326735009638554,217700000.0,232200000.0,238300000.0,248700000.0,264500000.0,273200000.0,278900000.0,300300000.0,292500000.0,333000000.0,337700000.0,346500000.0,354300000.0,369400000.0,371400000.0,368900000.0,381000000.0,387500000.0
Computer and electronic products,2014,217700000.0,333000000.0,106330.0,0.0411286465805833,-0.0246475320362878,334,11778660923.33,0,11778660923.33,35.37135412411411,232200000.0,238300000.0,248700000.0,264500000.0,273200000.0,278900000.0,300300000.0,292500000.0,288000000.0,337700000.0,346500000.0,354300000.0,369400000.0,371400000.0,368900000.0,381000000.0,387500000.0,376300000.0
Computer and electronic products,2015,232200000.0,337700000.0,104371.0,0.0666054203031694,-0.0184237750399699,334,11523903130.03,0,11523903130.03,34.12467613275096,238300000.0,248700000.0,264500000.0,273200000.0,278900000.0,300300000.0,292500000.0,288000000.0,287200000.0,346500000.0,354300000.0,369400000.0,371400000.0,368900000.0,381000000.0,387500000.0,376300000.0,379600000.0
Computer and electronic products,2016,238300000.0,346500000.0,101006.0,0.0262704565030147,-0.0322407565319867,334,14715948512.36,0,14715948512.36,42.47026987694084,248700000.0,264500000.0,273200000.0,278900000.0,300300000.0,292500000.0,288000000.0,287200000.0,297300000.0,354300000.0,369400000.0,371400000.0,368900000.0,381000000.0,387500000.0,376300000.0,379600000.0,385900000.0
Computer and electronic products,2017,248700000.0,354300000.0,100000.0,0.0436424674779687,-0.0099598043680573,334,14743380767.24,0,14743380767.24,41.612703266271524,264500000.0,273200000.0,278900000.0,300300000.0,292500000.0,288000000.0,287200000.0,297300000.0,,369400000.0,371400000.0,368900000.0,381000000.0,387500000.0,376300000.0,379600000.0,385900000.0,
Computer and electronic products,2018,264500000.0,369400000.0,98272.0,0.0635303578608765,-0.0172799999999999,334,15989920939.34,0,15989920939.34,43.286196370709256,273200000.0,278900000.0,300300000.0,292500000.0,288000000.0,287200000.0,297300000.0,,,371400000.0,368900000.0,381000000.0,387500000.0,376300000.0,379600000.0,385900000.0,,
Computer and electronic products,2019,273200000.0,371400000.0,97469.0,0.0328922495274102,-0.0081711983067406,334,18988367363.53,0,18988367363.53,51.12646032183629,278900000.0,300300000.0,292500000.0,288000000.0,287200000.0,297300000.0,,,,368900000.0,381000000.0,387500000.0,376300000.0,379600000.0,385900000.0,,,
Computer and electronic products,2020,278900000.0,368900000.0,97773.0,0.0208638360175694,0.0031189403810443,334,22701062430.28,0,22701062430.28,61.53717113114665,300300000.0,292500000.0,288000000.0,287200000.0,297300000.0,,,,,381000000.0,387500000.0,376300000.0,379600000.0,385900000.0,,,,
Computer and electronic products,2021,300300000.0,381000000.0,96172.0,0.0767300107565436,-0.0163746637619792,334,16887589876.5,0,16887589876.5,44.32438287795276,292500000.0,288000000.0,287200000.0,297300000.0,,,,,,387500000.0,376300000.0,379600000.0,385900000.0,,,,,
Computer and electronic products,2022,292500000.0,387500000.0,99163.0,-0.0259740259740259,0.031100528220272,334,16363024604.17,0,16363024604.17,42.227160268825806,288000000.0,287200000.0,297300000.0,,,,,,,376300000.0,379600000.0,385900000.0,,,,,,
Computer and electronic products,2023,288000000.0,376300000.0,101988.0,-0.0153846153846153,0.0284884483123746,334,19979675234.12,0,19979675234.12,53.09507104469838,287200000.0,297300000.0,,,,,,,,379600000.0,385900000.0,,,,,,,
Computer and electronic products,2024,287200000.0,379600000.0,104395.0,-0.0027777777777777,0.0236008157822489,334,20471234400.36,0,20471234400.36,53.92843624963119,297300000.0,,,,,,,,,385900000.0,,,,,,,,
Computer and electronic products,2025,297300000.0,385900000.0,106946.0,0.03516713091922,0.0244360362086306,334,21936900655.43,0,21936900655.43,56.84607581090956,,,,,,,,,,,,,,,,,,
"Electrical equipment, appliances, and components",2009,50900000.0,109900000.0,99568.0,-0.162828947368421,0.0911442066388312,335,750804647.12,0,750804647.12,6.831707435122839,52500000.0,50600000.0,52000000.0,57100000.0,53000000.0,60100000.0,55200000.0,57600000.0,57500000.0,113700000.0,119800000.0,122500000.0,123500000.0,127200000.0,127800000.0,124900000.0,124300000.0,122900000.0
"Electrical equipment, appliances, and components",2010,52500000.0,113700000.0,96633.0,0.031434184675835,-0.0294773421179496,335,702355601.12,0,702355601.12,6.177270018645559,50600000.0,52000000.0,57100000.0,53000000.0,60100000.0,55200000.0,57600000.0,57500000.0,55300000.0,119800000.0,122500000.0,123500000.0,127200000.0,127800000.0,124900000.0,124300000.0,122900000.0,123100000.0
"Electrical equipment, appliances, and components",2011,50600000.0,119800000.0,95517.0,-0.0361904761904762,-0.011548849771817,335,552364281.77,0,552364281.77,4.610720215108514,52000000.0,57100000.0,53000000.0,60100000.0,55200000.0,57600000.0,57500000.0,55300000.0,52900000.0,122500000.0,123500000.0,127200000.0,127800000.0,124900000.0,124300000.0,122900000.0,123100000.0,118300000.0
"Electrical equipment, appliances, and components",2012,52000000.0,122500000.0,100388.0,0.0276679841897233,0.0509961577520232,335,711629431.29,0,711629431.29,5.809219847265306,57100000.0,53000000.0,60100000.0,55200000.0,57600000.0,57500000.0,55300000.0,52900000.0,56600000.0,123500000.0,127200000.0,127800000.0,124900000.0,124300000.0,122900000.0,123100000.0,118300000.0,122100000.0
"Electrical equipment, appliances, and components",2013,57100000.0,123500000.0,100766.0,0.0980769230769231,0.0037653902856915,335,719180376.59,0,719180376.59,5.8233228873684215,53000000.0,60100000.0,55200000.0,57600000.0,57500000.0,55300000.0,52900000.0,56600000.0,51500000.0,127200000.0,127800000.0,124900000.0,124300000.0,122900000.0,123100000.0,118300000.0,122100000.0,126500000.0
"Electrical equipment, appliances, and components",2014,53000000.0,127200000.0,100622.0,-0.0718038528896672,-0.0014290534505686,335,571743541.23,0,571743541.23,4.494839160613208,60100000.0,55200000.0,57600000.0,57500000.0,55300000.0,52900000.0,56600000.0,51500000.0,48700000.0,127800000.0,124900000.0,124300000.0,122900000.0,123100000.0,118300000.0,122100000.0,126500000.0,133100000.0
"Electrical equipment, appliances, and components",2015,60100000.0,127800000.0,102221.0,0.1339622641509434,0.0158911570034385,335,697469350.99,0,697469350.99,5.457506658763694,55200000.0,57600000.0,57500000.0,55300000.0,52900000.0,56600000.0,51500000.0,48700000.0,50500000.0,124900000.0,124300000.0,122900000.0,123100000.0,118300000.0,122100000.0,126500000.0,133100000.0,135200000.0
"Electrical equipment, appliances, and components",2016,55200000.0,124900000.0,101347.0,-0.08153078202995,-0.0085501022294832,335,498506551.29,0,498506551.29,3.9912454066453162,57600000.0,57500000.0,55300000.0,52900000.0,56600000.0,51500000.0,48700000.0,50500000.0,52500000.0,124300000.0,122900000.0,123100000.0,118300000.0,122100000.0,126500000.0,133100000.0,135200000.0,136300000.0
"Electrical equipment, appliances, and components",2017,57600000.0,124300000.0,100000.0,0.0434782608695651,-0.0132909706256721,335,428007942.13,0,428007942.13,3.443346276186645,57500000.0,55300000.0,52900000.0,56600000.0,51500000.0,48700000.0,50500000.0,52500000.0,,122900000.0,123100000.0,118300000.0,122100000.0,126500000.0,133100000.0,135200000.0,136300000.0,
"Electrical equipment, appliances, and components",2018,57500000.0,122900000.0,103964.0,-0.0017361111111111,0.0396399999999999,335,375526757.25,0,375526757.25,3.055547251830757,55300000.0,52900000.0,56600000.0,51500000.0,48700000.0,50500000.0,52500000.0,,,123100000.0,118300000.0,122100000.0,126500000.0,133100000.0,135200000.0,136300000.0,,
"Electrical equipment, appliances, and components",2019,55300000.0,123100000.0,108540.0,-0.0382608695652174,0.0440152360432457,335,263468517.06,0,263468517.06,2.140280398537774,52900000.0,56600000.0,51500000.0,48700000.0,50500000.0,52500000.0,,,,118300000.0,122100000.0,126500000.0,133100000.0,135200000.0,136300000.0,,,
"Electrical equipment, appliances, and components",2020,52900000.0,118300000.0,109018.0,-0.0433996383363471,0.004403906393956,335,250766082.42,0,250766082.42,2.1197471041420117,56600000.0,51500000.0,48700000.0,50500000.0,52500000.0,,,,,122100000.0,126500000.0,133100000.0,135200000.0,136300000.0,,,,
"Electrical equipment, appliances, and components",2021,56600000.0,122100000.0,108098.0,0.0699432892249527,-0.0084389733805426,335,323739615.76,0,323739615.76,2.6514301045045046,51500000.0,48700000.0,50500000.0,52500000.0,,,,,,126500000.0,133100000.0,135200000.0,136300000.0,,,,,
"Electrical equipment, appliances, and components",2022,51500000.0,126500000.0,135208.0,-0.0901060070671377,0.2507909489537272,335,580381881.42,0,580381881.42,4.587999062608695,48700000.0,50500000.0,52500000.0,,,,,,,133100000.0,135200000.0,136300000.0,,,,,,
"Electrical equipment, appliances, and components",2023,48700000.0,133100000.0,155239.0,-0.0543689320388348,0.1481495177800129,335,552778745.07,0,552778745.07,4.153108527948911,50500000.0,52500000.0,,,,,,,,135200000.0,136300000.0,,,,,,,
"Electrical equipment, appliances, and components",2024,50500000.0,135200000.0,158861.0,0.0369609856262833,0.0233317658578062,335,320805708.69,0,320805708.69,2.372823289127219,52500000.0,,,,,,,,,136300000.0,,,,,,,,
"Electrical equipment, appliances, and components",2025,52500000.0,136300000.0,157130.0,0.0396039603960396,-0.0108963181649366,335,367411574.0,0,367411574.0,2.6956094937637562,,,,,,,,,,,,,,,,,,
"Motor vehicles, bodies and trailers, and parts",2009,46900000.0,373000000.0,101924.0,-0.5629077353215284,0.2107864100736516,336,89742179190.41,0,89742179190.41,240.59565466597857,96900000.0,122900000.0,130300000.0,138500000.0,144700000.0,144600000.0,152500000.0,159100000.0,165700000.0,468700000.0,529900000.0,538100000.0,573300000.0,611600000.0,637500000.0,632600000.0,597200000.0,628400000.0
"Motor vehicles, bodies and trailers, and parts",2010,96900000.0,468700000.0,91673.0,1.0660980810234544,-0.1005749381892391,336,84449841259.88,0,84449841259.88,180.17888043499042,122900000.0,130300000.0,138500000.0,144700000.0,144600000.0,152500000.0,159100000.0,165700000.0,167300000.0,529900000.0,538100000.0,573300000.0,611600000.0,637500000.0,632600000.0,597200000.0,628400000.0,636400000.0
"Motor vehicles, bodies and trailers, and parts",2011,122900000.0,529900000.0,85018.0,0.2683178534571724,-0.0725949843465361,336,98379383103.3,0,98379383103.3,185.65650708303454,130300000.0,138500000.0,144700000.0,144600000.0,152500000.0,159100000.0,165700000.0,167300000.0,148400000.0,538100000.0,573300000.0,611600000.0,637500000.0,632600000.0,597200000.0,628400000.0,636400000.0,563400000.0
"Motor vehicles, bodies and trailers, and parts",2012,130300000.0,538100000.0,88841.0,0.0602115541090317,0.0449669481756802,336,95850496751.32,0,95850496751.32,178.1276653992195,138500000.0,144700000.0,144600000.0,152500000.0,159100000.0,165700000.0,167300000.0,148400000.0,175800000.0,573300000.0,611600000.0,637500000.0,632600000.0,597200000.0,628400000.0,636400000.0,563400000.0,629500000.0
"Motor vehicles, bodies and trailers, and parts",2013,138500000.0,573300000.0,89027.0,0.0629316960859553,0.0020936279420538,336,90943407262.89,0,90943407262.89,158.63144472857144,144700000.0,144600000.0,152500000.0,159100000.0,165700000.0,167300000.0,148400000.0,175800000.0,212000000.0,611600000.0,637500000.0,632600000.0,597200000.0,628400000.0,636400000.0,563400000.0,629500000.0,638100000.0
"Motor vehicles, bodies and trailers, and parts",2014,144700000.0,611600000.0,91897.0,0.0447653429602887,0.0322374111224685,336,73985532671.51,0,73985532671.51,120.9704589135219,144600000.0,152500000.0,159100000.0,165700000.0,167300000.0,148400000.0,175800000.0,212000000.0,202700000.0,637500000.0,632600000.0,597200000.0,628400000.0,636400000.0,563400000.0,629500000.0,638100000.0,680000000.0
"Motor vehicles, bodies and trailers, and parts",2015,144600000.0,637500000.0,101433.0,-0.0006910850034553,0.1037683493476391,336,74381084796.95,0,74381084796.95,116.67621144619608,152500000.0,159100000.0,165700000.0,167300000.0,148400000.0,175800000.0,212000000.0,202700000.0,204000000.0,632600000.0,597200000.0,628400000.0,636400000.0,563400000.0,629500000.0,638100000.0,680000000.0,658900000.0
"Motor vehicles, bodies and trailers, and parts",2016,152500000.0,632600000.0,102201.0,0.0546334716459198,0.0075715003992782,336,90800430038.64,0,90800430038.64,143.53529882807462,159100000.0,165700000.0,167300000.0,148400000.0,175800000.0,212000000.0,202700000.0,204000000.0,220500000.0,597200000.0,628400000.0,636400000.0,563400000.0,629500000.0,638100000.0,680000000.0,658900000.0,650600000.0
"Motor vehicles, bodies and trailers, and parts",2017,159100000.0,597200000.0,100000.0,0.0432786885245901,-0.0215359927985048,336,107209584338.24,0,107209584338.24,179.52040244179506,165700000.0,167300000.0,148400000.0,175800000.0,212000000.0,202700000.0,204000000.0,220500000.0,,628400000.0,636400000.0,563400000.0,629500000.0,638100000.0,680000000.0,658900000.0,650600000.0,
"Motor vehicles, bodies and trailers, and parts",2018,165700000.0,628400000.0,97223.0,0.0414833438089252,-0.0277699999999999,336,107336070561.75,0,107336070561.75,170.8085145794876,167300000.0,148400000.0,175800000.0,212000000.0,202700000.0,204000000.0,220500000.0,,,636400000.0,563400000.0,629500000.0,638100000.0,680000000.0,658900000.0,650600000.0,,
"Motor vehicles, bodies and trailers, and parts",2019,167300000.0,636400000.0,96713.0,0.0096560048280025,-0.0052456723203357,336,119329919256.1,0,119329919256.1,187.50772981788185,148400000.0,175800000.0,212000000.0,202700000.0,204000000.0,220500000.0,,,,563400000.0,629500000.0,638100000.0,680000000.0,658900000.0,650600000.0,,,
"Motor vehicles, bodies and trailers, and parts",2020,148400000.0,563400000.0,96195.0,-0.1129707112970711,-0.0053560534778157,336,155585691998.79,0,155585691998.79,276.15493787502663,175800000.0,212000000.0,202700000.0,204000000.0,220500000.0,,,,,629500000.0,638100000.0,680000000.0,658900000.0,650600000.0,,,,
"Motor vehicles, bodies and trailers, and parts",2021,175800000.0,629500000.0,81507.0,0.1846361185983827,-0.1526898487447371,336,106193979115.59,0,106193979115.59,168.6957571335822,212000000.0,202700000.0,204000000.0,220500000.0,,,,,,638100000.0,680000000.0,658900000.0,650600000.0,,,,,
"Motor vehicles, bodies and trailers, and parts",2022,212000000.0,638100000.0,78575.0,0.2059158134243457,-0.0359723704712479,336,102673693212.23,0,102673693212.23,160.9053333524996,202700000.0,204000000.0,220500000.0,,,,,,,680000000.0,658900000.0,650600000.0,,,,,,
"Motor vehicles, bodies and trailers, and parts",2023,202700000.0,680000000.0,90160.0,-0.0438679245283019,0.1474387527839642,336,142832528387.71,0,142832528387.71,210.0478358642794,204000000.0,220500000.0,,,,,,,,658900000.0,650600000.0,,,,,,,
"Motor vehicles, bodies and trailers, and parts",2024,204000000.0,658900000.0,91115.0,0.0064134188455846,0.010592280390417,336,117602660874.72,0,117602660874.72,178.48332201353773,220500000.0,,,,,,,,,650600000.0,,,,,,,,
"Motor vehicles, bodies and trailers, and parts",2025,220500000.0,650600000.0,83644.0,0.0808823529411764,-0.0819952806892387,336,167321758743.38,0,167321758743.38,257.18069281183523,,,,,,,,,,,,,,,,,,
Furniture and related products,2009,23800000.0,66700000.0,95922.0,-0.2699386503067484,0.1222885222885221,337,32706112.04,0,32706112.04,0.49034650734632684,24000000.0,24300000.0,23800000.0,25700000.0,27100000.0,28900000.0,29100000.0,28900000.0,30300000.0,63900000.0,62700000.0,70200000.0,71200000.0,72100000.0,76500000.0,77100000.0,76300000.0,75000000.0
Furniture and related products,2010,24000000.0,63900000.0,91089.0,0.0084033613445377,-0.0503846875586413,337,50793745.49,0,50793745.49,0.7948942956181534,24300000.0,23800000.0,25700000.0,27100000.0,28900000.0,29100000.0,28900000.0,30300000.0,29100000.0,62700000.0,70200000.0,71200000.0,72100000.0,76500000.0,77100000.0,76300000.0,75000000.0,70800000.0
Furniture and related products,2011,24300000.0,62700000.0,90514.0,0.0124999999999999,-0.0063125075475634,337,118673348.97,0,118673348.97,1.892716889473684,23800000.0,25700000.0,27100000.0,28900000.0,29100000.0,28900000.0,30300000.0,29100000.0,27400000.0,70200000.0,71200000.0,72100000.0,76500000.0,77100000.0,76300000.0,75000000.0,70800000.0,65900000.00000001
Furniture and related products,2012,23800000.0,70200000.0,94144.0,-0.0205761316872428,0.0401042932585016,337,82146444.7,0,82146444.7,1.1701772749287749,25700000.0,27100000.0,28900000.0,29100000.0,28900000.0,30300000.0,29100000.0,27400000.0,28800000.0,71200000.0,72100000.0,76500000.0,77100000.0,76300000.0,75000000.0,70800000.0,65900000.00000001,66000000.0
Furniture and related products,2013,25700000.0,71200000.0,93137.0,0.0798319327731091,-0.0106963800135962,337,63213933.64,0,63213933.64,0.8878361466292135,27100000.0,28900000.0,29100000.0,28900000.0,30300000.0,29100000.0,27400000.0,28800000.0,27800000.0,72100000.0,76500000.0,77100000.0,76300000.0,75000000.0,70800000.0,65900000.00000001,66000000.0,65599999.99999999
Furniture and related products,2014,27100000.0,72100000.0,93796.0,0.0544747081712062,0.0070755983121637,337,62593539.97,0,62593539.97,0.8681489593619972,28900000.0,29100000.0,28900000.0,30300000.0,29100000.0,27400000.0,28800000.0,27800000.0,23900000.0,76500000.0,77100000.0,76300000.0,75000000.0,70800000.0,65900000.00000001,66000000.0,65599999.99999999,63000000.0
Furniture and related products,2015,28900000.0,76500000.0,98370.0,0.066420664206642,0.0487654057742334,337,40917259.69,0,40917259.69,0.534866139738562,29100000.0,28900000.0,30300000.0,29100000.0,27400000.0,28800000.0,27800000.0,23900000.0,23600000.0,77100000.0,76300000.0,75000000.0,70800000.0,65900000.00000001,66000000.0,65599999.99999999,63000000.0,62700000.0
Furniture and related products,2016,29100000.0,77100000.0,100648.0,0.0069204152249136,0.0231574667073293,337,39129985.81,0,39129985.81,0.5075225137483788,28900000.0,30300000.0,29100000.0,27400000.0,28800000.0,27800000.0,23900000.0,23600000.0,23200000.0,76300000.0,75000000.0,70800000.0,65900000.00000001,66000000.0,65599999.99999999,63000000.0,62700000.0,61500000.0
Furniture and related products,2017,28900000.0,76300000.0,100000.0,-0.006872852233677,-0.0064382799459502,337,52493874.94,0,52493874.94,0.6879931184796855,30300000.0,29100000.0,27400000.0,28800000.0,27800000.0,23900000.0,23600000.0,23200000.0,,75000000.0,70800000.0,65900000.00000001,66000000.0,65599999.99999999,63000000.0,62700000.0,61500000.0,
Furniture and related products,2018,30300000.0,75000000.0,98846.0,0.0484429065743945,-0.0115399999999999,337,41161520.11,0,41161520.11,0.5488202681333333,29100000.0,27400000.0,28800000.0,27800000.0,23900000.0,23600000.0,23200000.0,,,70800000.0,65900000.00000001,66000000.0,65599999.99999999,63000000.0,62700000.0,61500000.0,,
Furniture and related products,2019,29100000.0,70800000.0,104542.0,-0.0396039603960395,0.0576249924124394,337,51942499.75,0,51942499.75,0.7336511264124294,27400000.0,28800000.0,27800000.0,23900000.0,23600000.0,23200000.0,,,,65900000.00000001,66000000.0,65599999.99999999,63000000.0,62700000.0,61500000.0,,,
Furniture and related products,2020,27400000.0,65900000.00000001,107797.0,-0.0584192439862544,0.0311358114442041,337,32410867.48,0,32410867.48,0.4918189298937784,28800000.0,27800000.0,23900000.0,23600000.0,23200000.0,,,,,66000000.0,65599999.99999999,63000000.0,62700000.0,61500000.0,,,,
Furniture and related products,2021,28800000.0,66000000.0,104502.0,0.0510948905109489,-0.0305667133593698,337,9151895.62,0,9151895.62,0.13866508515151513,27800000.0,23900000.0,23600000.0,23200000.0,,,,,,65599999.99999999,63000000.0,62700000.0,61500000.0,,,,,
Furniture and related products,2022,27800000.0,65599999.99999999,121117.0,-0.0347222222222222,0.1589921723986145,337,40613873.72,0,40613873.72,0.6191139286585366,23900000.0,23600000.0,23200000.0,,,,,,,63000000.0,62700000.0,61500000.0,,,,,,
Furniture and related products,2023,23900000.0,63000000.0,141120.0,-0.1402877697841728,0.165154354879992,337,58364664.370000005,0,58364664.370000005,0.926423243968254,23600000.0,23200000.0,,,,,,,,62700000.0,61500000.0,,,,,,,
Furniture and related products,2024,23600000.0,62700000.0,145798.0,-0.0125523012552299,0.0331490929705216,337,44280614.58,0,44280614.58,0.7062298976076554,23200000.0,,,,,,,,,61500000.0,,,,,,,,
Furniture and related products,2025,23200000.0,61500000.0,148701.0,-0.0169491525423729,0.0199111098917679,337,33390626.92,0,33390626.92,0.5429370230894309,,,,,,,,,,,,,,,,,,
Miscellaneous manufacturing,2009,83900000.0,176200000.0,96885.0,0.0182038834951456,0.0560478728622348,339,525961959.7,0,525961959.7,2.985028148127128,87600000.0,85100000.0,84800000.0,82400000.0,83200000.0,79500000.0,83500000.0,86600000.0,91900000.0,172300000.0,170700000.0,162800000.0,172600000.0,167000000.0,168800000.0,159400000.0,158800000.0,165000000.0
Miscellaneous manufacturing,2010,87600000.0,172300000.0,94987.0,0.0441001191895111,-0.0195902358466223,339,738742325.26,0,738742325.26,4.287535259779454,85100000.0,84800000.0,82400000.0,83200000.0,79500000.0,83500000.0,86600000.0,91900000.0,88900000.0,170700000.0,162800000.0,172600000.0,167000000.0,168800000.0,159400000.0,158800000.0,165000000.0,161000000.0
Miscellaneous manufacturing,2011,85100000.0,170700000.0,94574.0,-0.0285388127853881,-0.0043479634055185,339,531792232.56,0,531792232.56,3.115361643585237,84800000.0,82400000.0,83200000.0,79500000.0,83500000.0,86600000.0,91900000.0,88900000.0,87800000.0,162800000.0,172600000.0,167000000.0,168800000.0,159400000.0,158800000.0,165000000.0,161000000.0,149500000.0
Miscellaneous manufacturing,2012,84800000.0,162800000.0,96013.0,-0.0035252643948295,0.015215598367416,339,492968950.65,0,492968950.65,3.028064807432432,82400000.0,83200000.0,79500000.0,83500000.0,86600000.0,91900000.0,88900000.0,87800000.0,97600000.0,172600000.0,167000000.0,168800000.0,159400000.0,158800000.0,165000000.0,161000000.0,149500000.0,162600000.0
Miscellaneous manufacturing,2013,82400000.0,172600000.0,96888.0,-0.0283018867924527,0.0091133492339579,339,659551814.01,0,659551814.01,3.821273545828505,83200000.0,79500000.0,83500000.0,86600000.0,91900000.0,88900000.0,87800000.0,97600000.0,96800000.0,167000000.0,168800000.0,159400000.0,158800000.0,165000000.0,161000000.0,149500000.0,162600000.0,155000000.0
Miscellaneous manufacturing,2014,83200000.0,167000000.0,96479.0,0.0097087378640776,-0.0042213690033854,339,428839096.40999997,0,428839096.40999997,2.5678987808982034,79500000.0,83500000.0,86600000.0,91900000.0,88900000.0,87800000.0,97600000.0,96800000.0,97000000.0,168800000.0,159400000.0,158800000.0,165000000.0,161000000.0,149500000.0,162600000.0,155000000.0,148400000.0
Miscellaneous manufacturing,2015,79500000.0,168800000.0,99667.0,-0.0444711538461538,0.0330434602348697,339,430722435.55,0,430722435.55,2.551673196386256,83500000.0,86600000.0,91900000.0,88900000.0,87800000.0,97600000.0,96800000.0,97000000.0,97400000.0,159400000.0,158800000.0,165000000.0,161000000.0,149500000.0,162600000.0,155000000.0,148400000.0,146100000.0
Miscellaneous manufacturing,2016,83500000.0,159400000.0,100626.0,0.050314465408805,0.0096220413978549,339,367450100.58,0,367450100.58,2.305207657340025,86600000.0,91900000.0,88900000.0,87800000.0,97600000.0,96800000.0,97000000.0,97400000.0,97100000.0,158800000.0,165000000.0,161000000.0,149500000.0,162600000.0,155000000.0,148400000.0,146100000.0,145300000.0
Miscellaneous manufacturing,2017,86600000.0,158800000.0,100000.0,0.0371257485029938,-0.0062210561882615,339,485926821.17,0,485926821.17,3.0599925766372795,91900000.0,88900000.0,87800000.0,97600000.0,96800000.0,97000000.0,97400000.0,97100000.0,,165000000.0,161000000.0,149500000.0,162600000.0,155000000.0,148400000.0,146100000.0,145300000.0,
Miscellaneous manufacturing,2018,91900000.0,165000000.0,99708.0,0.061200923787529,-0.00292,339,871668198.82,0,871668198.82,5.282837568606061,88900000.0,87800000.0,97600000.0,96800000.0,97000000.0,97400000.0,97100000.0,,,161000000.0,149500000.0,162600000.0,155000000.0,148400000.0,146100000.0,145300000.0,,
Miscellaneous manufacturing,2019,88900000.0,161000000.0,102814.0,-0.0326441784548422,0.0311509608055522,339,1020300767.05,0,1020300767.05,6.337271845031055,87800000.0,97600000.0,96800000.0,97000000.0,97400000.0,97100000.0,,,,149500000.0,162600000.0,155000000.0,148400000.0,146100000.0,145300000.0,,,
Miscellaneous manufacturing,2020,87800000.0,149500000.0,104896.0,-0.0123734533183352,0.0202501604839808,339,4634973754.16,0,4634973754.16,31.003168924147158,97600000.0,96800000.0,97000000.0,97400000.0,97100000.0,,,,,162600000.0,155000000.0,148400000.0,146100000.0,145300000.0,,,,
Miscellaneous manufacturing,2021,97600000.0,162600000.0,100519.0,0.1116173120728929,-0.0417270439292251,339,2810661138.62,0,2810661138.62,17.2857388599016,96800000.0,97000000.0,97400000.0,97100000.0,,,,,,155000000.0,148400000.0,146100000.0,145300000.0,,,,,
Miscellaneous manufacturing,2022,96800000.0,155000000.0,104001.0,-0.0081967213114754,0.0346402172723565,339,1379966745.9,0,1379966745.9,8.903011263870969,97000000.0,97400000.0,97100000.0,,,,,,,148400000.0,146100000.0,145300000.0,,,,,,
Miscellaneous manufacturing,2023,97000000.0,148400000.0,111981.0,0.0020661157024792,0.0767300314420051,339,1728839064.95,0,1728839064.95,11.6498589282345,97400000.0,97100000.0,,,,,,,,146100000.0,145300000.0,,,,,,,
Miscellaneous manufacturing,2024,97400000.0,146100000.0,116878.0,0.0041237113402061,0.04373063287522,339,1964423561.25,0,1964423561.25,13.445746483572895,97100000.0,,,,,,,,,145300000.0,,,,,,,,
Miscellaneous manufacturing,2025,97100000.0,145300000.0,119950.0,-0.0030800821355236,0.0262838173137802,339,1123376683.47,0,1123376683.47,7.731429342532691,,,,,,,,,,,,,,,,,,
Wholesale trade,2009,941000000.0,1309600000.0,88419.0,-0.1240807967979148,0.0760496531580867,42,10790565229.369999,0,10790565229.369999,8.239588599091325,999600000.0,1020800000.0,1056500000.0,1084300000.0,1127600000.0,1179000000.0,1169200000.0,1176100000.0,1185900000.0,1526800000.0,1672500000.0,1764300000.0,1834500000.0,1921400000.0,1956400000.0,1966000000.0,2053900000.0,2115500000.0
Wholesale trade,2010,999600000.0,1526800000.0,88800.0,0.0622741764080765,0.0043090286024496,42,7689505285.93,0,7689505285.93,5.036353999168195,1020800000.0,1056500000.0,1084300000.0,1127600000.0,1179000000.0,1169200000.0,1176100000.0,1185900000.0,1198200000.0,1672500000.0,1764300000.0,1834500000.0,1921400000.0,1956400000.0,1966000000.0,2053900000.0,2115500000.0,2095900000.0
Wholesale trade,2011,1020800000.0,1672500000.0,91572.0,0.0212084833933572,0.0312162162162161,42,9840305373.99,0,9840305373.99,5.88359065709417,1056500000.0,1084300000.0,1127600000.0,1179000000.0,1169200000.0,1176100000.0,1185900000.0,1198200000.0,1204200000.0,1764300000.0,1834500000.0,1921400000.0,1956400000.0,1966000000.0,2053900000.0,2115500000.0,2095900000.0,1988600000.0
Wholesale trade,2012,1056500000.0,1764300000.0,94436.0,0.0349725705329153,0.0312759358755951,42,8061379014.84,0,8061379014.84,4.569165683183132,1084300000.0,1127600000.0,1179000000.0,1169200000.0,1176100000.0,1185900000.0,1198200000.0,1204200000.0,1192300000.0,1834500000.0,1921400000.0,1956400000.0,1966000000.0,2053900000.0,2115500000.0,2095900000.0,1988600000.0,2202900000.0
Wholesale trade,2013,1084300000.0,1834500000.0,96157.0,0.0263132986275438,0.0182239823796008,42,4949495362.5,0,4949495362.5,2.698007829108749,1127600000.0,1179000000.0,1169200000.0,1176100000.0,1185900000.0,1198200000.0,1204200000.0,1192300000.0,1174300000.0,1921400000.0,1956400000.0,1966000000.0,2053900000.0,2115500000.0,2095900000.0,1988600000.0,2202900000.0,2257000000.0
Wholesale trade,2014,1127600000.0,1921400000.0,96853.0,0.0399335977128101,0.0072381625882671,42,2394662785.59,0,2394662785.59,1.24631143207557,1179000000.0,1169200000.0,1176100000.0,1185900000.0,1198200000.0,1204200000.0,1192300000.0,1174300000.0,1157100000.0,1956400000.0,1966000000.0,2053900000.0,2115500000.0,2095900000.0,1988600000.0,2202900000.0,2257000000.0,2170300000.0
Wholesale trade,2015,1179000000.0,1956400000.0,97423.0,0.0455835402625044,0.005885207479376,42,1655348633.9,0,1655348633.9,0.8461197269985689,1169200000.0,1176100000.0,1185900000.0,1198200000.0,1204200000.0,1192300000.0,1174300000.0,1157100000.0,1148800000.0,1966000000.0,2053900000.0,2115500000.0,2095900000.0,1988600000.0,2202900000.0,2257000000.0,2170300000.0,2150300000.0
Wholesale trade,2016,1169200000.0,1966000000.0,97747.0,-0.0083121289228158,0.0033257033759994,42,1127454931.14,0,1127454931.14,0.5734765672126145,1176100000.0,1185900000.0,1198200000.0,1204200000.0,1192300000.0,1174300000.0,1157100000.0,1148800000.0,1169500000.0,2053900000.0,2115500000.0,2095900000.0,1988600000.0,2202900000.0,2257000000.0,2170300000.0,2150300000.0,2142400000.0
Wholesale trade,2017,1176100000.0,2053900000.0,100000.0,0.0059014710913443,0.023049300745803,42,1083797173.84,0,1083797173.84,0.5276776736160474,1185900000.0,1198200000.0,1204200000.0,1192300000.0,1174300000.0,1157100000.0,1148800000.0,1169500000.0,,2115500000.0,2095900000.0,1988600000.0,2202900000.0,2257000000.0,2170300000.0,2150300000.0,2142400000.0,
Wholesale trade,2018,1185900000.0,2115500000.0,103054.0,0.0083326247768047,0.03054,42,2333806790.28,0,2333806790.28,1.1031939448262822,1198200000.0,1204200000.0,1192300000.0,1174300000.0,1157100000.0,1148800000.0,1169500000.0,,,2095900000.0,1988600000.0,2202900000.0,2257000000.0,2170300000.0,2150300000.0,2142400000.0,,
Wholesale trade,2019,1198200000.0,2095900000.0,108231.0,0.010371869466228,0.0502357987074737,42,1740436260.8,0,1740436260.8,0.8304004297914976,1204200000.0,1192300000.0,1174300000.0,1157100000.0,1148800000.0,1169500000.0,,,,1988600000.0,2202900000.0,2257000000.0,2170300000.0,2150300000.0,2142400000.0,,,
Wholesale trade,2020,1204200000.0,1988600000.0,108147.0,0.0050075112669003,-0.0007761177481496,42,6475429323.87,0,6475429323.87,3.2562754318968117,1192300000.0,1174300000.0,1157100000.0,1148800000.0,1169500000.0,,,,,2202900000.0,2257000000.0,2170300000.0,2150300000.0,2142400000.0,,,,
Wholesale trade,2021,1192300000.0,2202900000.0,118665.0,-0.0098820793888059,0.0972565119698187,42,1213524657.64,0,1213524657.64,0.5508759624313405,1174300000.0,1157100000.0,1148800000.0,1169500000.0,,,,,,2257000000.0,2170300000.0,2150300000.0,2142400000.0,,,,,
Wholesale trade,2022,1174300000.0,2257000000.0,135778.0,-0.0150968715927199,0.1442126996165675,42,1620826480.68,0,1620826480.68,0.7181331327780239,1157100000.0,1148800000.0,1169500000.0,,,,,,,2170300000.0,2150300000.0,2142400000.0,,,,,,
Wholesale trade,2023,1157100000.0,2170300000.0,142843.0,-0.014647023758835,0.0520334663936719,42,2122565351.29,0,2122565351.29,0.9780055067456112,1148800000.0,1169500000.0,,,,,,,,2150300000.0,2142400000.0,,,,,,,
Wholesale trade,2024,1148800000.0,2150300000.0,148526.0,-0.0071731051767348,0.0397849387089324,42,2102420136.3700001,0,2102420136.3700001,0.9777334029530764,1169500000.0,,,,,,,,,2142400000.0,,,,,,,,
Wholesale trade,2025,1169500000.0,2142400000.0,162862.0,0.0180188022284122,0.0965218210952962,42,3289394075.83,0,3289394075.83,1.5353781160520912,,,,,,,,,,,,,,,,,,
Retail trade,2009,885000000.0,1312200000.0,94043.0,-0.0425186627718272,0.021030117473346,44,938724839.38,0,938724839.38,0.7153824412284713,922400000.0,927800000.0,934800000.0,978100000.0,1007000000.0,1059900000.0,1122100000.0,1178900000.0,1220100000.0,1409000000.0,1423000000.0,1454500000.0,1522000000.0,1586700000.0,1679300000.0,1766700000.0,1846900000.0,1914600000.0
Retail trade,2010,922400000.0,1409000000.0,93619.0,0.0422598870056496,-0.0045085758642323,44,893012524.71,0,893012524.71,0.6337917137757275,927800000.0,934800000.0,978100000.0,1007000000.0,1059900000.0,1122100000.0,1178900000.0,1220100000.0,1253700000.0,1423000000.0,1454500000.0,1522000000.0,1586700000.0,1679300000.0,1766700000.0,1846900000.0,1914600000.0,1934500000.0
Retail trade,2011,927800000.0,1423000000.0,95243.0,0.0058542931483087,0.0173469060767579,44,889525531.21,0,889525531.21,0.6251057844061841,934800000.0,978100000.0,1007000000.0,1059900000.0,1122100000.0,1178900000.0,1220100000.0,1253700000.0,1231400000.0,1454500000.0,1522000000.0,1586700000.0,1679300000.0,1766700000.0,1846900000.0,1914600000.0,1934500000.0,1927600000.0
Retail trade,2012,934800000.0,1454500000.0,98776.0,0.0075447294675576,0.0370945896286341,44,921185563.75,0,921185563.75,0.6333348667927122,978100000.0,1007000000.0,1059900000.0,1122100000.0,1178900000.0,1220100000.0,1253700000.0,1231400000.0,1238800000.0,1522000000.0,1586700000.0,1679300000.0,1766700000.0,1846900000.0,1914600000.0,1934500000.0,1927600000.0,2082700000.0
Retail trade,2013,978100000.0,1522000000.0,100154.0,0.0463200684638425,0.0139507572689723,44,924779973.57,0,924779973.57,0.6076083926215506,1007000000.0,1059900000.0,1122100000.0,1178900000.0,1220100000.0,1253700000.0,1231400000.0,1238800000.0,1204600000.0,1586700000.0,1679300000.0,1766700000.0,1846900000.0,1914600000.0,1934500000.0,1927600000.0,2082700000.0,2076900000.0
Retail trade,2014,1007000000.0,1586700000.0,101112.0,0.0295470810755547,0.009565269484993,44,1504491150.55,0,1504491150.55,0.9481887883973026,1059900000.0,1122100000.0,1178900000.0,1220100000.0,1253700000.0,1231400000.0,1238800000.0,1204600000.0,1331500000.0,1679300000.0,1766700000.0,1846900000.0,1914600000.0,1934500000.0,1927600000.0,2082700000.0,2076900000.0,2154600000.0
Retail trade,2015,1059900000.0,1679300000.0,102006.0,0.05253227408143,0.0088416805126987,44,922714158.79,0,922714158.79,0.5494635614779968,1122100000.0,1178900000.0,1220100000.0,1253700000.0,1231400000.0,1238800000.0,1204600000.0,1331500000.0,1469500000.0,1766700000.0,1846900000.0,1914600000.0,1934500000.0,1927600000.0,2082700000.0,2076900000.0,2154600000.0,2288700000.0
Retail trade,2016,1122100000.0,1766700000.0,100996.0,0.0586847815831681,-0.0099013783502931,44,498022457.96999997,0,498022457.96999997,0.281894185753099,1178900000.0,1220100000.0,1253700000.0,1231400000.0,1238800000.0,1204600000.0,1331500000.0,1469500000.0,1464900000.0,1846900000.0,1914600000.0,1934500000.0,1927600000.0,2082700000.0,2076900000.0,2154600000.0,2288700000.0,2304200000.0
Retail trade,2017,1178900000.0,1846900000.0,100000.0,0.0506193743873095,-0.0098617767040278,44,318298837.32,0,318298837.32,0.17234221523634197,1220100000.0,1253700000.0,1231400000.0,1238800000.0,1204600000.0,1331500000.0,1469500000.0,1464900000.0,,1914600000.0,1934500000.0,1927600000.0,2082700000.0,2076900000.0,2154600000.0,2288700000.0,2304200000.0,
Retail trade,2018,1220100000.0,1914600000.0,100286.0,0.0349478327254217,0.00286,44,274051511.95,0,274051511.95,0.14313773736028412,1253700000.0,1231400000.0,1238800000.0,1204600000.0,1331500000.0,1469500000.0,1464900000.0,,,1934500000.0,1927600000.0,2082700000.0,2076900000.0,2154600000.0,2288700000.0,2304200000.0,,
Retail trade,2019,1253700000.0,1934500000.0,101904.0,0.027538726333907,0.0161338571684981,44,267627601.9,0,267627601.9,0.13834458614629103,1231400000.0,1238800000.0,1204600000.0,1331500000.0,1469500000.0,1464900000.0,,,,1927600000.0,2082700000.0,2076900000.0,2154600000.0,2288700000.0,2304200000.0,,,
Retail trade,2020,1231400000.0,1927600000.0,108434.0,-0.0177873494456408,0.0640799183545297,44,218184824.02,0,218184824.02,0.11318988587881304,1238800000.0,1204600000.0,1331500000.0,1469500000.0,1464900000.0,,,,,2082700000.0,2076900000.0,2154600000.0,2288700000.0,2304200000.0,,,,
Retail trade,2021,1238800000.0,2082700000.0,124109.0,0.0060094201721616,0.1445579799693823,44,144045780.13,0,144045780.13,0.06916300001440438,1204600000.0,1331500000.0,1469500000.0,1464900000.0,,,,,,2076900000.0,2154600000.0,2288700000.0,2304200000.0,,,,,
Retail trade,2022,1204600000.0,2076900000.0,136795.0,-0.0276073619631902,0.1022165999242601,44,128066811.91,0,128066811.91,0.06166248346574221,1331500000.0,1469500000.0,1464900000.0,,,,,,,2154600000.0,2288700000.0,2304200000.0,,,,,,
Retail trade,2023,1331500000.0,2154600000.0,133653.0,0.1053461730034868,-0.0229686757556928,44,71401274.91,0,71401274.91,0.0331389932748538,1469500000.0,1464900000.0,,,,,,,,2288700000.0,2304200000.0,,,,,,,
Retail trade,2024,1469500000.0,2288700000.0,125826.0,0.1036425084491174,-0.0585620973715517,44,51652532.64,0,51652532.64,0.022568502923056757,1464900000.0,,,,,,,,,2304200000.0,,,,,,,,
Retail trade,2025,1464900000.0,2304200000.0,131200.0,-0.0031303164341611,0.0427097738146329,44,55335095.0,0,55335095.0,0.024014883690651852,,,,,,,,,,,,,,,,,,
Motor vehicle and parts dealers,2009,109700000.0,139600000.0,114707.0,-0.1632341723874903,0.0383825033720477,441,101820164.0,0,101820164.0,0.7293708022922636,121200000.0,123300000.0,134300000.0,151100000.0,164300000.0,182700000.0,213100000.0,235800000.0,243700000.0,181200000.0,177700000.0,198200000.0,220700000.0,246000000.0,281800000.0,327400000.0,355700000.0,368200000.0
Motor vehicle and parts dealers,2010,121200000.0,181200000.0,117992.0,0.1048313582497721,0.0286381824997603,441,70787036.44,0,70787036.44,0.390656933995585,123300000.0,134300000.0,151100000.0,164300000.0,182700000.0,213100000.0,235800000.0,243700000.0,260200000.0,177700000.0,198200000.0,220700000.0,246000000.0,281800000.0,327400000.0,355700000.0,368200000.0,369100000.0
Motor vehicle and parts dealers,2011,123300000.0,177700000.0,121993.0,0.0173267326732673,0.0339090785815987,441,100191652.15,0,100191652.15,0.5638247166572876,134300000.0,151100000.0,164300000.0,182700000.0,213100000.0,235800000.0,243700000.0,260200000.0,226000000.0,198200000.0,220700000.0,246000000.0,281800000.0,327400000.0,355700000.0,368200000.0,369100000.0,322500000.0
Motor vehicle and parts dealers,2012,134300000.0,198200000.0,121599.0,0.0892133008921332,-0.0032296935070044,441,61845826.075,1,61845826.075,0.31203746758324924,151100000.0,164300000.0,182700000.0,213100000.0,235800000.0,243700000.0,260200000.0,226000000.0,189400000.0,220700000.0,246000000.0,281800000.0,327400000.0,355700000.0,368200000.0,369100000.0,322500000.0,295900000.0
Motor vehicle and parts dealers,2013,151100000.0,220700000.0,120249.0,0.1250930752047652,-0.011102064984087,441,23500000.0,0,23500000.0,0.10647938377888537,164300000.0,182700000.0,213100000.0,235800000.0,243700000.0,260200000.0,226000000.0,189400000.0,161400000.0,246000000.0,281800000.0,327400000.0,355700000.0,368200000.0,369100000.0,322500000.0,295900000.0,293700000.0
Motor vehicle and parts dealers,2014,164300000.0,246000000.0,118238.0,0.0873593646591661,-0.0167236317973538,441,25140000.0,1,25140000.0,0.1021951219512195,182700000.0,213100000.0,235800000.0,243700000.0,260200000.0,226000000.0,189400000.0,161400000.0,222900000.0,281800000.0,327400000.0,355700000.0,368200000.0,369100000.0,322500000.0,295900000.0,293700000.0,362800000.0
Motor vehicle and parts dealers,2015,182700000.0,281800000.0,114581.0,0.1119902617163723,-0.0309291429151372,441,26780000.0,1,26780000.0,0.0950319375443577,213100000.0,235800000.0,243700000.0,260200000.0,226000000.0,189400000.0,161400000.0,222900000.0,322300000.0,327400000.0,355700000.0,368200000.0,369100000.0,322500000.0,295900000.0,293700000.0,362800000.0,470500000.0
Motor vehicle and parts dealers,2016,213100000.0,327400000.0,105066.0,0.1663929939792008,-0.0830416910307991,441,28420000.0,1,28420000.0,0.08680513133781308,235800000.0,243700000.0,260200000.0,226000000.0,189400000.0,161400000.0,222900000.0,322300000.0,314300000.0,355700000.0,368200000.0,369100000.0,322500000.0,295900000.0,293700000.0,362800000.0,470500000.0,464900000.0
Motor vehicle and parts dealers,2017,235800000.0,355700000.0,100000.0,0.1065227592679494,-0.048217311023547,441,30060000.0,1,30060000.0,0.08450941804891762,243700000.0,260200000.0,226000000.0,189400000.0,161400000.0,222900000.0,322300000.0,314300000.0,,368200000.0,369100000.0,322500000.0,295900000.0,293700000.0,362800000.0,470500000.0,464900000.0,
Motor vehicle and parts dealers,2018,243700000.0,368200000.0,99822.0,0.0335029686174723,-0.00178,441,31700000.0,1,31700000.0,0.08609451385116784,260200000.0,226000000.0,189400000.0,161400000.0,222900000.0,322300000.0,314300000.0,,,369100000.0,322500000.0,295900000.0,293700000.0,362800000.0,470500000.0,464900000.0,,
Motor vehicle and parts dealers,2019,260200000.0,369100000.0,98967.0,0.0677061961427984,-0.0085652461381259,441,33340000.0,1,33340000.0,0.09032782443782172,226000000.0,189400000.0,161400000.0,222900000.0,322300000.0,314300000.0,,,,322500000.0,295900000.0,293700000.0,362800000.0,470500000.0,464900000.0,,,
Motor vehicle and parts dealers,2020,226000000.0,322500000.0,113178.0,-0.1314373558800922,0.1435933189851161,441,34980000.0,1,34980000.0,0.10846511627906977,189400000.0,161400000.0,222900000.0,322300000.0,314300000.0,,,,,295900000.0,293700000.0,362800000.0,470500000.0,464900000.0,,,,
Motor vehicle and parts dealers,2021,189400000.0,295900000.0,167729.0,-0.1619469026548672,0.4819929668310097,441,36620000.0,1,36620000.0,0.12375802636025685,161400000.0,222900000.0,322300000.0,314300000.0,,,,,,293700000.0,362800000.0,470500000.0,464900000.0,,,,,
Motor vehicle and parts dealers,2022,161400000.0,293700000.0,211777.0,-0.1478352692713833,0.2626140977409987,441,38260000.0,0,38260000.0,0.13026898195437522,222900000.0,322300000.0,314300000.0,,,,,,,362800000.0,470500000.0,464900000.0,,,,,,
Motor vehicle and parts dealers,2023,222900000.0,362800000.0,161357.0,0.3810408921933086,-0.2380806225416357,441,15541000.0,0,15541000.0,0.04283627342888644,322300000.0,314300000.0,,,,,,,,470500000.0,464900000.0,,,,,,,
Motor vehicle and parts dealers,2024,322300000.0,470500000.0,110729.0,0.4459398833557648,-0.3137638900078707,441,15541000.0,1,15541000.0,0.03303081827842721,314300000.0,,,,,,,,,464900000.0,,,,,,,,
Motor vehicle and parts dealers,2025,314300000.0,464900000.0,118447.0,-0.024821594787465,0.0697017041606082,441,15541000.0,1,15541000.0,0.033428694342869436,,,,,,,,,,,,,,,,,,
Food and beverage stores,2009,168200000.0,234400000.0,78149.0,-0.0111699000587889,0.0343462953649045,445,91149115.81,0,91149115.81,0.38886141557167236,177300000.0,166100000.0,158600000.0,161700000.0,160700000.0,158900000.0,156300000.0,162100000.0,158600000.0,247500000.0,244000000.0,238400000.0,238200000.0,240900000.0,241100000.0,239600000.0,249200000.0,245400000.0
Food and beverage stores,2010,177300000.0,247500000.0,75007.0,0.05410225921522,-0.0402052489475233,445,57810696.14,0,57810696.14,0.23357857026262627,166100000.0,158600000.0,161700000.0,160700000.0,158900000.0,156300000.0,162100000.0,158600000.0,160300000.0,244000000.0,238400000.0,238200000.0,240900000.0,241100000.0,239600000.0,249200000.0,245400000.0,250800000.0
Food and beverage stores,2011,166100000.0,244000000.0,79360.0,-0.0631697687535252,0.0580345834388789,445,87943719.02,0,87943719.02,0.36042507795081963,158600000.0,161700000.0,160700000.0,158900000.0,156300000.0,162100000.0,158600000.0,160300000.0,174000000.0,238400000.0,238200000.0,240900000.0,241100000.0,239600000.0,249200000.0,245400000.0,250800000.0,267100000.00000003
Food and beverage stores,2012,158600000.0,238400000.0,84361.0,-0.045153521974714,0.0630166330645161,445,153350725.72,0,153350725.72,0.6432496884228188,161700000.0,160700000.0,158900000.0,156300000.0,162100000.0,158600000.0,160300000.0,174000000.0,179000000.0,238200000.0,240900000.0,241100000.0,239600000.0,249200000.0,245400000.0,250800000.0,267100000.00000003,278700000.0
Food and beverage stores,2013,161700000.0,238200000.0,86316.0,0.019546027742749,0.023174215573547,445,62147283.62,0,62147283.62,0.26090379353484466,160700000.0,158900000.0,156300000.0,162100000.0,158600000.0,160300000.0,174000000.0,179000000.0,166900000.0,240900000.0,241100000.0,239600000.0,249200000.0,245400000.0,250800000.0,267100000.00000003,278700000.0,270300000.0
Food and beverage stores,2014,160700000.0,240900000.0,89343.0,-0.0061842918985776,0.0350688169053245,445,62147283.62,1,62147283.62,0.2579795916147779,158900000.0,156300000.0,162100000.0,158600000.0,160300000.0,174000000.0,179000000.0,166900000.0,160000000.0,241100000.0,239600000.0,249200000.0,245400000.0,250800000.0,267100000.00000003,278700000.0,270300000.0,253200000.0
Food and beverage stores,2015,158900000.0,241100000.0,95494.0,-0.0112009956440571,0.0688470277469974,445,62147283.62,1,62147283.62,0.2577655894649523,156300000.0,162100000.0,158600000.0,160300000.0,174000000.0,179000000.0,166900000.0,160000000.0,158200000.0,239600000.0,249200000.0,245400000.0,250800000.0,267100000.00000003,278700000.0,270300000.0,253200000.0,251700000.0
Food and beverage stores,2016,156300000.0,239600000.0,99939.0,-0.0163624921334172,0.0465474270634802,445,62147283.62,1,62147283.62,0.2593793139398998,162100000.0,158600000.0,160300000.0,174000000.0,179000000.0,166900000.0,160000000.0,158200000.0,155100000.0,249200000.0,245400000.0,250800000.0,267100000.00000003,278700000.0,270300000.0,253200000.0,251700000.0,249800000.0
Food and beverage stores,2017,162100000.0,249200000.0,100000.0,0.0371081253998719,0.0006103723271195,445,62147283.62,1,62147283.62,0.24938717343499198,158600000.0,160300000.0,174000000.0,179000000.0,166900000.0,160000000.0,158200000.0,155100000.0,,245400000.0,250800000.0,267100000.00000003,278700000.0,270300000.0,253200000.0,251700000.0,249800000.0,
Food and beverage stores,2018,158600000.0,245400000.0,103429.0,-0.0215916101172115,0.0342899999999999,445,62147283.62,1,62147283.62,0.25324891450692744,160300000.0,174000000.0,179000000.0,166900000.0,160000000.0,158200000.0,155100000.0,,,250800000.0,267100000.00000003,278700000.0,270300000.0,253200000.0,251700000.0,249800000.0,,
Food and beverage stores,2019,160300000.0,250800000.0,105276.0,0.0107187894073141,0.0178576608107976,445,62147283.62,1,62147283.62,0.24779618668261563,174000000.0,179000000.0,166900000.0,160000000.0,158200000.0,155100000.0,,,,267100000.00000003,278700000.0,270300000.0,253200000.0,251700000.0,249800000.0,,,
Food and beverage stores,2020,174000000.0,267100000.00000003,110075.0,0.0854647535870243,0.0455849386374862,445,62147283.62,1,62147283.62,0.23267421797079743,179000000.0,166900000.0,160000000.0,158200000.0,155100000.0,,,,,278700000.0,270300000.0,253200000.0,251700000.0,249800000.0,,,,
Food and beverage stores,2021,179000000.0,278700000.0,109983.0,0.028735632183908,-0.0008357937769701,445,62147283.62,1,62147283.62,0.22298989458198779,166900000.0,160000000.0,158200000.0,155100000.0,,,,,,270300000.0,253200000.0,251700000.0,249800000.0,,,,,
Food and beverage stores,2022,166900000.0,270300000.0,126012.0,-0.0675977653631284,0.1457407053817407,445,62147283.62,1,62147283.62,0.22991965823159452,160000000.0,158200000.0,155100000.0,,,,,,,253200000.0,251700000.0,249800000.0,,,,,,
Food and beverage stores,2023,160000000.0,253200000.0,144200.0,-0.0413421210305572,0.1443354601149096,445,62147283.62,1,62147283.62,0.24544740766192732,158200000.0,155100000.0,,,,,,,,251700000.0,249800000.0,,,,,,,
Food and beverage stores,2024,158200000.0,251700000.0,149273.0,-0.01125,0.0351803051317614,445,62147283.62,1,62147283.62,0.24691014549066348,155100000.0,,,,,,,,,249800000.0,,,,,,,,
Food and beverage stores,2025,155100000.0,249800000.0,155531.0,-0.0195954487989885,0.0419231877164658,445,62147283.62,1,62147283.62,0.2487881650120096,,,,,,,,,,,,,,,,,,
General merchandise stores,2009,145700000.0,228100000.0,91555.0,0.0550325850832729,-0.0159503004116552,452,,1,0.0,0.0,142900000.0,148800000.0,130100000.0,132600000.0,135700000.0,142000000.0,144200000.0,152100000.0,158300000.0,233000000.0,232600000.0,212000000.0,216800000.0,221000000.0,228900000.0,228700000.0,233900000.0,243700000.0
General merchandise stores,2010,142900000.0,233000000.0,93062.0,-0.0192175703500342,0.0164600513352628,452,,1,0.0,0.0,148800000.0,130100000.0,132600000.0,135700000.0,142000000.0,144200000.0,152100000.0,158300000.0,157200000.0,232600000.0,212000000.0,216800000.0,221000000.0,228900000.0,228700000.0,233900000.0,243700000.0,238200000.0
General merchandise stores,2011,148800000.0,232600000.0,90640.0,0.0412876137158852,-0.0260256603124797,452,,1,0.0,0.0,130100000.0,132600000.0,135700000.0,142000000.0,144200000.0,152100000.0,158300000.0,157200000.0,165300000.0,212000000.0,216800000.0,221000000.0,228900000.0,228700000.0,233900000.0,243700000.0,238200000.0,250100000.0
General merchandise stores,2012,130100000.0,212000000.0,103171.0,-0.1256720430107527,0.1382502206531333,452,,1,0.0,0.0,132600000.0,135700000.0,142000000.0,144200000.0,152100000.0,158300000.0,157200000.0,165300000.0,178200000.0,216800000.0,221000000.0,228900000.0,228700000.0,233900000.0,243700000.0,238200000.0,250100000.0,266800000.0
General merchandise stores,2013,132600000.0,216800000.0,101092.0,0.0192159877017679,-0.0201510114276299,452,,1,0.0,0.0,135700000.0,142000000.0,144200000.0,152100000.0,158300000.0,157200000.0,165300000.0,178200000.0,159900000.0,221000000.0,228900000.0,228700000.0,233900000.0,243700000.0,238200000.0,250100000.0,266800000.0,241200000.0
General merchandise stores,2014,135700000.0,221000000.0,102221.0,0.0233785822021115,0.0111680449491553,452,,1,0.0,0.0,142000000.0,144200000.0,152100000.0,158300000.0,157200000.0,165300000.0,178200000.0,159900000.0,152800000.0,228900000.0,228700000.0,233900000.0,243700000.0,238200000.0,250100000.0,266800000.0,241200000.0,231500000.0
General merchandise stores,2015,142000000.0,228900000.0,101571.0,0.0464259395725867,-0.0063587716809657,452,,1,0.0,0.0,144200000.0,152100000.0,158300000.0,157200000.0,165300000.0,178200000.0,159900000.0,152800000.0,162800000.0,228700000.0,233900000.0,243700000.0,238200000.0,250100000.0,266800000.0,241200000.0,231500000.0,233400000.0
General merchandise stores,2016,144200000.0,228700000.0,101982.0,0.0154929577464788,0.0040464305756564,452,,1,0.0,0.0,152100000.0,158300000.0,157200000.0,165300000.0,178200000.0,159900000.0,152800000.0,162800000.0,160000000.0,233900000.0,243700000.0,238200000.0,250100000.0,266800000.0,241200000.0,231500000.0,233400000.0,228400000.0
General merchandise stores,2017,152100000.0,233900000.0,100000.0,0.0547850208044382,-0.0194348022199996,452,,1,0.0,0.0,158300000.0,157200000.0,165300000.0,178200000.0,159900000.0,152800000.0,162800000.0,160000000.0,,243700000.0,238200000.0,250100000.0,266800000.0,241200000.0,231500000.0,233400000.0,228400000.0,
General merchandise stores,2018,158300000.0,243700000.0,97915.0,0.0407626561472715,-0.0208499999999999,452,,1,0.0,0.0,157200000.0,165300000.0,178200000.0,159900000.0,152800000.0,162800000.0,160000000.0,,,238200000.0,250100000.0,266800000.0,241200000.0,231500000.0,233400000.0,228400000.0,,
General merchandise stores,2019,157200000.0,238200000.0,101732.0,-0.0069488313329123,0.0389827911964457,452,,1,0.0,0.0,165300000.0,178200000.0,159900000.0,152800000.0,162800000.0,160000000.0,,,,250100000.0,266800000.0,241200000.0,231500000.0,233400000.0,228400000.0,,,
General merchandise stores,2020,165300000.0,250100000.0,98279.0,0.051526717557252,-0.0339421224393504,452,,1,0.0,0.0,178200000.0,159900000.0,152800000.0,162800000.0,160000000.0,,,,,266800000.0,241200000.0,231500000.0,233400000.0,228400000.0,,,,
General merchandise stores,2021,178200000.0,266800000.0,102832.0,0.0780399274047185,0.046327292707496,452,,1,0.0,0.0,159900000.0,152800000.0,162800000.0,160000000.0,,,,,,241200000.0,231500000.0,233400000.0,228400000.0,,,,,
General merchandise stores,2022,159900000.0,241200000.0,124573.0,-0.1026936026936026,0.2114225143924071,452,,1,0.0,0.0,152800000.0,162800000.0,160000000.0,,,,,,,231500000.0,233400000.0,228400000.0,,,,,,
General merchandise stores,2023,152800000.0,231500000.0,135861.0,-0.0444027517198248,0.0906135358384241,452,,1,0.0,0.0,162800000.0,160000000.0,,,,,,,,233400000.0,228400000.0,,,,,,,
General merchandise stores,2024,162800000.0,233400000.0,137613.0,0.0654450261780104,0.0128955329343962,452,,1,0.0,0.0,160000000.0,,,,,,,,,228400000.0,,,,,,,,
General merchandise stores,2025,160000000.0,228400000.0,144514.0,-0.0171990171990172,0.050147878470784,452,,1,0.0,0.0,,,,,,,,,,,,,,,,,,
Transportation and warehousing,2009,487500000.0,911900000.0,82952.0,-0.0617782909930716,0.0093940131418834,48,2601911706.24,0,2601911706.24,2.8532862224366706,514400000.0,525200000.00000006,531000000.0,547700000.0,569700000.0,591100000.0,603800000.0,635500000.0,657600000.0,965500000.0,1024000000.0,1046200000.0,1073000000.0,1131500000.0,1157700000.0,1171700000.0,1226900000.0,1284300000.0
Transportation and warehousing,2010,514400000.0,965500000.0,84272.0,0.055179487179487,0.0159128170508247,48,3113738250.13,0,3113738250.13,3.2250007769342313,525200000.00000006,531000000.0,547700000.0,569700000.0,591100000.0,603800000.0,635500000.0,657600000.0,658900000.0,1024000000.0,1046200000.0,1073000000.0,1131500000.0,1157700000.0,1171700000.0,1226900000.0,1284300000.0,1306700000.0
Transportation and warehousing,2011,525200000.00000006,1024000000.0,86166.0,0.0209953343701401,0.022474843364344,48,3551642955.87,0,3551642955.87,3.4684013240917966,531000000.0,547700000.0,569700000.0,591100000.0,603800000.0,635500000.0,657600000.0,658900000.0,604400000.0,1046200000.0,1073000000.0,1131500000.0,1157700000.0,1171700000.0,1226900000.0,1284300000.0,1306700000.0,1155400000.0
Transportation and warehousing,2012,531000000.0,1046200000.0,89139.0,0.011043412033511,0.034503168303043,48,4714074455.52,0,4714074455.52,4.505901792697381,547700000.0,569700000.0,591100000.0,603800000.0,635500000.0,657600000.0,658900000.0,604400000.0,691400000.0,1073000000.0,1131500000.0,1157700000.0,1171700000.0,1226900000.0,1284300000.0,1306700000.0,1155400000.0,1280800000.0
Transportation and warehousing,2013,547700000.0,1073000000.0,90810.0,0.0314500941619586,0.0187460034328408,48,5136627386.7,0,5136627386.7,4.787164386486486,569700000.0,591100000.0,603800000.0,635500000.0,657600000.0,658900000.0,604400000.0,691400000.0,695000000.0,1131500000.0,1157700000.0,1171700000.0,1226900000.0,1284300000.0,1306700000.0,1155400000.0,1280800000.0,1362400000.0
Transportation and warehousing,2014,569700000.0,1131500000.0,93653.0,0.0401679751688881,0.031307124765995,48,4840168577.67,0,4840168577.67,4.277656719107379,591100000.0,603800000.0,635500000.0,657600000.0,658900000.0,604400000.0,691400000.0,695000000.0,712700000.0,1157700000.0,1171700000.0,1226900000.0,1284300000.0,1306700000.0,1155400000.0,1280800000.0,1362400000.0,1347100000.0
Transportation and warehousing,2015,591100000.0,1157700000.0,98794.0,0.0375636299806916,0.0548941304603161,48,5129408955.74,0,5129408955.74,4.430689259514555,603800000.0,635500000.0,657600000.0,658900000.0,604400000.0,691400000.0,695000000.0,712700000.0,734400000.0,1171700000.0,1226900000.0,1284300000.0,1306700000.0,1155400000.0,1280800000.0,1362400000.0,1347100000.0,1376000000.0
Transportation and warehousing,2016,603800000.0,1171700000.0,99860.0,0.021485366266283,0.0107901289551997,48,5290524840.77,0,5290524840.77,4.515255475608091,635500000.0,657600000.0,658900000.0,604400000.0,691400000.0,695000000.0,712700000.0,734400000.0,746100000.0,1226900000.0,1284300000.0,1306700000.0,1155400000.0,1280800000.0,1362400000.0,1347100000.0,1376000000.0,1398000000.0
Transportation and warehousing,2017,635500000.0,1226900000.0,100000.0,0.0525008280887711,0.0014019627478469,48,6309580800.8,0,6309580800.8,5.1427017693373545,657600000.0,658900000.0,604400000.0,691400000.0,695000000.0,712700000.0,734400000.0,746100000.0,,1284300000.0,1306700000.0,1155400000.0,1280800000.0,1362400000.0,1347100000.0,1376000000.0,1398000000.0,
Transportation and warehousing,2018,657600000.0,1284300000.0,102988.0,0.0347757671125099,0.0298799999999999,48,5419627774.84,0,5419627774.84,4.2199079458382,658900000.0,604400000.0,691400000.0,695000000.0,712700000.0,734400000.0,746100000.0,,,1306700000.0,1155400000.0,1280800000.0,1362400000.0,1347100000.0,1376000000.0,1398000000.0,,
Transportation and warehousing,2019,658900000.0,1306700000.0,107745.0,0.0019768856447688,0.0461898473608575,48,5773602176.5,0,5773602176.5,4.418460378434224,604400000.0,691400000.0,695000000.0,712700000.0,734400000.0,746100000.0,,,,1155400000.0,1280800000.0,1362400000.0,1347100000.0,1376000000.0,1398000000.0,,,
Transportation and warehousing,2020,604400000.0,1155400000.0,105826.0,-0.0827136135984216,-0.0178105712562068,48,5664507250.2300005,0,5664507250.2300005,4.902637398502684,691400000.0,695000000.0,712700000.0,734400000.0,746100000.0,,,,,1280800000.0,1362400000.0,1347100000.0,1376000000.0,1398000000.0,,,,
Transportation and warehousing,2021,691400000.0,1280800000.0,112713.0,0.1439444076770351,0.0650785251261505,48,5548905606.7300005,0,5548905606.7300005,4.332374771025922,695000000.0,712700000.0,734400000.0,746100000.0,,,,,,1362400000.0,1347100000.0,1376000000.0,1398000000.0,,,,,
Transportation and warehousing,2022,695000000.0,1362400000.0,131238.0,0.0052068267283771,0.1643554869447181,48,5813029639.5,0,5813029639.5,4.2667569285819145,712700000.0,734400000.0,746100000.0,,,,,,,1347100000.0,1376000000.0,1398000000.0,,,,,,
Transportation and warehousing,2023,712700000.0,1347100000.0,132750.0,0.0254676258992805,0.0115210533534495,48,5693686938.61,0,5693686938.61,4.226625297758146,734400000.0,746100000.0,,,,,,,,1376000000.0,1398000000.0,,,,,,,
Transportation and warehousing,2024,734400000.0,1376000000.0,134435.0,0.0304475936579204,0.0126930320150659,48,5725197734.63,0,5725197734.63,4.160754167609012,746100000.0,,,,,,,,,1398000000.0,,,,,,,,
Transportation and warehousing,2025,746100000.0,1398000000.0,137226.0,0.0159313725490197,0.0207609625469558,48,5731577551.8,0,5731577551.8,4.09984088111588,,,,,,,,,,,,,,,,,,
Air transportation,2009,88000000.0,171100000.0,81379.0,-0.0078917700112739,0.05052604401988,481,2290373218.93,0,2290373218.93,13.386167264348334,102400000.0,102700000.0,98100000.0,103200000.0,106400000.0,111600000.0,120300000.0,128700000.0,133900000.0,179500000.0,199500000.0,191300000.0,198200000.0,206200000.0,217300000.0,224300000.0,236300000.0,246900000.0
Air transportation,2010,102400000.0,179500000.0,82279.0,0.1636363636363638,0.0110593642094396,481,2920812679.63,0,2920812679.63,16.271936933871867,102700000.0,98100000.0,103200000.0,106400000.0,111600000.0,120300000.0,128700000.0,133900000.0,133200000.0,199500000.0,191300000.0,198200000.0,206200000.0,217300000.0,224300000.0,236300000.0,246900000.0,256200000.0
Air transportation,2011,102700000.0,199500000.0,82556.0,0.0029296875,0.0033665941491753,481,3380799469.6,0,3380799469.6,16.94636325614035,98100000.0,103200000.0,106400000.0,111600000.0,120300000.0,128700000.0,133900000.0,133200000.0,71000000.0,191300000.0,198200000.0,206200000.0,217300000.0,224300000.0,236300000.0,246900000.0,256200000.0,134100000.0
Air transportation,2012,98100000.0,191300000.0,89729.0,-0.0447906523855892,0.0868864770579971,481,3415227696.5,0,3415227696.5,17.85273233925771,103200000.0,106400000.0,111600000.0,120300000.0,128700000.0,133900000.0,133200000.0,71000000.0,119100000.0,198200000.0,206200000.0,217300000.0,224300000.0,236300000.0,246900000.0,256200000.0,134100000.0,202100000.0
Air transportation,2013,103200000.0,198200000.0,90673.0,0.0519877675840978,0.0105205674865427,481,4286014167.2599998,0,4286014167.2599998,21.62469307396569,106400000.0,111600000.0,120300000.0,128700000.0,133900000.0,133200000.0,71000000.0,119100000.0,145200000.0,206200000.0,217300000.0,224300000.0,236300000.0,246900000.0,256200000.0,134100000.0,202100000.0,254200000.0
Air transportation,2014,106400000.0,206200000.0,95503.0,0.0310077519379845,0.0532683378734573,481,4552236470.67,0,4552236470.67,22.076801506644035,111600000.0,120300000.0,128700000.0,133900000.0,133200000.0,71000000.0,119100000.0,145200000.0,154600000.0,217300000.0,224300000.0,236300000.0,246900000.0,256200000.0,134100000.0,202100000.0,254200000.0,261000000.0
Air transportation,2015,111600000.0,217300000.0,103906.0,0.0488721804511276,0.0879867648136707,481,3065585922.15,0,3065585922.15,14.10762044247584,120300000.0,128700000.0,133900000.0,133200000.0,71000000.0,119100000.0,145200000.0,154600000.0,162400000.0,224300000.0,236300000.0,246900000.0,256200000.0,134100000.0,202100000.0,254200000.0,261000000.0,276300000.0
Air transportation,2016,120300000.0,224300000.0,103871.0,0.0779569892473117,-0.0003368429157123,481,2542626712.59,0,2542626712.59,11.335830194337941,128700000.0,133900000.0,133200000.0,71000000.0,119100000.0,145200000.0,154600000.0,162400000.0,168300000.0,236300000.0,246900000.0,256200000.0,134100000.0,202100000.0,254200000.0,261000000.0,276300000.0,283200000.0
Air transportation,2017,128700000.0,236300000.0,100000.0,0.0698254364089774,-0.0372673797306273,481,3150802605.61,0,3150802605.61,13.333908614515448,133900000.0,133200000.0,71000000.0,119100000.0,145200000.0,154600000.0,162400000.0,168300000.0,,246900000.0,256200000.0,134100000.0,202100000.0,254200000.0,261000000.0,276300000.0,283200000.0,
Air transportation,2018,133900000.0,246900000.0,97912.0,0.0404040404040404,-0.0208799999999999,481,3034730874.19,0,3034730874.19,12.291336063953018,133200000.0,71000000.0,119100000.0,145200000.0,154600000.0,162400000.0,168300000.0,,,256200000.0,134100000.0,202100000.0,254200000.0,261000000.0,276300000.0,283200000.0,,
Air transportation,2019,133200000.0,256200000.0,105285.0,-0.0052277819268111,0.075302312280415,481,3962732659.73,0,3962732659.73,15.467340592232631,71000000.0,119100000.0,145200000.0,154600000.0,162400000.0,168300000.0,,,,134100000.0,202100000.0,254200000.0,261000000.0,276300000.0,283200000.0,,,
Air transportation,2020,71000000.0,134100000.0,90468.0,-0.4669669669669669,-0.1407322980481549,481,3474037569.39,0,3474037569.39,25.906320427964204,119100000.0,145200000.0,154600000.0,162400000.0,168300000.0,,,,,202100000.0,254200000.0,261000000.0,276300000.0,283200000.0,,,,
Air transportation,2021,119100000.0,202100000.0,81769.0,0.6774647887323944,-0.0961555467126497,481,2319270542.65,0,2319270542.65,11.475856222909451,145200000.0,154600000.0,162400000.0,168300000.0,,,,,,254200000.0,261000000.0,276300000.0,283200000.0,,,,,
Air transportation,2022,145200000.0,254200000.0,101530.0,0.2191435768261964,0.2416686030158128,481,2907501425.14,0,2907501425.14,11.437849823524783,154600000.0,162400000.0,168300000.0,,,,,,,261000000.0,276300000.0,283200000.0,,,,,,
Air transportation,2023,154600000.0,261000000.0,108826.0,0.0647382920110193,0.0718605338323647,481,3012213731.28,0,3012213731.28,11.541048778850575,162400000.0,168300000.0,,,,,,,,276300000.0,283200000.0,,,,,,,
Air transportation,2024,162400000.0,276300000.0,108206.0,0.0504527813712807,-0.0056971679561867,481,4248605052.69,0,4248605052.69,15.376782673507059,168300000.0,,,,,,,,,283200000.0,,,,,,,,
Air transportation,2025,168300000.0,283200000.0,109852.0,0.0363300492610838,0.0152117257823041,481,3150975081.7,0,3150975081.7,11.126324441031073,,,,,,,,,,,,,,,,,,
Rail transportation,2009,40700000.0,66900000.00000001,80779.0,-0.1113537117903928,-0.0067992917916687,482,,1,0.0,0.0,40700000.0,41000000.0,42400000.0,42700000.0,45000000.0,46200000.0,43100000.0,44300000.0,44900000.0,77500000.0,81900000.0,81800000.0,82800000.0,87700000.0,84100000.0,78300000.0,79600000.0,82100000.0
Rail transportation,2010,40700000.0,77500000.0,82911.0,0.0,0.0263929981802202,482,,1,0.0,0.0,41000000.0,42400000.0,42700000.0,45000000.0,46200000.0,43100000.0,44300000.0,44900000.0,41900000.0,81900000.0,81800000.0,82800000.0,87700000.0,84100000.0,78300000.0,79600000.0,82100000.0,78100000.0
Rail transportation,2011,41000000.0,81900000.0,89151.0,0.0073710073710073,0.0752614249014003,482,,1,0.0,0.0,42400000.0,42700000.0,45000000.0,46200000.0,43100000.0,44300000.0,44900000.0,41900000.0,37300000.0,81800000.0,82800000.0,87700000.0,84100000.0,78300000.0,79600000.0,82100000.0,78100000.0,67900000.0
Rail transportation,2012,42400000.0,81800000.0,93801.0,0.0341463414634146,0.052158697042097,482,,1,0.0,0.0,42700000.0,45000000.0,46200000.0,43100000.0,44300000.0,44900000.0,41900000.0,37300000.0,40400000.0,82800000.0,87700000.0,84100000.0,78300000.0,79600000.0,82100000.0,78100000.0,67900000.0,73200000.0
Rail transportation,2013,42700000.0,82800000.0,97568.0,0.0070754716981134,0.0401594865726377,482,,1,0.0,0.0,45000000.0,46200000.0,43100000.0,44300000.0,44900000.0,41900000.0,37300000.0,40400000.0,41300000.0,87700000.0,84100000.0,78300000.0,79600000.0,82100000.0,78100000.0,67900000.0,73200000.0,76600000.0
Rail transportation,2014,45000000.0,87700000.0,100350.0,0.0538641686182668,0.0285134470318135,482,,1,0.0,0.0,46200000.0,43100000.0,44300000.0,44900000.0,41900000.0,37300000.0,40400000.0,41300000.0,40500000.0,84100000.0,78300000.0,79600000.0,82100000.0,78100000.0,67900000.0,73200000.0,76600000.0,72600000.0
Rail transportation,2015,46200000.0,84100000.0,99975.0,0.0266666666666668,-0.0037369207772794,482,,1,0.0,0.0,43100000.0,44300000.0,44900000.0,41900000.0,37300000.0,40400000.0,41300000.0,40500000.0,40200000.0,78300000.0,79600000.0,82100000.0,78100000.0,67900000.0,73200000.0,76600000.0,72600000.0,71500000.0
Rail transportation,2016,43100000.0,78300000.0,98088.0,-0.0670995670995671,-0.0188747186796699,482,,1,0.0,0.0,44300000.0,44900000.0,41900000.0,37300000.0,40400000.0,41300000.0,40500000.0,40200000.0,37700000.0,79600000.0,82100000.0,78100000.0,67900000.0,73200000.0,76600000.0,72600000.0,71500000.0,70200000.0
Rail transportation,2017,44300000.0,79600000.0,100000.0,0.0278422273781902,0.0194927004322649,482,,1,0.0,0.0,44900000.0,41900000.0,37300000.0,40400000.0,41300000.0,40500000.0,40200000.0,37700000.0,,82100000.0,78100000.0,67900000.0,73200000.0,76600000.0,72600000.0,71500000.0,70200000.0,
Rail transportation,2018,44900000.0,82100000.0,103947.0,0.0135440180586907,0.0394700000000001,482,,1,0.0,0.0,41900000.0,37300000.0,40400000.0,41300000.0,40500000.0,40200000.0,37700000.0,,,78100000.0,67900000.0,73200000.0,76600000.0,72600000.0,71500000.0,70200000.0,,
Rail transportation,2019,41900000.0,78100000.0,110287.0,-0.066815144766147,0.0609926212396703,482,,1,0.0,0.0,37300000.0,40400000.0,41300000.0,40500000.0,40200000.0,37700000.0,,,,67900000.0,73200000.0,76600000.0,72600000.0,71500000.0,70200000.0,,,
Rail transportation,2020,37300000.0,67900000.0,111853.0,-0.1097852028639618,0.0141993163292135,482,,1,0.0,0.0,40400000.0,41300000.0,40500000.0,40200000.0,37700000.0,,,,,73200000.0,76600000.0,72600000.0,71500000.0,70200000.0,,,,
Rail transportation,2021,40400000.0,73200000.0,112341.0,0.0831099195710456,0.0043628691228665,482,,1,0.0,0.0,41300000.0,40500000.0,40200000.0,37700000.0,,,,,,76600000.0,72600000.0,71500000.0,70200000.0,,,,,
Rail transportation,2022,41300000.0,76600000.0,121687.0,0.0222772277227722,0.0831931351866193,482,,1,0.0,0.0,40500000.0,40200000.0,37700000.0,,,,,,,72600000.0,71500000.0,70200000.0,,,,,,
Rail transportation,2023,40500000.0,72600000.0,129525.0,-0.0193704600484261,0.064411153204533,482,,1,0.0,0.0,40200000.0,37700000.0,,,,,,,,71500000.0,70200000.0,,,,,,,
Rail transportation,2024,40200000.0,71500000.0,132331.0,-0.0074074074074073,0.0216637714726886,482,,1,0.0,0.0,37700000.0,,,,,,,,,70200000.0,,,,,,,,
Rail transportation,2025,37700000.0,70200000.0,134988.0,-0.0621890547263681,0.0200784396702209,482,,1,0.0,0.0,,,,,,,,,,,,,,,,,,
Water transportation,2009,19600000.0,49100000.0,79494.0,0.248407643312102,-0.2401789298617881,483,833849901.09,0,833849901.09,16.98268637657841,16200000.0,17300000.0,17800000.0,23300000.0,21500000.0,17700000.0,14900000.0,14000000.0,14500000.0,49900000.0,50800000.0,52900000.0,53600000.0,56100000.0,53500000.0,53100000.0,55000000.0,56400000.0
Water transportation,2010,16200000.0,49900000.0,90364.0,-0.1734693877551021,0.1367398797393515,483,520103977.9,0,520103977.9,10.422925408817635,17300000.0,17800000.0,23300000.0,21500000.0,17700000.0,14900000.0,14000000.0,14500000.0,13300000.0,50800000.0,52900000.0,53600000.0,56100000.0,53500000.0,53100000.0,55000000.0,56400000.0,56200000.0
Water transportation,2011,17300000.0,50800000.0,81737.0,0.0679012345679013,-0.095469434730645,483,1927366555.43,0,1927366555.43,37.9402865242126,17800000.0,23300000.0,21500000.0,17700000.0,14900000.0,14000000.0,14500000.0,13300000.0,13000000.0,52900000.0,53600000.0,56100000.0,53500000.0,53100000.0,55000000.0,56400000.0,56200000.0,38700000.0
Water transportation,2012,17800000.0,52900000.0,74053.0,0.0289017341040462,-0.0940088332089505,483,2982105648.59,0,2982105648.59,56.37250753478261,23300000.0,21500000.0,17700000.0,14900000.0,14000000.0,14500000.0,13300000.0,13000000.0,17600000.0,53600000.0,56100000.0,53500000.0,53100000.0,55000000.0,56400000.0,56200000.0,38700000.0,35700000.0
Water transportation,2013,23300000.0,53600000.0,72190.0,0.3089887640449438,-0.025157657353517,483,2126291813.01,0,2126291813.01,39.66962337705224,21500000.0,17700000.0,14900000.0,14000000.0,14500000.0,13300000.0,13000000.0,17600000.0,14600000.0,56100000.0,53500000.0,53100000.0,55000000.0,56400000.0,56200000.0,38700000.0,35700000.0,49800000.0
Water transportation,2014,21500000.0,56100000.0,78415.0,-0.0772532188841201,0.086230779886411,483,1269958377.83,0,1269958377.83,22.637404239393938,17700000.0,14900000.0,14000000.0,14500000.0,13300000.0,13000000.0,17600000.0,14600000.0,14800000.0,53500000.0,53100000.0,55000000.0,56400000.0,56200000.0,38700000.0,35700000.0,49800000.0,53000000.0
Water transportation,2015,17700000.0,53500000.0,94029.0,-0.1767441860465116,0.1991200663138428,483,1007182533.62,0,1007182533.62,18.82584174990654,14900000.0,14000000.0,14500000.0,13300000.0,13000000.0,17600000.0,14600000.0,14800000.0,16100000.000000002,53100000.0,55000000.0,56400000.0,56200000.0,38700000.0,35700000.0,49800000.0,53000000.0,57000000.0
Water transportation,2016,14900000.0,53100000.0,96130.0,-0.1581920903954802,0.02234417041551,483,964035045.09,0,964035045.09,18.155085594915256,14000000.0,14500000.0,13300000.0,13000000.0,17600000.0,14600000.0,14800000.0,16100000.000000002,18100000.0,55000000.0,56400000.0,56200000.0,38700000.0,35700000.0,49800000.0,53000000.0,57000000.0,59800000.0
Water transportation,2017,14000000.0,55000000.0,100000.0,-0.0604026845637584,0.040257983980027,483,1315076787.63,0,1315076787.63,23.910487047818183,14500000.0,13300000.0,13000000.0,17600000.0,14600000.0,14800000.0,16100000.000000002,18100000.0,,56400000.0,56200000.0,38700000.0,35700000.0,49800000.0,53000000.0,57000000.0,59800000.0,
Water transportation,2018,14500000.0,56400000.0,107758.0,0.0357142857142858,0.0775799999999999,483,1387912021.18,0,1387912021.18,24.608369169858157,13300000.0,13000000.0,17600000.0,14600000.0,14800000.0,16100000.000000002,18100000.0,,,56200000.0,38700000.0,35700000.0,49800000.0,53000000.0,57000000.0,59800000.0,,
Water transportation,2019,13300000.0,56200000.0,116386.0,-0.0827586206896551,0.0800683011934149,483,1490482343.98,0,1490482343.98,26.52103814911032,13000000.0,17600000.0,14600000.0,14800000.0,16100000.000000002,18100000.0,,,,38700000.0,35700000.0,49800000.0,53000000.0,57000000.0,59800000.0,,,
Water transportation,2020,13000000.0,38700000.0,98189.0,-0.0225563909774436,-0.1563504201536267,483,1289452561.34,0,1289452561.34,33.31918763152454,17600000.0,14600000.0,14800000.0,16100000.000000002,18100000.0,,,,,35700000.0,49800000.0,53000000.0,57000000.0,59800000.0,,,,
Water transportation,2021,17600000.0,35700000.0,112903.0,0.3538461538461539,0.1498538532829545,483,1094991168.0,0,1094991168.0,30.672021512605042,14600000.0,14800000.0,16100000.000000002,18100000.0,,,,,,49800000.0,53000000.0,57000000.0,59800000.0,,,,,
Water transportation,2022,14600000.0,49800000.0,146109.0,-0.1704545454545455,0.2941108739360336,483,1441868871.4,0,1441868871.4,28.953190188755023,14800000.0,16100000.000000002,18100000.0,,,,,,,53000000.0,57000000.0,59800000.0,,,,,,
Water transportation,2023,14800000.0,53000000.0,155301.0,0.0136986301369863,0.0629119356097158,483,1274844066.01,0,1274844066.01,24.053661622830187,16100000.000000002,18100000.0,,,,,,,,57000000.0,59800000.0,,,,,,,
Water transportation,2024,16100000.000000002,57000000.0,151204.0,0.0878378378378379,-0.0263810278105097,483,1360470194.37,0,1360470194.37,23.867898146842105,18100000.0,,,,,,,,,59800000.0,,,,,,,,
Water transportation,2025,18100000.0,59800000.0,133686.0,0.124223602484472,-0.1158567233671067,483,1381364170.75,0,1381364170.75,23.099735296822743,,,,,,,,,,,,,,,,,,
Truck transportation,2009,127700000.0,264700000.0,85707.0,-0.0858983536148889,-0.0065260229511997,484,220797669.19,0,220797669.19,0.8341430645636569,136100000.0,142800000.0,144500000.0,148800000.0,158500000.0,163400000.0,165500000.0,178000000.0,177800000.0,282800000.0,295900000.0,306500000.0,313500000.0,336100000.0,342600000.0,345200000.0,367200000.0,378000000.0
Truck transportation,2010,136100000.0,282800000.0,83441.0,0.0657791699295222,-0.0264389139743543,484,539738371.32,0,539738371.32,1.9085515251768035,142800000.0,144500000.0,148800000.0,158500000.0,163400000.0,165500000.0,178000000.0,177800000.0,176100000.0,295900000.0,306500000.0,313500000.0,336100000.0,342600000.0,345200000.0,367200000.0,378000000.0,376000000.0
Truck transportation,2011,142800000.0,295900000.0,85458.0,0.0492285084496695,0.0241727687827326,484,335090161.57,0,335090161.57,1.1324439390672525,144500000.0,148800000.0,158500000.0,163400000.0,165500000.0,178000000.0,177800000.0,176100000.0,173500000.0,306500000.0,313500000.0,336100000.0,342600000.0,345200000.0,367200000.0,378000000.0,376000000.0,380700000.0
Truck transportation,2012,144500000.0,306500000.0,88845.0,0.0119047619047618,0.0396335041774906,484,93150823.28,0,93150823.28,0.3039178573572594,148800000.0,158500000.0,163400000.0,165500000.0,178000000.0,177800000.0,176100000.0,173500000.0,190200000.0,313500000.0,336100000.0,342600000.0,345200000.0,367200000.0,378000000.0,376000000.0,380700000.0,402200000.0
Truck transportation,2013,148800000.0,313500000.0,90422.0,0.029757785467128,0.0177500140694468,484,76070049.94,0,76070049.94,0.2426476872089314,158500000.0,163400000.0,165500000.0,178000000.0,177800000.0,176100000.0,173500000.0,190200000.0,170600000.0,336100000.0,342600000.0,345200000.0,367200000.0,378000000.0,376000000.0,380700000.0,402200000.0,398400000.0
Truck transportation,2014,158500000.0,336100000.0,93745.0,0.0651881720430107,0.0367499059963283,484,70660979.59,0,70660979.59,0.21023796367152633,163400000.0,165500000.0,178000000.0,177800000.0,176100000.0,173500000.0,190200000.0,170600000.0,170700000.0,342600000.0,345200000.0,367200000.0,378000000.0,376000000.0,380700000.0,402200000.0,398400000.0,380500000.0
Truck transportation,2015,163400000.0,342600000.0,98812.0,0.0309148264984227,0.0540508827137447,484,29873448.4,0,29873448.4,0.08719628838295387,165500000.0,178000000.0,177800000.0,176100000.0,173500000.0,190200000.0,170600000.0,170700000.0,180500000.0,345200000.0,367200000.0,378000000.0,376000000.0,380700000.0,402200000.0,398400000.0,380500000.0,383300000.0
Truck transportation,2016,165500000.0,345200000.0,99653.0,0.0128518971848223,0.0085111120106871,484,41008898.08,0,41008898.08,0.11879750312862108,178000000.0,177800000.0,176100000.0,173500000.0,190200000.0,170600000.0,170700000.0,180500000.0,181500000.0,367200000.0,378000000.0,376000000.0,380700000.0,402200000.0,398400000.0,380500000.0,383300000.0,383300000.0
Truck transportation,2017,178000000.0,367200000.0,100000.0,0.0755287009063443,0.0034820828274111,484,169476897.09,0,169476897.09,0.46153839076797387,177800000.0,176100000.0,173500000.0,190200000.0,170600000.0,170700000.0,180500000.0,181500000.0,,378000000.0,376000000.0,380700000.0,402200000.0,398400000.0,380500000.0,383300000.0,383300000.0,
Truck transportation,2018,177800000.0,378000000.0,107662.0,-0.0011235955056179,0.0766200000000001,484,74878033.21000001,0,74878033.21000001,0.19809003494708996,176100000.0,173500000.0,190200000.0,170600000.0,170700000.0,180500000.0,181500000.0,,,376000000.0,380700000.0,402200000.0,398400000.0,380500000.0,383300000.0,383300000.0,,
Truck transportation,2019,176100000.0,376000000.0,112091.0,-0.0095613048368954,0.0411380059816832,484,80266590.9,0,80266590.9,0.21347497579787236,173500000.0,190200000.0,170600000.0,170700000.0,180500000.0,181500000.0,,,,380700000.0,402200000.0,398400000.0,380500000.0,383300000.0,383300000.0,,,
Truck transportation,2020,173500000.0,380700000.0,113420.0,-0.0147643384440658,0.0118564380726375,484,82322445.5,0,82322445.5,0.2162396782243236,190200000.0,170600000.0,170700000.0,180500000.0,181500000.0,,,,,402200000.0,398400000.0,380500000.0,383300000.0,383300000.0,,,,
Truck transportation,2021,190200000.0,402200000.0,121558.0,0.0962536023054754,0.0717510139305237,484,8706120.68,0,8706120.68,0.021646247339632024,170600000.0,170700000.0,180500000.0,181500000.0,,,,,,398400000.0,380500000.0,383300000.0,383300000.0,,,,,
Truck transportation,2022,170600000.0,398400000.0,152132.0,-0.103049421661409,0.2515177939748927,484,14789273.0,0,14789273.0,0.037121669176706826,170700000.0,180500000.0,181500000.0,,,,,,,380500000.0,383300000.0,383300000.0,,,,,,
Truck transportation,2023,170700000.0,380500000.0,150493.0,0.0005861664712778,-0.0107735387689638,484,27502395.333333336,1,27502395.333333336,0.07227961979851073,180500000.0,181500000.0,,,,,,,,383300000.0,383300000.0,,,,,,,
Truck transportation,2024,180500000.0,383300000.0,142605.0,0.057410661980082,-0.0524143980118676,484,40215517.66666667,1,40215517.66666667,0.1049191694929994,181500000.0,,,,,,,,,383300000.0,,,,,,,,
Truck transportation,2025,181500000.0,383300000.0,144470.0,0.005540166204986,0.0130780828161705,484,52928640.0,0,52928640.0,0.13808672058439864,,,,,,,,,,,,,,,,,,
Transit and ground passenger transportation,2009,36800000.0,54500000.0,79807.0,-0.0612244897959185,0.1123702000139381,485,55500000.0,0,55500000.0,1.018348623853211,37700000.0,39300000.0,41400000.0,41200000.0,43600000.0,42900000.0,41500000.0,43400000.0,46800000.0,52400000.0,54500000.0,55500000.0,59500000.0,66300000.0,69300000.0,69100000.0,78300000.0,94200000.0
Transit and ground passenger transportation,2010,37700000.0,52400000.0,83379.0,0.0244565217391306,0.0447579786234291,485,151685000.0,0,151685000.0,2.8947519083969464,39300000.0,41400000.0,41200000.0,43600000.0,42900000.0,41500000.0,43400000.0,46800000.0,55400000.0,54500000.0,55500000.0,59500000.0,66300000.0,69300000.0,69100000.0,78300000.0,94200000.0,107700000.0
Transit and ground passenger transportation,2011,39300000.0,54500000.0,87066.0,0.0424403183023871,0.044219767567373,485,187596914.0,0,187596914.0,3.442145211009174,41400000.0,41200000.0,43600000.0,42900000.0,41500000.0,43400000.0,46800000.0,55400000.0,43500000.0,55500000.0,59500000.0,66300000.0,69300000.0,69100000.0,78300000.0,94200000.0,107700000.0,73200000.0
Transit and ground passenger transportation,2012,41400000.0,55500000.0,88083.0,0.0534351145038167,0.0116807938805043,485,182972857.51,0,182972857.51,3.296808243423423,41200000.0,43600000.0,42900000.0,41500000.0,43400000.0,46800000.0,55400000.0,43500000.0,49400000.0,59500000.0,66300000.0,69300000.0,69100000.0,78300000.0,94200000.0,107700000.0,73200000.0,85400000.0
Transit and ground passenger transportation,2013,41200000.0,59500000.0,91469.0,-0.004830917874396,0.038441015860041,485,85302023.75,0,85302023.75,1.4336474579831933,43600000.0,42900000.0,41500000.0,43400000.0,46800000.0,55400000.0,43500000.0,49400000.0,62500000.0,66300000.0,69300000.0,69100000.0,78300000.0,94200000.0,107700000.0,73200000.0,85400000.0,113600000.0
Transit and ground passenger transportation,2014,43600000.0,66300000.0,91768.0,0.0582524271844659,0.0032688670478524,485,36919393.0,0,36919393.0,0.5568535897435898,42900000.0,41500000.0,43400000.0,46800000.0,55400000.0,43500000.0,49400000.0,62500000.0,75200000.0,69300000.0,69100000.0,78300000.0,94200000.0,107700000.0,73200000.0,85400000.0,113600000.0,137500000.0
Transit and ground passenger transportation,2015,42900000.0,69300000.0,96268.0,-0.0160550458715597,0.0490367012466219,485,32300671.85,0,32300671.85,0.4660991608946609,41500000.0,43400000.0,46800000.0,55400000.0,43500000.0,49400000.0,62500000.0,75200000.0,91000000.0,69100000.0,78300000.0,94200000.0,107700000.0,73200000.0,85400000.0,113600000.0,137500000.0,168700000.0
Transit and ground passenger transportation,2016,41500000.0,69100000.0,99735.0,-0.0326340326340326,0.0360140441268126,485,23902000.0,0,23902000.0,0.345904486251809,43400000.0,46800000.0,55400000.0,43500000.0,49400000.0,62500000.0,75200000.0,91000000.0,102400000.0,78300000.0,94200000.0,107700000.0,73200000.0,85400000.0,113600000.0,137500000.0,168700000.0,187000000.0
Transit and ground passenger transportation,2017,43400000.0,78300000.0,100000.0,0.0457831325301203,0.0026570411590716,485,36627000.0,0,36627000.0,0.4677777777777778,46800000.0,55400000.0,43500000.0,49400000.0,62500000.0,75200000.0,91000000.0,102400000.0,,94200000.0,107700000.0,73200000.0,85400000.0,113600000.0,137500000.0,168700000.0,187000000.0,
Transit and ground passenger transportation,2018,46800000.0,94200000.0,98383.0,0.0783410138248847,-0.01617,485,29998810.0,0,29998810.0,0.3184587048832272,55400000.0,43500000.0,49400000.0,62500000.0,75200000.0,91000000.0,102400000.0,,,107700000.0,73200000.0,85400000.0,113600000.0,137500000.0,168700000.0,187000000.0,,
Transit and ground passenger transportation,2019,55400000.0,107700000.0,98044.0,0.1837606837606837,-0.0034457172478985,485,33951500.0,0,33951500.0,0.3152414113277623,43500000.0,49400000.0,62500000.0,75200000.0,91000000.0,102400000.0,,,,73200000.0,85400000.0,113600000.0,137500000.0,168700000.0,187000000.0,,,
Transit and ground passenger transportation,2020,43500000.0,73200000.0,93728.0,-0.2148014440433212,-0.0440210517726735,485,30442916.666666668,1,30442916.666666668,0.41588683970856105,49400000.0,62500000.0,75200000.0,91000000.0,102400000.0,,,,,85400000.0,113600000.0,137500000.0,168700000.0,187000000.0,,,,
Transit and ground passenger transportation,2021,49400000.0,85400000.0,95284.0,0.1356321839080458,0.0166012290884263,485,26934333.333333332,1,26934333.333333332,0.3153903200624512,62500000.0,75200000.0,91000000.0,102400000.0,,,,,,113600000.0,137500000.0,168700000.0,187000000.0,,,,,
Transit and ground passenger transportation,2022,62500000.0,113600000.0,92749.0,0.2651821862348178,-0.026604676545905,485,23425750.0,1,23425750.0,0.20621258802816902,75200000.0,91000000.0,102400000.0,,,,,,,137500000.0,168700000.0,187000000.0,,,,,,
Transit and ground passenger transportation,2023,75200000.0,137500000.0,94641.0,0.2032,0.0203991417697226,485,19917166.666666664,1,19917166.666666664,0.14485212121212118,91000000.0,102400000.0,,,,,,,,168700000.0,187000000.0,,,,,,,
Transit and ground passenger transportation,2024,91000000.0,168700000.0,92189.0,0.2101063829787233,-0.0259084329201932,485,16408583.333333332,1,16408583.333333332,0.09726486860304287,102400000.0,,,,,,,,,187000000.0,,,,,,,,
Transit and ground passenger transportation,2025,102400000.0,187000000.0,89156.0,0.1252747252747252,-0.0328998036642114,485,12900000.0,0,12900000.0,0.06898395721925134,,,,,,,,,,,,,,,,,,
Pipeline transportation,2009,20300000.0,36000000.0,72088.0,-0.117391304347826,0.0183215380486219,486,9778862.7,1,9778862.7,0.271635075,25200000.0,25500000.0,29300000.0,29100000.0,32100000.0,39300000.0,39900000.0,41000000.0,43300000.0,38100000.0,40900000.0,41800000.0,42100000.0,44800000.0,47200000.0,46200000.0,48100000.0,54200000.0
Pipeline transportation,2010,25200000.0,38100000.0,80248.0,0.2413793103448274,0.1131949839085564,486,9778862.7,0,9778862.7,0.256663062992126,25500000.0,29300000.0,29100000.0,32100000.0,39300000.0,39900000.0,41000000.0,43300000.0,35000000.0,40900000.0,41800000.0,42100000.0,44800000.0,47200000.0,46200000.0,48100000.0,54200000.0,55900000.0
Pipeline transportation,2011,25500000.0,40900000.0,84584.0,0.0119047619047618,0.0540324992523177,486,16889331.5,1,16889331.5,0.41294209046454766,29300000.0,29100000.0,32100000.0,39300000.0,39900000.0,41000000.0,43300000.0,35000000.0,32800000.0,41800000.0,42100000.0,44800000.0,47200000.0,46200000.0,48100000.0,54200000.0,55900000.0,51800000.0
Pipeline transportation,2012,29300000.0,41800000.0,86432.0,0.1490196078431374,0.0218481036602666,486,23999800.3,0,23999800.3,0.5741579019138756,29100000.0,32100000.0,39300000.0,39900000.0,41000000.0,43300000.0,35000000.0,32800000.0,34300000.0,42100000.0,44800000.0,47200000.0,46200000.0,48100000.0,54200000.0,55900000.0,51800000.0,52800000.0
Pipeline transportation,2013,29100000.0,42100000.0,92896.0,-0.0068259385665528,0.0747871158830062,486,33687886.352,1,33687886.352,0.8001873242755344,32100000.0,39300000.0,39900000.0,41000000.0,43300000.0,35000000.0,32800000.0,34300000.0,32800000.0,44800000.0,47200000.0,46200000.0,48100000.0,54200000.0,55900000.0,51800000.0,52800000.0,52000000.0
Pipeline transportation,2014,32100000.0,44800000.0,94103.0,0.1030927835051547,0.0129930244574576,486,43375972.404,1,43375972.404,0.9682136697321428,39300000.0,39900000.0,41000000.0,43300000.0,35000000.0,32800000.0,34300000.0,32800000.0,33400000.0,47200000.0,46200000.0,48100000.0,54200000.0,55900000.0,51800000.0,52800000.0,52000000.0,51200000.0
Pipeline transportation,2015,39300000.0,47200000.0,93676.0,0.2242990654205605,-0.004537581161068,486,53064058.456,1,53064058.456,1.1242385266101695,39900000.0,41000000.0,43300000.0,35000000.0,32800000.0,34300000.0,32800000.0,33400000.0,34500000.0,46200000.0,48100000.0,54200000.0,55900000.0,51800000.0,52800000.0,52000000.0,51200000.0,51800000.0
Pipeline transportation,2016,39900000.0,46200000.0,98237.0,0.0152671755725191,0.0486890985951578,486,62752144.508,1,62752144.508,1.3582715261471863,41000000.0,43300000.0,35000000.0,32800000.0,34300000.0,32800000.0,33400000.0,34500000.0,35600000.0,48100000.0,54200000.0,55900000.0,51800000.0,52800000.0,52000000.0,51200000.0,51800000.0,53300000.0
Pipeline transportation,2017,41000000.0,48100000.0,100000.0,0.0275689223057644,0.0179463949428424,486,72440230.56,0,72440230.56,1.5060338993762994,43300000.0,35000000.0,32800000.0,34300000.0,32800000.0,33400000.0,34500000.0,35600000.0,,54200000.0,55900000.0,51800000.0,52800000.0,52000000.0,51200000.0,51800000.0,53300000.0,
Pipeline transportation,2018,43300000.0,54200000.0,101757.0,0.0560975609756095,0.01757,486,292023623.26,0,292023623.26,5.38788972804428,35000000.0,32800000.0,34300000.0,32800000.0,33400000.0,34500000.0,35600000.0,,,55900000.0,51800000.0,52800000.0,52000000.0,51200000.0,51800000.0,53300000.0,,
Pipeline transportation,2019,35000000.0,55900000.0,111091.0,-0.1916859122401847,0.0917283331859231,486,421639527.59,0,421639527.59,7.5427464685152055,32800000.0,34300000.0,32800000.0,33400000.0,34500000.0,35600000.0,,,,51800000.0,52800000.0,52000000.0,51200000.0,51800000.0,53300000.0,,,
Pipeline transportation,2020,32800000.0,51800000.0,117517.0,-0.0628571428571429,0.0578444698490427,486,290959496.82,0,290959496.82,5.616978703088803,34300000.0,32800000.0,33400000.0,34500000.0,35600000.0,,,,,52800000.0,52000000.0,51200000.0,51800000.0,53300000.0,,,,
Pipeline transportation,2021,34300000.0,52800000.0,122281.0,0.0457317073170731,0.0405388156607129,486,183128590.61,0,183128590.61,3.468344519128788,32800000.0,33400000.0,34500000.0,35600000.0,,,,,,52000000.0,51200000.0,51800000.0,53300000.0,,,,,
Pipeline transportation,2022,32800000.0,52000000.0,132271.0,-0.043731778425656,0.0816970747704057,486,183128590.61,1,183128590.61,3.5217036655769234,33400000.0,34500000.0,35600000.0,,,,,,,51200000.0,51800000.0,53300000.0,,,,,,
Pipeline transportation,2023,33400000.0,51200000.0,139515.0,0.0182926829268292,0.054766350900802,486,183128590.61,1,183128590.61,3.576730285351563,34500000.0,35600000.0,,,,,,,,51800000.0,53300000.0,,,,,,,
Pipeline transportation,2024,34500000.0,51800000.0,140555.0,0.032934131736527,0.0074543955847043,486,183128590.61,1,183128590.61,3.535300977027027,35600000.0,,,,,,,,,53300000.0,,,,,,,,
Pipeline transportation,2025,35600000.0,53300000.0,143980.0,0.0318840579710144,0.0243676852477676,486,183128590.61,1,183128590.61,3.4358084542213887,,,,,,,,,,,,,,,,,,
Other transportation and support activities,2009,117800000.0,195200000.0,72701.0,-0.1129518072289157,0.0227621231518084,487,,1,0.0,0.0,118100000.0,115400000.0,111100000.0,111300000.0,112100000.0,117500000.0,121100000.0,125000000.0,129800000.0,198600000.0,201800000.0,203900000.0,207700000.0,218100000.0,227900000.0,234000000.0,238700000.0,247600000.0
Other transportation and support activities,2010,118100000.0,198600000.0,76647.0,0.002546689303905,0.0542771076051225,487,,1,0.0,0.0,115400000.0,111100000.0,111300000.0,112100000.0,117500000.0,121100000.0,125000000.0,129800000.0,133500000.0,201800000.0,203900000.0,207700000.0,218100000.0,227900000.0,234000000.0,238700000.0,247600000.0,247600000.0
Other transportation and support activities,2011,115400000.0,201800000.0,81481.0,-0.0228619813717187,0.0630683523164636,487,,1,0.0,0.0,111100000.0,111300000.0,112100000.0,117500000.0,121100000.0,125000000.0,129800000.0,133500000.0,149000000.0,203900000.0,207700000.0,218100000.0,227900000.0,234000000.0,238700000.0,247600000.0,247600000.0,269600000.0
Other transportation and support activities,2012,111100000.0,203900000.0,85486.0,-0.0372616984402081,0.0491525631742371,487,,1,0.0,0.0,111300000.0,112100000.0,117500000.0,121100000.0,125000000.0,129800000.0,133500000.0,149000000.0,151700000.0,207700000.0,218100000.0,227900000.0,234000000.0,238700000.0,247600000.0,247600000.0,269600000.0,287000000.0
Other transportation and support activities,2013,111300000.0,207700000.0,89035.0,0.0018001800180018,0.0415155698009028,487,,1,0.0,0.0,112100000.0,117500000.0,121100000.0,125000000.0,129800000.0,133500000.0,149000000.0,151700000.0,152400000.0,218100000.0,227900000.0,234000000.0,238700000.0,247600000.0,247600000.0,269600000.0,287000000.0,289500000.0
Other transportation and support activities,2014,112100000.0,218100000.0,92591.0,0.0071877807726863,0.0399393496939406,487,,1,0.0,0.0,117500000.0,121100000.0,125000000.0,129800000.0,133500000.0,149000000.0,151700000.0,152400000.0,164900000.0,227900000.0,234000000.0,238700000.0,247600000.0,247600000.0,269600000.0,287000000.0,289500000.0,279700000.0
Other transportation and support activities,2015,117500000.0,227900000.0,97337.0,0.048171275646744,0.0512576816321241,487,,1,0.0,0.0,121100000.0,125000000.0,129800000.0,133500000.0,149000000.0,151700000.0,152400000.0,164900000.0,153400000.0,234000000.0,238700000.0,247600000.0,247600000.0,269600000.0,287000000.0,289500000.0,279700000.0,263100000.00000003
Other transportation and support activities,2016,121100000.0,234000000.0,98348.0,0.0306382978723402,0.0103865950255297,487,,1,0.0,0.0,125000000.0,129800000.0,133500000.0,149000000.0,151700000.0,152400000.0,164900000.0,153400000.0,150900000.0,238700000.0,247600000.0,247600000.0,269600000.0,287000000.0,289500000.0,279700000.0,263100000.00000003,257700000.0
Other transportation and support activities,2017,125000000.0,238700000.0,100000.0,0.032204789430223,0.0167974946109732,487,,1,0.0,0.0,129800000.0,133500000.0,149000000.0,151700000.0,152400000.0,164900000.0,153400000.0,150900000.0,,247600000.0,247600000.0,269600000.0,287000000.0,289500000.0,279700000.0,263100000.00000003,257700000.0,
Other transportation and support activities,2018,129800000.0,247600000.0,102990.0,0.0383999999999999,0.0299,487,,1,0.0,0.0,133500000.0,149000000.0,151700000.0,152400000.0,164900000.0,153400000.0,150900000.0,,,247600000.0,269600000.0,287000000.0,289500000.0,279700000.0,263100000.00000003,257700000.0,,
Other transportation and support activities,2019,133500000.0,247600000.0,107905.0,0.0285053929121725,0.0477230799106709,487,,1,0.0,0.0,149000000.0,151700000.0,152400000.0,164900000.0,153400000.0,150900000.0,,,,269600000.0,287000000.0,289500000.0,279700000.0,263100000.00000003,257700000.0,,,
Other transportation and support activities,2020,149000000.0,269600000.0,109491.0,0.1161048689138577,0.0146981140818311,487,,1,0.0,0.0,151700000.0,152400000.0,164900000.0,153400000.0,150900000.0,,,,,287000000.0,289500000.0,279700000.0,263100000.00000003,257700000.0,,,,
Other transportation and support activities,2021,151700000.0,287000000.0,129339.0,0.0181208053691275,0.1812751733019151,487,,1,0.0,0.0,152400000.0,164900000.0,153400000.0,150900000.0,,,,,,289500000.0,279700000.0,263100000.00000003,257700000.0,,,,,
Other transportation and support activities,2022,152400000.0,289500000.0,142230.0,0.004614370468029,0.099668313501728,487,,1,0.0,0.0,164900000.0,153400000.0,150900000.0,,,,,,,279700000.0,263100000.00000003,257700000.0,,,,,,
Other transportation and support activities,2023,164900000.0,279700000.0,127488.0,0.082020997375328,-0.1036490191942627,487,,1,0.0,0.0,153400000.0,150900000.0,,,,,,,,263100000.00000003,257700000.0,,,,,,,
Other transportation and support activities,2024,153400000.0,263100000.00000003,140914.0,-0.0697392359005457,0.1053118724899597,487,,1,0.0,0.0,150900000.0,,,,,,,,,257700000.0,,,,,,,,
Other transportation and support activities,2025,150900000.0,257700000.0,149781.0,-0.0162972620599739,0.0629249045517126,487,,1,0.0,0.0,,,,,,,,,,,,,,,,,,
Other retail,2009,477300000.0,727600000.0,92519.0,-0.0400241351568785,0.023066800835978,49,29996641.46,0,29996641.46,0.041226829934029686,496200000.0,502400000.0,521300000.0,539600000.0,550800000.0,578700000.0,608800000.0,629000000.0,659600000.0,760000000.0,781900000.0,815800000.0,853700000.0,883900000.0,929800000.0,971100000.0,1008000000.0,1057600000.0
Other retail,2010,496200000.0,760000000.0,91619.0,0.0395977372721558,-0.0097277316010766,49,141383407.82,0,141383407.82,0.1860307997631579,502400000.0,521300000.0,539600000.0,550800000.0,578700000.0,608800000.0,629000000.0,659600000.0,676400000.0,781900000.0,815800000.0,853700000.0,883900000.0,929800000.0,971100000.0,1008000000.0,1057600000.0,1076400000.0
Other retail,2011,502400000.0,781900000.0,92858.0,0.0124949617089882,0.0135233958021807,49,177713960.21,0,177713960.21,0.22728476814170612,521300000.0,539600000.0,550800000.0,578700000.0,608800000.0,629000000.0,659600000.0,676400000.0,666900000.0,815800000.0,853700000.0,883900000.0,929800000.0,971100000.0,1008000000.0,1057600000.0,1076400000.0,1088300000.0
Other retail,2012,521300000.0,815800000.0,94398.0,0.0376194267515923,0.016584462297271,49,49321033.56,0,49321033.56,0.06045726104437362,539600000.0,550800000.0,578700000.0,608800000.0,629000000.0,659600000.0,676400000.0,666900000.0,704500000.0,853700000.0,883900000.0,929800000.0,971100000.0,1008000000.0,1057600000.0,1076400000.0,1088300000.0,1251700000.0
Other retail,2013,539600000.0,853700000.0,97176.0,0.0351045463264916,0.0294285895887624,49,68317677.18,0,68317677.18,0.08002539203467261,550800000.0,578700000.0,608800000.0,629000000.0,659600000.0,676400000.0,666900000.0,704500000.0,739900000.0,883900000.0,929800000.0,971100000.0,1008000000.0,1057600000.0,1076400000.0,1088300000.0,1251700000.0,1281600000.0
Other retail,2014,550800000.0,883900000.0,98329.0,0.0207561156412154,0.0118650695645015,49,27970417.73,0,27970417.73,0.031644323713089714,578700000.0,608800000.0,629000000.0,659600000.0,676400000.0,666900000.0,704500000.0,739900000.0,801700000.0,929800000.0,971100000.0,1008000000.0,1057600000.0,1076400000.0,1088300000.0,1251700000.0,1281600000.0,1298200000.0
Other retail,2015,578700000.0,929800000.0,99509.0,0.050653594771242,0.012000528836864,49,36146365.53,0,36146365.53,0.038875420015057005,608800000.0,629000000.0,659600000.0,676400000.0,666900000.0,704500000.0,739900000.0,801700000.0,827500000.0,971100000.0,1008000000.0,1057600000.0,1076400000.0,1088300000.0,1251700000.0,1281600000.0,1298200000.0,1316300000.0
Other retail,2016,608800000.0,971100000.0,99556.0,0.0520131328840502,0.0004723190867157,49,61306791.62,0,61306791.62,0.06313128577901349,629000000.0,659600000.0,676400000.0,666900000.0,704500000.0,739900000.0,801700000.0,827500000.0,836600000.0,1008000000.0,1057600000.0,1076400000.0,1088300000.0,1251700000.0,1281600000.0,1298200000.0,1316300000.0,1344400000.0
Other retail,2017,629000000.0,1008000000.0,100000.0,0.0331800262812089,0.0044598015187431,49,35024450.0,0,35024450.0,0.034746478174603176,659600000.0,676400000.0,666900000.0,704500000.0,739900000.0,801700000.0,827500000.0,836600000.0,,1057600000.0,1076400000.0,1088300000.0,1251700000.0,1281600000.0,1298200000.0,1316300000.0,1344400000.0,
Other retail,2018,659600000.0,1057600000.0,100247.0,0.0486486486486485,0.0024699999999999,49,242524332.6,0,242524332.6,0.2293157456505295,676400000.0,666900000.0,704500000.0,739900000.0,801700000.0,827500000.0,836600000.0,,,1076400000.0,1088300000.0,1251700000.0,1281600000.0,1298200000.0,1316300000.0,1344400000.0,,
Other retail,2019,676400000.0,1076400000.0,102223.0,0.0254699818071557,0.0197113130567498,49,453766533.13,0,453766533.13,0.421559395327016,666900000.0,704500000.0,739900000.0,801700000.0,827500000.0,836600000.0,,,,1088300000.0,1251700000.0,1281600000.0,1298200000.0,1316300000.0,1344400000.0,,,
Other retail,2020,666900000.0,1088300000.0,108796.0,-0.0140449438202246,0.0643005977128434,49,326858776.0,0,326858776.0,0.30033885509510244,704500000.0,739900000.0,801700000.0,827500000.0,836600000.0,,,,,1251700000.0,1281600000.0,1298200000.0,1316300000.0,1344400000.0,,,,
Other retail,2021,704500000.0,1251700000.0,119170.0,0.0563802669065827,0.0953527703224383,49,334696515.58,0,334696515.58,0.2673935572261724,739900000.0,801700000.0,827500000.0,836600000.0,,,,,,1281600000.0,1298200000.0,1316300000.0,1344400000.0,,,,,
Other retail,2022,739900000.0,1281600000.0,121168.0,0.0502484031227821,0.016765964588403,49,326131798.02,0,326131798.02,0.25447237673220974,801700000.0,827500000.0,836600000.0,,,,,,,1298200000.0,1316300000.0,1344400000.0,,,,,,
Other retail,2023,801700000.0,1298200000.0,122441.0,0.0835248006487363,0.0105060742110127,49,256962474.68,0,256962474.68,0.19793750938222154,827500000.0,836600000.0,,,,,,,,1316300000.0,1344400000.0,,,,,,,
Other retail,2024,827500000.0,1316300000.0,124703.0,0.032181614070101,0.0184742039022876,49,777264486.3,0,777264486.3,0.5904918987312923,836600000.0,,,,,,,,,1344400000.0,,,,,,,,
Other retail,2025,836600000.0,1344400000.0,128812.0,0.0109969788519637,0.0329502898887759,49,481147463.99,0,481147463.99,0.3578901100788456,,,,,,,,,,,,,,,,,,
Warehousing and storage,2009,38800000.0,77100000.0,116504.0,-0.0152284263959391,0.0135894625115275,493,98555181.13,0,98555181.13,1.2782773168612191,40500000.0,42800000.0,47100000.0,49600000.0,51300000.0,52900000.0,57600000.0,61100000.0,66800000.0,88100000.0,99000000.0,112900000.0,115900000.0,116500000.0,116000000.0,121400000.0,123800000.0,125200000.0
Warehousing and storage,2010,40500000.0,88100000.0,111650.0,0.0438144329896907,-0.0416638055345739,493,427360840.55,0,427360840.55,4.850860846197503,42800000.0,47100000.0,49600000.0,51300000.0,52900000.0,57600000.0,61100000.0,66800000.0,71600000.0,99000000.0,112900000.0,115900000.0,116500000.0,116000000.0,121400000.0,123800000.0,125200000.0,130200000.0
Warehousing and storage,2011,42800000.0,99000000.0,105634.0,0.05679012345679,-0.0538826690550828,493,370433984.14,0,370433984.14,3.7417574155555555,47100000.0,49600000.0,51300000.0,52900000.0,57600000.0,61100000.0,66800000.0,71600000.0,79600000.0,112900000.0,115900000.0,116500000.0,116000000.0,121400000.0,123800000.0,125200000.0,130200000.0,132900000.0
Warehousing and storage,2012,47100000.0,112900000.0,100261.0,0.1004672897196263,-0.0508643050532973,493,495430633.17,0,495430633.17,4.388225271656333,49600000.0,51300000.0,52900000.0,57600000.0,61100000.0,66800000.0,71600000.0,79600000.0,94400000.0,115900000.0,116500000.0,116000000.0,121400000.0,123800000.0,125200000.0,130200000.0,132900000.0,143900000.0
Warehousing and storage,2013,49600000.0,115900000.0,94663.0,0.0530785562632696,-0.055834272548648,493,519060616.12,0,519060616.12,4.478521277998275,51300000.0,52900000.0,57600000.0,61100000.0,66800000.0,71600000.0,79600000.0,94400000.0,93400000.0,116500000.0,116000000.0,121400000.0,123800000.0,125200000.0,130200000.0,132900000.0,143900000.0,141600000.0
Warehousing and storage,2014,51300000.0,116500000.0,91967.0,0.034274193548387,-0.0284799763371116,493,701311895.81,0,701311895.81,6.019844599227468,52900000.0,57600000.0,61100000.0,66800000.0,71600000.0,79600000.0,94400000.0,93400000.0,81400000.0,116000000.0,121400000.0,123800000.0,125200000.0,130200000.0,132900000.0,143900000.0,141600000.0,131600000.0
Warehousing and storage,2015,52900000.0,116000000.0,96739.0,0.0311890838206627,0.0518881772809813,493,591759136.78,0,591759136.78,5.101371868793104,57600000.0,61100000.0,66800000.0,71600000.0,79600000.0,94400000.0,93400000.0,81400000.0,84100000.0,121400000.0,123800000.0,125200000.0,130200000.0,132900000.0,143900000.0,141600000.0,131600000.0,131200000.0
Warehousing and storage,2016,57600000.0,121400000.0,98643.0,0.0888468809073723,0.0196818242901002,493,478308611.06,0,478308611.06,3.9399391355848437,61100000.0,66800000.0,71600000.0,79600000.0,94400000.0,93400000.0,81400000.0,84100000.0,84200000.0,123800000.0,125200000.0,130200000.0,132900000.0,143900000.0,141600000.0,131600000.0,131200000.0,134500000.0
Warehousing and storage,2017,61100000.0,123800000.0,100000.0,0.0607638888888888,0.0137566781221172,493,482268486.57,0,482268486.57,3.8955451257673666,66800000.0,71600000.0,79600000.0,94400000.0,93400000.0,81400000.0,84100000.0,84200000.0,,125200000.0,130200000.0,132900000.0,143900000.0,141600000.0,131600000.0,131200000.0,134500000.0,
Warehousing and storage,2018,66800000.0,125200000.0,102733.0,0.0932896890343697,0.02733,493,448210184.48,0,448210184.48,3.5799535501597446,71600000.0,79600000.0,94400000.0,93400000.0,81400000.0,84100000.0,84200000.0,,,130200000.0,132900000.0,143900000.0,141600000.0,131600000.0,131200000.0,134500000.0,,
Warehousing and storage,2019,71600000.0,130200000.0,102402.0,0.0718562874251496,-0.0032219442632844,493,620347287.19,0,620347287.19,4.764572098233487,79600000.0,94400000.0,93400000.0,81400000.0,84100000.0,84200000.0,,,,132900000.0,143900000.0,141600000.0,131600000.0,131200000.0,134500000.0,,,
Warehousing and storage,2020,79600000.0,132900000.0,102576.0,0.1117318435754191,0.0016991855627819,493,753457472.39,0,753457472.39,5.669356451392024,94400000.0,93400000.0,81400000.0,84100000.0,84200000.0,,,,,143900000.0,141600000.0,131600000.0,131200000.0,134500000.0,,,,
Warehousing and storage,2021,94400000.0,143900000.0,106115.0,0.1859296482412062,0.0345012478552488,493,2413952088.57,0,2413952088.57,16.77520561897151,93400000.0,81400000.0,84100000.0,84200000.0,,,,,,141600000.0,131600000.0,131200000.0,134500000.0,,,,,
Warehousing and storage,2022,93400000.0,141600000.0,123567.0,-0.010593220338983,0.1644630825048296,493,805782420.67,0,805782420.67,5.69055381829096,81400000.0,84100000.0,84200000.0,,,,,,,131600000.0,131200000.0,134500000.0,,,,,,
Warehousing and storage,2023,81400000.0,131600000.0,144230.0,-0.1284796573875802,0.1672210217938445,493,898749837.85,0,898749837.85,6.82940606268997,84100000.0,84200000.0,,,,,,,,131200000.0,134500000.0,,,,,,,
Warehousing and storage,2024,84100000.0,131200000.0,152416.0,0.0331695331695329,0.05675656936837,493,761023050.65,0,761023050.65,5.800480568978658,84200000.0,,,,,,,,,134500000.0,,,,,,,,
Warehousing and storage,2025,84200000.0,134500000.0,157981.0,0.0011890606420927,0.0365119147596053,493,964155374.59,0,964155374.59,7.168441446765799,,,,,,,,,,,,,,,,,,
Information,2009,625900000.0,1172500000.0,115264.0,-0.0255332399190408,-0.0046888357353183,51,3512825721.44,0,3512825721.44,2.9960134084776118,670800000.0,685000000.0,689500000.0,762700000.0,786800000.0,870600000.0,948000000.0,1010000000.0,1066000000.0,1229700000.0,1286000000.0,1337800000.0,1394400000.0,1476400000.0,1562600000.0,1678200000.0,1763300000.0,1887100000.0
Information,2010,670800000.0,1229700000.0,112536.0,0.0717366991532193,-0.0236674069961132,51,4317285444.1,0,4317285444.1,3.5108444694640975,685000000.0,689500000.0,762700000.0,786800000.0,870600000.0,948000000.0,1010000000.0,1066000000.0,1177700000.0,1286000000.0,1337800000.0,1394400000.0,1476400000.0,1562600000.0,1678200000.0,1763300000.0,1887100000.0,1968500000.0
Information,2011,685000000.0,1286000000.0,111395.0,0.0211687537268934,-0.0101389777493424,51,4054357220.25,0,4054357220.25,3.1526883516718507,689500000.0,762700000.0,786800000.0,870600000.0,948000000.0,1010000000.0,1066000000.0,1177700000.0,1226600000.0,1337800000.0,1394400000.0,1476400000.0,1562600000.0,1678200000.0,1763300000.0,1887100000.0,1968500000.0,2033300000.0
Information,2012,689500000.0,1337800000.0,110612.0,0.0065693430656934,-0.007029040800754,51,4269787019.59,0,4269787019.59,3.191648243078188,762700000.0,786800000.0,870600000.0,948000000.0,1010000000.0,1066000000.0,1177700000.0,1226600000.0,1393600000.0,1394400000.0,1476400000.0,1562600000.0,1678200000.0,1763300000.0,1887100000.0,1968500000.0,2033300000.0,2271700000.0
Information,2013,762700000.0,1394400000.0,109532.0,0.1061638868745469,-0.0097638592557769,51,3737789601.95,0,3737789601.95,2.6805720036933445,786800000.0,870600000.0,948000000.0,1010000000.0,1066000000.0,1177700000.0,1226600000.0,1393600000.0,1496300000.0,1476400000.0,1562600000.0,1678200000.0,1763300000.0,1887100000.0,1968500000.0,2033300000.0,2271700000.0,2428700000.0
Information,2014,786800000.0,1476400000.0,107876.0,0.0315982693064114,-0.0151188693715077,51,3579500528.66,0,3579500528.66,2.4244788191953397,870600000.0,948000000.0,1010000000.0,1066000000.0,1177700000.0,1226600000.0,1393600000.0,1496300000.0,1616500000.0,1562600000.0,1678200000.0,1763300000.0,1887100000.0,1968500000.0,2033300000.0,2271700000.0,2428700000.0,2525900000.0
Information,2015,870600000.0,1562600000.0,104879.0,0.1065073716319269,-0.0277818977344358,51,3753084301.64,0,3753084301.64,2.4018202365544603,948000000.0,1010000000.0,1066000000.0,1177700000.0,1226600000.0,1393600000.0,1496300000.0,1616500000.0,1704300000.0,1678200000.0,1763300000.0,1887100000.0,1968500000.0,2033300000.0,2271700000.0,2428700000.0,2525900000.0,2629800000.0
Information,2016,948000000.0,1678200000.0,102840.0,0.0889042039972431,-0.0194414515775321,51,3999942061.26,0,3999942061.26,2.3834716131927065,1010000000.0,1066000000.0,1177700000.0,1226600000.0,1393600000.0,1496300000.0,1616500000.0,1704300000.0,1840400000.0,1763300000.0,1887100000.0,1968500000.0,2033300000.0,2271700000.0,2428700000.0,2525900000.0,2629800000.0,2808100000.0
Information,2017,1010000000.0,1763300000.0,100000.0,0.0654008438818565,-0.0276157137300661,51,3949844571.71,0,3949844571.71,2.2400298143877957,1066000000.0,1177700000.0,1226600000.0,1393600000.0,1496300000.0,1616500000.0,1704300000.0,1840400000.0,,1887100000.0,1968500000.0,2033300000.0,2271700000.0,2428700000.0,2525900000.0,2629800000.0,2808100000.0,
Information,2018,1066000000.0,1887100000.0,97693.0,0.0554455445544554,-0.02307,51,4541822211.91,0,4541822211.91,2.4067734682369775,1177700000.0,1226600000.0,1393600000.0,1496300000.0,1616500000.0,1704300000.0,1840400000.0,,,1968500000.0,2033300000.0,2271700000.0,2428700000.0,2525900000.0,2629800000.0,2808100000.0,,
Information,2019,1177700000.0,1968500000.0,97020.0,0.1047842401500938,-0.0068889275587811,51,4666211361.6,0,4666211361.6,2.3704401125730254,1226600000.0,1393600000.0,1496300000.0,1616500000.0,1704300000.0,1840400000.0,,,,2033300000.0,2271700000.0,2428700000.0,2525900000.0,2629800000.0,2808100000.0,,,
Information,2020,1226600000.0,2033300000.0,96352.0,0.0415216099176358,-0.0068851783137496,51,5236996878.85,0,5236996878.85,2.5756144586878476,1393600000.0,1496300000.0,1616500000.0,1704300000.0,1840400000.0,,,,,2271700000.0,2428700000.0,2525900000.0,2629800000.0,2808100000.0,,,,
Information,2021,1393600000.0,2271700000.0,94190.0,0.1361487037338986,-0.0224385586183992,51,4873930456.92,0,4873930456.92,2.145499166668134,1496300000.0,1616500000.0,1704300000.0,1840400000.0,,,,,,2428700000.0,2525900000.0,2629800000.0,2808100000.0,,,,,
Information,2022,1496300000.0,2428700000.0,92458.0,0.0736940298507462,-0.0183883639452171,51,4320596084.49,0,4320596084.49,1.7789747949479144,1616500000.0,1704300000.0,1840400000.0,,,,,,,2525900000.0,2629800000.0,2808100000.0,,,,,,
Information,2023,1616500000.0,2525900000.0,92252.0,0.0803314843280091,-0.0022280386770209,51,4752116565.5,0,4752116565.5,1.881355780315927,1704300000.0,1840400000.0,,,,,,,,2629800000.0,2808100000.0,,,,,,,
Information,2024,1704300000.0,2629800000.0,93449.0,0.0543148778224558,0.0129753284481637,51,4828530821.54,0,4828530821.54,1.8360829042284583,1840400000.0,,,,,,,,,2808100000.0,,,,,,,,
Information,2025,1840400000.0,2808100000.0,92111.0,0.0798568327172446,-0.0143179702297508,51,5598505669.43,0,5598505669.43,1.9936988246251914,,,,,,,,,,,,,,,,,,
"Publishing industries, except internet (includes software)",2009,145500000.0,269000000.0,117281.0,-0.0545808966861598,-0.006227969088937,511,295686651.61,0,295686651.61,1.0992068833085502,158300000.0,165900000.0,174100000.0,183200000.0,193600000.0,201800000.0,216000000.0,236000000.0,253000000.0,275400000.0,284600000.0,285900000.0,301600000.0,318400000.0,323700000.0,355300000.0,385300000.0,404400000.0
"Publishing industries, except internet (includes software)",2010,158300000.0,275400000.0,112897.0,0.0879725085910654,-0.0373803088309274,511,218135667.59,0,218135667.59,0.7920685097676108,165900000.0,174100000.0,183200000.0,193600000.0,201800000.0,216000000.0,236000000.0,253000000.0,286500000.0,284600000.0,285900000.0,301600000.0,318400000.0,323700000.0,355300000.0,385300000.0,404400000.0,422200000.0
"Publishing industries, except internet (includes software)",2011,165900000.0,284600000.0,111519.0,0.0480101073910297,-0.0122058159207064,511,328743850.44,0,328743850.44,1.1551083992972593,174100000.0,183200000.0,193600000.0,201800000.0,216000000.0,236000000.0,253000000.0,286500000.0,312700000.0,285900000.0,301600000.0,318400000.0,323700000.0,355300000.0,385300000.0,404400000.0,422200000.0,448700000.0
"Publishing industries, except internet (includes software)",2012,174100000.0,285900000.0,109062.0,0.0494273658830619,-0.0220321200871601,511,478572333.57,0,478572333.57,1.6739151226652675,183200000.0,193600000.0,201800000.0,216000000.0,236000000.0,253000000.0,286500000.0,312700000.0,372700000.0,301600000.0,318400000.0,323700000.0,355300000.0,385300000.0,404400000.0,422200000.0,448700000.0,506700000.0
"Publishing industries, except internet (includes software)",2013,183200000.0,301600000.0,107052.0,0.0522688110281446,-0.0184298839192385,511,632678074.7,0,632678074.7,2.0977389744694963,193600000.0,201800000.0,216000000.0,236000000.0,253000000.0,286500000.0,312700000.0,372700000.0,399100000.0,318400000.0,323700000.0,355300000.0,385300000.0,404400000.0,422200000.0,448700000.0,506700000.0,567300000.0
"Publishing industries, except internet (includes software)",2014,193600000.0,318400000.0,105295.0,0.056768558951965,-0.0164125845383552,511,972342700.88,0,972342700.88,3.0538401409547737,201800000.0,216000000.0,236000000.0,253000000.0,286500000.0,312700000.0,372700000.0,399100000.0,441000000.0,323700000.0,355300000.0,385300000.0,404400000.0,422200000.0,448700000.0,506700000.0,567300000.0,606100000.0
"Publishing industries, except internet (includes software)",2015,201800000.0,323700000.0,103558.0,0.0423553719008265,-0.0164965098057836,511,1162283128.25,0,1162283128.25,3.5906182522397283,216000000.0,236000000.0,253000000.0,286500000.0,312700000.0,372700000.0,399100000.0,441000000.0,462300000.0,355300000.0,385300000.0,404400000.0,422200000.0,448700000.0,506700000.0,567300000.0,606100000.0,641200000.0
"Publishing industries, except internet (includes software)",2016,216000000.0,355300000.0,101847.0,0.0703666997026759,-0.0165221421811933,511,1364412016.36,0,1364412016.36,3.8401689174218965,236000000.0,253000000.0,286500000.0,312700000.0,372700000.0,399100000.0,441000000.0,462300000.0,503600000.0,385300000.0,404400000.0,422200000.0,448700000.0,506700000.0,567300000.0,606100000.0,641200000.0,710800000.0
"Publishing industries, except internet (includes software)",2017,236000000.0,385300000.0,100000.0,0.0925925925925925,-0.0181350457058135,511,1634082662.76,0,1634082662.76,4.24106582600571,253000000.0,286500000.0,312700000.0,372700000.0,399100000.0,441000000.0,462300000.0,503600000.0,,404400000.0,422200000.0,448700000.0,506700000.0,567300000.0,606100000.0,641200000.0,710800000.0,
"Publishing industries, except internet (includes software)",2018,253000000.0,404400000.0,97497.0,0.0720338983050847,-0.0250299999999999,511,1387557799.95,0,1387557799.95,3.4311518297477748,286500000.0,312700000.0,372700000.0,399100000.0,441000000.0,462300000.0,503600000.0,,,422200000.0,448700000.0,506700000.0,567300000.0,606100000.0,641200000.0,710800000.0,,
"Publishing industries, except internet (includes software)",2019,286500000.0,422200000.0,97174.0,0.1324110671936758,-0.0033129224488958,511,1521707950.52,0,1521707950.52,3.604234842539081,312700000.0,372700000.0,399100000.0,441000000.0,462300000.0,503600000.0,,,,448700000.0,506700000.0,567300000.0,606100000.0,641200000.0,710800000.0,,,
"Publishing industries, except internet (includes software)",2020,312700000.0,448700000.0,96999.0,0.0914485165794065,-0.0018008932430486,511,1789715385.1,0,1789715385.1,3.9886681192333406,372700000.0,399100000.0,441000000.0,462300000.0,503600000.0,,,,,506700000.0,567300000.0,606100000.0,641200000.0,710800000.0,,,,
"Publishing industries, except internet (includes software)",2021,372700000.0,506700000.0,94481.0,0.1918771985929006,-0.0259590305054691,511,2246755771.85,0,2246755771.85,4.434094675054273,399100000.0,441000000.0,462300000.0,503600000.0,,,,,,567300000.0,606100000.0,641200000.0,710800000.0,,,,,
"Publishing industries, except internet (includes software)",2022,399100000.0,567300000.0,91466.0,0.0708344513013148,-0.0319111779087859,511,2968318675.96,0,2968318675.96,5.23236149472942,441000000.0,462300000.0,503600000.0,,,,,,,606100000.0,641200000.0,710800000.0,,,,,,
"Publishing industries, except internet (includes software)",2023,441000000.0,606100000.0,92309.0,0.1049862189927335,0.0092165394791507,511,3101161212.92,0,3101161212.92,5.116583423395479,462300000.0,503600000.0,,,,,,,,641200000.0,710800000.0,,,,,,,
"Publishing industries, except internet (includes software)",2024,462300000.0,641200000.0,95766.0,0.0482993197278911,0.0374503027873771,511,3956009262.08,0,3956009262.08,6.1696962914535245,503600000.0,,,,,,,,,710800000.0,,,,,,,,
"Publishing industries, except internet (includes software)",2025,503600000.0,710800000.0,95148.0,0.0893359290504001,-0.0064532297475096,511,3812349933.73,0,3812349933.73,5.363463609637028,,,,,,,,,,,,,,,,,,
Motion picture and sound recording industries,2009,82100000.0,129500000.0,100154.0,0.1020134228187918,-0.0655445563030071,512,56647442.96,0,56647442.96,0.437431991969112,90800000.0,85400000.0,81400000.0,84000000.0,84700000.0,91900000.0,96100000.0,97700000.0,93200000.0,135100000.0,134000000.0,134500000.0,139600000.0,141200000.0,148400000.0,150100000.0,150700000.0,160500000.0
Motion picture and sound recording industries,2010,90800000.0,135100000.0,100558.0,0.1059683313032886,0.0040337879665317,512,11977840.33,0,11977840.33,0.08865906980014804,85400000.0,81400000.0,84000000.0,84700000.0,91900000.0,96100000.0,97700000.0,93200000.0,89900000.0,134000000.0,134500000.0,139600000.0,141200000.0,148400000.0,150100000.0,150700000.0,160500000.0,166300000.0
Motion picture and sound recording industries,2011,85400000.0,134000000.0,99733.0,-0.0594713656387664,-0.0082042204498896,512,10025000.0,0,10025000.0,0.0748134328358209,81400000.0,84000000.0,84700000.0,91900000.0,96100000.0,97700000.0,93200000.0,89900000.0,79000000.0,134500000.0,139600000.0,141200000.0,148400000.0,150100000.0,150700000.0,160500000.0,166300000.0,147900000.0
Motion picture and sound recording industries,2012,81400000.0,134500000.0,101762.0,-0.0468384074941452,0.020344319332618,512,18090827.5,1,18090827.5,0.1345042936802974,84000000.0,84700000.0,91900000.0,96100000.0,97700000.0,93200000.0,89900000.0,79000000.0,97500000.0,139600000.0,141200000.0,148400000.0,150100000.0,150700000.0,160500000.0,166300000.0,147900000.0,168100000.0
Motion picture and sound recording industries,2013,84000000.0,139600000.0,99761.0,0.0319410319410318,-0.0196635286256167,512,26156655.0,0,26156655.0,0.1873685888252149,84700000.0,91900000.0,96100000.0,97700000.0,93200000.0,89900000.0,79000000.0,97500000.0,116200000.0,141200000.0,148400000.0,150100000.0,150700000.0,160500000.0,166300000.0,147900000.0,168100000.0,187800000.0
Motion picture and sound recording industries,2014,84700000.0,141200000.0,98841.0,0.0083333333333333,-0.0092220406772185,512,8382307.4,0,8382307.4,0.05936478328611898,91900000.0,96100000.0,97700000.0,93200000.0,89900000.0,79000000.0,97500000.0,116200000.0,116200000.0,148400000.0,150100000.0,150700000.0,160500000.0,166300000.0,147900000.0,168100000.0,187800000.0,197000000.0
Motion picture and sound recording industries,2015,91900000.0,148400000.0,97624.0,0.0850059031877215,-0.0123127042421666,512,29824000.1,0,29824000.1,0.20097035107816713,96100000.0,97700000.0,93200000.0,89900000.0,79000000.0,97500000.0,116200000.0,116200000.0,117200000.0,150100000.0,150700000.0,160500000.0,166300000.0,147900000.0,168100000.0,187800000.0,197000000.0,194600000.0
Motion picture and sound recording industries,2016,96100000.0,150100000.0,100744.0,0.0457018498367789,0.0319593542571499,512,23480930.18,1,23480930.18,0.15643524437041972,97700000.0,93200000.0,89900000.0,79000000.0,97500000.0,116200000.0,116200000.0,117200000.0,119400000.0,150700000.0,160500000.0,166300000.0,147900000.0,168100000.0,187800000.0,197000000.0,194600000.0,199700000.0
Motion picture and sound recording industries,2017,97700000.0,150700000.0,100000.0,0.0166493236212279,-0.0073850551893909,512,17137860.259999998,1,17137860.259999998,0.11372170046449899,93200000.0,89900000.0,79000000.0,97500000.0,116200000.0,116200000.0,117200000.0,119400000.0,,160500000.0,166300000.0,147900000.0,168100000.0,187800000.0,197000000.0,194600000.0,199700000.0,
Motion picture and sound recording industries,2018,93200000.0,160500000.0,100498.0,-0.0460593654042988,0.0049799999999999,512,10794790.34,0,10794790.34,0.06725726068535826,89900000.0,79000000.0,97500000.0,116200000.0,116200000.0,117200000.0,119400000.0,,,166300000.0,147900000.0,168100000.0,187800000.0,197000000.0,194600000.0,199700000.0,,
Motion picture and sound recording industries,2019,89900000.0,166300000.0,98449.0,-0.0354077253218884,-0.0203884654420983,512,14855343.67,1,14855343.67,0.08932858490679495,79000000.0,97500000.0,116200000.0,116200000.0,117200000.0,119400000.0,,,,147900000.0,168100000.0,187800000.0,197000000.0,194600000.0,199700000.0,,,
Motion picture and sound recording industries,2020,79000000.0,147900000.0,96029.0,-0.121245828698554,-0.0245812552692257,512,18915897.0,0,18915897.0,0.12789653144016228,97500000.0,116200000.0,116200000.0,117200000.0,119400000.0,,,,,168100000.0,187800000.0,197000000.0,194600000.0,199700000.0,,,,
Motion picture and sound recording industries,2021,97500000.0,168100000.0,95446.0,0.2341772151898733,-0.0060710826937695,512,14623140.0,1,14623140.0,0.08699071980963712,116200000.0,116200000.0,117200000.0,119400000.0,,,,,,187800000.0,197000000.0,194600000.0,199700000.0,,,,,
Motion picture and sound recording industries,2022,116200000.0,187800000.0,98593.0,0.1917948717948718,0.032971523164931,512,10330383.0,0,10330383.0,0.05500736421725239,116200000.0,117200000.0,119400000.0,,,,,,,197000000.0,194600000.0,199700000.0,,,,,,
Motion picture and sound recording industries,2023,116200000.0,197000000.0,97994.0,0.0,-0.0060754820321929,512,10330383.0,1,10330383.0,0.0524384923857868,117200000.0,119400000.0,,,,,,,,194600000.0,199700000.0,,,,,,,
Motion picture and sound recording industries,2024,117200000.0,194600000.0,101840.0,0.0086058519793459,0.0392473008551543,512,10330383.0,1,10330383.0,0.05308521582733813,119400000.0,,,,,,,,,199700000.0,,,,,,,,
Motion picture and sound recording industries,2025,119400000.0,199700000.0,99728.0,0.0187713310580204,-0.020738413197172,512,10330383.0,1,10330383.0,0.05172950926389584,,,,,,,,,,,,,,,,,,
Broadcasting and telecommunications,2009,309300000.0,631000000.0,121098.0,-0.049477566072526,0.0054132142204805,513,319389238.94,0,319389238.94,0.5061636116323296,318700000.0,315800000.0,321800000.0,354900000.0,353800000.0,403500000.0,439600000.0,462100000.0,482400000.0,657100000.0,679800000.0,698200000.0,715100000.0,757800000.0,802700000.0,849700000.0,862000000.0,885100000.0
Broadcasting and telecommunications,2010,318700000.0,657100000.0,117836.0,0.0303912059489168,-0.0269368610546829,513,269337630.81,0,269337630.81,0.40988834395069246,315800000.0,321800000.0,354900000.0,353800000.0,403500000.0,439600000.0,462100000.0,482400000.0,514000000.0,679800000.0,698200000.0,715100000.0,757800000.0,802700000.0,849700000.0,862000000.0,885100000.0,891300000.0
Broadcasting and telecommunications,2011,315800000.0,679800000.0,116475.0,-0.0090994665829933,-0.0115499507790488,513,146861205.36,0,146861205.36,0.2160359007943513,321800000.0,354900000.0,353800000.0,403500000.0,439600000.0,462100000.0,482400000.0,514000000.0,502000000.0,698200000.0,715100000.0,757800000.0,802700000.0,849700000.0,862000000.0,885100000.0,891300000.0,890800000.0
Broadcasting and telecommunications,2012,321800000.0,698200000.0,115711.0,0.018999366687777,-0.0065593474994634,513,108540515.89,0,108540515.89,0.155457628029218,354900000.0,353800000.0,403500000.0,439600000.0,462100000.0,482400000.0,514000000.0,502000000.0,525300000.0,715100000.0,757800000.0,802700000.0,849700000.0,862000000.0,885100000.0,891300000.0,890800000.0,929500000.0
Broadcasting and telecommunications,2013,354900000.0,715100000.0,115377.0,0.1028589185829707,-0.0028865017154808,513,62845691.160000004,0,62845691.160000004,0.08788378011466928,353800000.0,403500000.0,439600000.0,462100000.0,482400000.0,514000000.0,502000000.0,525300000.0,518600000.0,757800000.0,802700000.0,849700000.0,862000000.0,885100000.0,891300000.0,890800000.0,929500000.0,930700000.0
Broadcasting and telecommunications,2014,353800000.0,757800000.0,113271.0,-0.003099464637926,-0.0182532047115109,513,63226010.262,1,63226010.262,0.083433637189232,403500000.0,439600000.0,462100000.0,482400000.0,514000000.0,502000000.0,525300000.0,518600000.0,528900000.0,802700000.0,849700000.0,862000000.0,885100000.0,891300000.0,890800000.0,929500000.0,930700000.0,918300000.0
Broadcasting and telecommunications,2015,403500000.0,802700000.0,108053.0,0.1404748445449406,-0.0460665130527673,513,63606329.36400001,1,63606329.36400001,0.07924047510153234,439600000.0,462100000.0,482400000.0,514000000.0,502000000.0,525300000.0,518600000.0,528900000.0,528400000.0,849700000.0,862000000.0,885100000.0,891300000.0,890800000.0,929500000.0,930700000.0,918300000.0,899700000.0
Broadcasting and telecommunications,2016,439600000.0,849700000.0,104584.0,0.0894671623296159,-0.0321046153276631,513,63986648.466000006,1,63986648.466000006,0.07530498819112628,462100000.0,482400000.0,514000000.0,502000000.0,525300000.0,518600000.0,528900000.0,528400000.0,539200000.0,862000000.0,885100000.0,891300000.0,890800000.0,929500000.0,930700000.0,918300000.0,899700000.0,901500000.0
Broadcasting and telecommunications,2017,462100000.0,862000000.0,100000.0,0.0511828935395815,-0.0438307962977129,513,64366967.568,1,64366967.568,0.07467165611136892,482400000.0,514000000.0,502000000.0,525300000.0,518600000.0,528900000.0,528400000.0,539200000.0,,885100000.0,891300000.0,890800000.0,929500000.0,930700000.0,918300000.0,899700000.0,901500000.0,
Broadcasting and telecommunications,2018,482400000.0,885100000.0,98406.0,0.0439298853062106,-0.0159399999999999,513,64747286.67,1,64747286.67,0.0731525100779573,514000000.0,502000000.0,525300000.0,518600000.0,528900000.0,528400000.0,539200000.0,,,891300000.0,890800000.0,929500000.0,930700000.0,918300000.0,899700000.0,901500000.0,,
Broadcasting and telecommunications,2019,514000000.0,891300000.0,97586.0,0.0655058043117744,-0.0083328252342337,513,65127605.77200001,1,65127605.77200001,0.073070353160552,502000000.0,525300000.0,518600000.0,528900000.0,528400000.0,539200000.0,,,,890800000.0,929500000.0,930700000.0,918300000.0,899700000.0,901500000.0,,,
Broadcasting and telecommunications,2020,502000000.0,890800000.0,97045.0,-0.0233463035019455,-0.0055438280081159,513,65507924.874000005,1,65507924.874000005,0.0735383081207903,525300000.0,518600000.0,528900000.0,528400000.0,539200000.0,,,,,929500000.0,930700000.0,918300000.0,899700000.0,901500000.0,,,,
Broadcasting and telecommunications,2021,525300000.0,929500000.0,94875.0,0.046414342629482,-0.022360760471946,513,65888243.976,1,65888243.976,0.07088568475094137,518600000.0,528900000.0,528400000.0,539200000.0,,,,,,930700000.0,918300000.0,899700000.0,901500000.0,,,,,
Broadcasting and telecommunications,2022,518600000.0,930700000.0,93932.0,-0.0127546164096705,-0.0099393939393939,513,66268563.07800001,1,66268563.07800001,0.07120292583861611,528900000.0,528400000.0,539200000.0,,,,,,,918300000.0,899700000.0,901500000.0,,,,,,
Broadcasting and telecommunications,2023,528900000.0,918300000.0,94369.0,0.0198611646741224,0.0046523016650341,513,66648882.18000001,0,66648882.18000001,0.07257854968964392,528400000.0,539200000.0,,,,,,,,899700000.0,901500000.0,,,,,,,
Broadcasting and telecommunications,2024,528400000.0,899700000.0,94926.0,-0.0009453582907922,0.0059023620044718,513,178997921.57999998,0,178997921.57999998,0.1989528971657219,539200000.0,,,,,,,,,901500000.0,,,,,,,,
Broadcasting and telecommunications,2025,539200000.0,901500000.0,93923.0,0.020439061317184,-0.0105661251922549,513,429917321.65,0,429917321.65,0.47689109445368827,,,,,,,,,,,,,,,,,,
"Data processing, internet publishing, and other information services",2009,87600000.0,141900000.0,107295.0,0.0257611241217796,0.0118924118678913,514,375856881.13,0,375856881.13,2.648744757787174,103200000.0,118300000.0,111800000.0,140300000.0,155600000.0,173400000.0,196200000.0,214200000.0,237800000.0,161300000.0,186800000.0,218900000.0,238100000.0,258800000.0,287600000.0,322900000.0,365200000.0,437500000.0
"Data processing, internet publishing, and other information services",2010,103200000.0,161300000.0,106106.0,0.1780821917808219,-0.0110815974649332,514,260445043.03,0,260445043.03,1.6146623870427774,118300000.0,111800000.0,140300000.0,155600000.0,173400000.0,196200000.0,214200000.0,237800000.0,288700000.0,186800000.0,218900000.0,238100000.0,258800000.0,287600000.0,322900000.0,365200000.0,437500000.0,490100000.0
"Data processing, internet publishing, and other information services",2011,118300000.0,186800000.0,105681.0,0.1463178294573643,-0.0040054285337304,514,143866436.71,0,143866436.71,0.7701629374197002,111800000.0,140300000.0,155600000.0,173400000.0,196200000.0,214200000.0,237800000.0,288700000.0,335400000.0,218900000.0,238100000.0,258800000.0,287600000.0,322900000.0,365200000.0,437500000.0,490100000.0,548300000.0
"Data processing, internet publishing, and other information services",2012,111800000.0,218900000.0,105276.0,-0.0549450549450549,-0.0038322877338404,514,35832138.56,0,35832138.56,0.16369181617176795,140300000.0,155600000.0,173400000.0,196200000.0,214200000.0,237800000.0,288700000.0,335400000.0,401600000.0,238100000.0,258800000.0,287600000.0,322900000.0,365200000.0,437500000.0,490100000.0,548300000.0,671400000.0
"Data processing, internet publishing, and other information services",2013,140300000.0,238100000.0,104100.0,0.2549194991055457,-0.0111706371822637,514,35832138.56,1,35832138.56,0.15049197211255777,155600000.0,173400000.0,196200000.0,214200000.0,237800000.0,288700000.0,335400000.0,401600000.0,467300000.0,258800000.0,287600000.0,322900000.0,365200000.0,437500000.0,490100000.0,548300000.0,671400000.0,749000000.0
"Data processing, internet publishing, and other information services",2014,155600000.0,258800000.0,103224.0,0.1090520313613683,-0.008414985590778,514,35832138.56,1,35832138.56,0.13845494034003092,173400000.0,196200000.0,214200000.0,237800000.0,288700000.0,335400000.0,401600000.0,467300000.0,538500000.0,287600000.0,322900000.0,365200000.0,437500000.0,490100000.0,548300000.0,671400000.0,749000000.0,813200000.0
"Data processing, internet publishing, and other information services",2015,173400000.0,287600000.0,102869.0,0.1143958868894603,-0.0034391226846469,514,35832138.56,1,35832138.56,0.12459018970792768,196200000.0,214200000.0,237800000.0,288700000.0,335400000.0,401600000.0,467300000.0,538500000.0,608500000.0,322900000.0,365200000.0,437500000.0,490100000.0,548300000.0,671400000.0,749000000.0,813200000.0,907100000.0
"Data processing, internet publishing, and other information services",2016,196200000.0,322900000.0,101089.0,0.1314878892733562,-0.0173035608395143,514,35832138.56,1,35832138.56,0.11096976946423041,214200000.0,237800000.0,288700000.0,335400000.0,401600000.0,467300000.0,538500000.0,608500000.0,695000000.0,365200000.0,437500000.0,490100000.0,548300000.0,671400000.0,749000000.0,813200000.0,907100000.0,1013300000.0
"Data processing, internet publishing, and other information services",2017,214200000.0,365200000.0,100000.0,0.0917431192660551,-0.0107726854553907,514,35832138.56,1,35832138.56,0.09811648017524645,237800000.0,288700000.0,335400000.0,401600000.0,467300000.0,538500000.0,608500000.0,695000000.0,,437500000.0,490100000.0,548300000.0,671400000.0,749000000.0,813200000.0,907100000.0,1013300000.0,
"Data processing, internet publishing, and other information services",2018,237800000.0,437500000.0,95228.0,0.1101774042950514,-0.04772,514,35832138.56,1,35832138.56,0.08190203099428572,288700000.0,335400000.0,401600000.0,467300000.0,538500000.0,608500000.0,695000000.0,,,490100000.0,548300000.0,671400000.0,749000000.0,813200000.0,907100000.0,1013300000.0,,
"Data processing, internet publishing, and other information services",2019,288700000.0,490100000.0,94958.0,0.2140454163162319,-0.0028353005418574,514,35832138.56,1,35832138.56,0.0731118925933483,335400000.0,401600000.0,467300000.0,538500000.0,608500000.0,695000000.0,,,,548300000.0,671400000.0,749000000.0,813200000.0,907100000.0,1013300000.0,,,
"Data processing, internet publishing, and other information services",2020,335400000.0,548300000.0,94083.0,0.1617596120540352,-0.0092146001390088,514,35832138.56,1,35832138.56,0.06535133788072224,401600000.0,467300000.0,538500000.0,608500000.0,695000000.0,,,,,671400000.0,749000000.0,813200000.0,907100000.0,1013300000.0,,,,
"Data processing, internet publishing, and other information services",2021,401600000.0,671400000.0,91900.0,0.1973762671437091,-0.0232029165736635,514,35832138.56,1,35832138.56,0.05336928591003873,467300000.0,538500000.0,608500000.0,695000000.0,,,,,,749000000.0,813200000.0,907100000.0,1013300000.0,,,,,
"Data processing, internet publishing, and other information services",2022,467300000.0,749000000.0,89178.0,0.1635956175298805,-0.0296191512513602,514,35832138.56,1,35832138.56,0.04783997137516689,538500000.0,608500000.0,695000000.0,,,,,,,813200000.0,907100000.0,1013300000.0,,,,,,
"Data processing, internet publishing, and other information services",2023,538500000.0,813200000.0,87505.0,0.1523646479777445,-0.0187602323443001,514,35832138.56,1,35832138.56,0.04406313152975898,608500000.0,695000000.0,,,,,,,,907100000.0,1013300000.0,,,,,,,
"Data processing, internet publishing, and other information services",2024,608500000.0,907100000.0,86951.0,0.1299907149489323,-0.0063310667961831,514,35832138.56,1,35832138.56,0.039501861492668947,695000000.0,,,,,,,,,1013300000.0,,,,,,,,
"Data processing, internet publishing, and other information services",2025,695000000.0,1013300000.0,84970.0,0.14215283483977,-0.0227829467171164,514,35832138.56,1,35832138.56,0.035361826270601006,,,,,,,,,,,,,,,,,,
Finance and insurance,2009,1408900000.0,2502700000.0,68634.0,0.2429642699603,-0.1071070810620943,52,431146782.56,0,431146782.56,0.17227265855276302,1344200000.0,1354500000.0,1492900000.0,1400200000.0,1480500000.0,1534900000.0,1541800000.0,1508000000.0,1471800000.0,2415800000.0,2449100000.0,2583300000.0,2649700000.0,2725400000.0,2770100000.0,2739300000.0,2807700000.0,2790300000.0
Finance and insurance,2010,1344200000.0,2415800000.0,73889.0,-0.0459223507701043,0.0765655506017424,52,703860805.1,0,703860805.1,0.2913572336700058,1354500000.0,1492900000.0,1400200000.0,1480500000.0,1534900000.0,1541800000.0,1508000000.0,1471800000.0,1523200000.0,2449100000.0,2583300000.0,2649700000.0,2725400000.0,2770100000.0,2739300000.0,2807700000.0,2790300000.0,2815100000.0
Finance and insurance,2011,1354500000.0,2449100000.0,75492.0,0.0076625502157416,0.02169470421849,52,660307405.68,0,660307405.68,0.26961226804948757,1492900000.0,1400200000.0,1480500000.0,1534900000.0,1541800000.0,1508000000.0,1471800000.0,1523200000.0,1556300000.0,2583300000.0,2649700000.0,2725400000.0,2770100000.0,2739300000.0,2807700000.0,2790300000.0,2815100000.0,2886900000.0
Finance and insurance,2012,1492900000.0,2583300000.0,78333.0,0.1021779254337393,0.0376331266889204,52,632691256.08,0,632691256.08,0.24491590449425155,1400200000.0,1480500000.0,1534900000.0,1541800000.0,1508000000.0,1471800000.0,1523200000.0,1556300000.0,1641600000.0,2649700000.0,2725400000.0,2770100000.0,2739300000.0,2807700000.0,2790300000.0,2815100000.0,2886900000.0,2970500000.0
Finance and insurance,2013,1400200000.0,2649700000.0,82382.0,-0.0620939111795834,0.0516895816577944,52,1024589061.21,0,1024589061.21,0.38668115681397897,1480500000.0,1534900000.0,1541800000.0,1508000000.0,1471800000.0,1523200000.0,1556300000.0,1641600000.0,1646900000.0,2725400000.0,2770100000.0,2739300000.0,2807700000.0,2790300000.0,2815100000.0,2886900000.0,2970500000.0,2969300000.0
Finance and insurance,2014,1480500000.0,2725400000.0,87517.0,0.0573489501499786,0.0623315772863002,52,1132466325.5,0,1132466325.5,0.41552297846187713,1534900000.0,1541800000.0,1508000000.0,1471800000.0,1523200000.0,1556300000.0,1641600000.0,1646900000.0,1625000000.0,2770100000.0,2739300000.0,2807700000.0,2790300000.0,2815100000.0,2886900000.0,2970500000.0,2969300000.0,3161000000.0
Finance and insurance,2015,1534900000.0,2770100000.0,90596.0,0.036744343127322,0.0351817361198396,52,1022866400.53,0,1022866400.53,0.36925251815096927,1541800000.0,1508000000.0,1471800000.0,1523200000.0,1556300000.0,1641600000.0,1646900000.0,1625000000.0,1627200000.0,2739300000.0,2807700000.0,2790300000.0,2815100000.0,2886900000.0,2970500000.0,2969300000.0,3161000000.0,3245300000.0
Finance and insurance,2016,1541800000.0,2739300000.0,95660.0,0.0044954068668967,0.055896507572078,52,1040358402.18,0,1040358402.18,0.3797898741211258,1508000000.0,1471800000.0,1523200000.0,1556300000.0,1641600000.0,1646900000.0,1625000000.0,1627200000.0,1682700000.0,2807700000.0,2790300000.0,2815100000.0,2886900000.0,2970500000.0,2969300000.0,3161000000.0,3245300000.0,3307300000.0
Finance and insurance,2017,1508000000.0,2807700000.0,100000.0,-0.0219224283305227,0.0453690152623875,52,972918936.1,0,972918936.1,0.3465181237667842,1471800000.0,1523200000.0,1556300000.0,1641600000.0,1646900000.0,1625000000.0,1627200000.0,1682700000.0,,2790300000.0,2815100000.0,2886900000.0,2970500000.0,2969300000.0,3161000000.0,3245300000.0,3307300000.0,
Finance and insurance,2018,1471800000.0,2790300000.0,106999.0,-0.0240053050397878,0.06999,52,1046397024.56,0,1046397024.56,0.37501237306382823,1523200000.0,1556300000.0,1641600000.0,1646900000.0,1625000000.0,1627200000.0,1682700000.0,,,2815100000.0,2886900000.0,2970500000.0,2969300000.0,3161000000.0,3245300000.0,3307300000.0,,
Finance and insurance,2019,1523200000.0,2815100000.0,108476.0,0.0349232232640304,0.0138038673258629,52,840797615.51,0,840797615.51,0.29867415562857447,1556300000.0,1641600000.0,1646900000.0,1625000000.0,1627200000.0,1682700000.0,,,,2886900000.0,2970500000.0,2969300000.0,3161000000.0,3245300000.0,3307300000.0,,,
Finance and insurance,2020,1556300000.0,2886900000.0,110445.0,0.0217305672268905,0.0181514805118181,52,1000136655.2,0,1000136655.2,0.34643966025840867,1641600000.0,1646900000.0,1625000000.0,1627200000.0,1682700000.0,,,,,2970500000.0,2969300000.0,3161000000.0,3245300000.0,3307300000.0,,,,
Finance and insurance,2021,1641600000.0,2970500000.0,113446.0,0.0548094840326414,0.0271718955136039,52,1014456307.79,0,1014456307.79,0.34151028708634906,1646900000.0,1625000000.0,1627200000.0,1682700000.0,,,,,,2969300000.0,3161000000.0,3245300000.0,3307300000.0,,,,,
Finance and insurance,2022,1646900000.0,2969300000.0,120385.0,0.0032285575048733,0.0611656647215415,52,1068584402.58,0,1068584402.58,0.3598775477654666,1625000000.0,1627200000.0,1682700000.0,,,,,,,3161000000.0,3245300000.0,3307300000.0,,,,,,
Finance and insurance,2023,1625000000.0,3161000000.0,127740.0,-0.0132977108506892,0.0610956514515927,52,1319602888.69,0,1319602888.69,0.4174637420721291,1627200000.0,1682700000.0,,,,,,,,3245300000.0,3307300000.0,,,,,,,
Finance and insurance,2024,1627200000.0,3245300000.0,136991.0,0.0013538461538462,0.0724205417253798,52,1468957470.04,0,1468957470.04,0.4526415031091116,1682700000.0,,,,,,,,,3307300000.0,,,,,,,,
Finance and insurance,2025,1682700000.0,3307300000.0,145091.0,0.0341076696165192,0.0591279719105635,52,1415192721.89,0,1415192721.89,0.42789971332809246,,,,,,,,,,,,,,,,,,
"Federal Reserve banks, credit intermediation, and related activities",2009,692000000.0,1046300000.0,59099.0,0.2297849653456547,-0.1994717236708433,521,,1,0.0,0.0,636100000.0,703200000.0,758900000.0,702700000.0,724100000.0,714500000.0,682500000.0,648900000.0,622900000.0,953800000.0,948800000.0,1006200000.0,1025100000.0,1045900000.0,1043700000.0,1043300000.0,1057900000.0,1032600000.0
"Federal Reserve banks, credit intermediation, and related activities",2010,636100000.0,953800000.0,65948.0,-0.0807803468208092,0.1158902857916377,521,,1,0.0,0.0,703200000.0,758900000.0,702700000.0,724100000.0,714500000.0,682500000.0,648900000.0,622900000.0,651400000.0,948800000.0,1006200000.0,1025100000.0,1045900000.0,1043700000.0,1043300000.0,1057900000.0,1032600000.0,1014300000.0
"Federal Reserve banks, credit intermediation, and related activities",2011,703200000.0,948800000.0,65635.0,0.1054865587171829,-0.004746163644083,521,,1,0.0,0.0,758900000.0,702700000.0,724100000.0,714500000.0,682500000.0,648900000.0,622900000.0,651400000.0,695900000.0,1006200000.0,1025100000.0,1045900000.0,1043700000.0,1043300000.0,1057900000.0,1032600000.0,1014300000.0,1052700000.0
"Federal Reserve banks, credit intermediation, and related activities",2012,758900000.0,1006200000.0,68480.0,0.0792093287827075,0.0433457758817703,521,,1,0.0,0.0,702700000.0,724100000.0,714500000.0,682500000.0,648900000.0,622900000.0,651400000.0,695900000.0,740500000.0,1025100000.0,1045900000.0,1043700000.0,1043300000.0,1057900000.0,1032600000.0,1014300000.0,1052700000.0,1061400000.0
"Federal Reserve banks, credit intermediation, and related activities",2013,702700000.0,1025100000.0,72583.0,-0.0740545526419816,0.0599153037383177,521,,1,0.0,0.0,724100000.0,714500000.0,682500000.0,648900000.0,622900000.0,651400000.0,695900000.0,740500000.0,687200000.0,1045900000.0,1043700000.0,1043300000.0,1057900000.0,1032600000.0,1014300000.0,1052700000.0,1061400000.0,981300000.0
"Federal Reserve banks, credit intermediation, and related activities",2014,724100000.0,1045900000.0,77700.0,0.030453963284474,0.0704986016009259,521,,1,0.0,0.0,714500000.0,682500000.0,648900000.0,622900000.0,651400000.0,695900000.0,740500000.0,687200000.0,665200000.0,1043700000.0,1043300000.0,1057900000.0,1032600000.0,1014300000.0,1052700000.0,1061400000.0,981300000.0,1023900000.0
"Federal Reserve banks, credit intermediation, and related activities",2015,714500000.0,1043700000.0,81931.0,-0.0132578373152879,0.0544530244530243,521,,1,0.0,0.0,682500000.0,648900000.0,622900000.0,651400000.0,695900000.0,740500000.0,687200000.0,665200000.0,669900000.0,1043300000.0,1057900000.0,1032600000.0,1014300000.0,1052700000.0,1061400000.0,981300000.0,1023900000.0,1007900000.0
"Federal Reserve banks, credit intermediation, and related activities",2016,682500000.0,1043300000.0,91165.0,-0.0447865640307907,0.1127045928891385,521,,1,0.0,0.0,648900000.0,622900000.0,651400000.0,695900000.0,740500000.0,687200000.0,665200000.0,669900000.0,695500000.0,1057900000.0,1032600000.0,1014300000.0,1052700000.0,1061400000.0,981300000.0,1023900000.0,1007900000.0,1025600000.0
"Federal Reserve banks, credit intermediation, and related activities",2017,648900000.0,1057900000.0,100000.0,-0.0492307692307693,0.0969121921790159,521,,1,0.0,0.0,622900000.0,651400000.0,695900000.0,740500000.0,687200000.0,665200000.0,669900000.0,695500000.0,,1032600000.0,1014300000.0,1052700000.0,1061400000.0,981300000.0,1023900000.0,1007900000.0,1025600000.0,
"Federal Reserve banks, credit intermediation, and related activities",2018,622900000.0,1032600000.0,110230.0,-0.0400678070580983,0.1023,521,,1,0.0,0.0,651400000.0,695900000.0,740500000.0,687200000.0,665200000.0,669900000.0,695500000.0,,,1014300000.0,1052700000.0,1061400000.0,981300000.0,1023900000.0,1007900000.0,1025600000.0,,
"Federal Reserve banks, credit intermediation, and related activities",2019,651400000.0,1014300000.0,113616.0,0.0457537325413388,0.0307175904926062,521,,1,0.0,0.0,695900000.0,740500000.0,687200000.0,665200000.0,669900000.0,695500000.0,,,,1052700000.0,1061400000.0,981300000.0,1023900000.0,1007900000.0,1025600000.0,,,
"Federal Reserve banks, credit intermediation, and related activities",2020,695900000.0,1052700000.0,111051.0,0.0683143997543751,-0.0225760456273763,521,,1,0.0,0.0,740500000.0,687200000.0,665200000.0,669900000.0,695500000.0,,,,,1061400000.0,981300000.0,1023900000.0,1007900000.0,1025600000.0,,,,
"Federal Reserve banks, credit intermediation, and related activities",2021,740500000.0,1061400000.0,113994.0,0.0640896680557552,0.0265013372234379,521,,1,0.0,0.0,687200000.0,665200000.0,669900000.0,695500000.0,,,,,,981300000.0,1023900000.0,1007900000.0,1025600000.0,,,,,
"Federal Reserve banks, credit intermediation, and related activities",2022,687200000.0,981300000.0,132112.0,-0.0719783929777176,0.1589381897292838,521,,1,0.0,0.0,665200000.0,669900000.0,695500000.0,,,,,,,1023900000.0,1007900000.0,1025600000.0,,,,,,
"Federal Reserve banks, credit intermediation, and related activities",2023,665200000.0,1023900000.0,142317.0,-0.0320139697322467,0.0772450647935085,521,,1,0.0,0.0,669900000.0,695500000.0,,,,,,,,1007900000.0,1025600000.0,,,,,,,
"Federal Reserve banks, credit intermediation, and related activities",2024,669900000.0,1007900000.0,151251.0,0.0070655441972338,0.062775353612007,521,,1,0.0,0.0,695500000.0,,,,,,,,,1025600000.0,,,,,,,,
"Federal Reserve banks, credit intermediation, and related activities",2025,695500000.0,1025600000.0,157159.0,0.0382146589043141,0.0390608987709171,521,,1,0.0,0.0,,,,,,,,,,,,,,,,,,
"Securities, commodity contracts, and investments",2009,357800000.0,643500000.0,53215.0,1.3083870967741935,-0.1745517155798225,523,420381915.83,0,420381915.83,0.6532741504739704,330300000.0,260800000.0,330900000.0,308900000.0,248500000.0,245500000.0,274600000.0,283400000.0,273600000.0,625700000.0,588000000.0,601300000.0,594600000.0,583200000.0,572400000.0,554500000.0,549300000.0,550900000.0
"Securities, commodity contracts, and investments",2010,330300000.0,625700000.0,59548.0,-0.0768585802124092,0.1190077985530395,523,363244650.68,0,363244650.68,0.5805412349049065,260800000.0,330900000.0,308900000.0,248500000.0,245500000.0,274600000.0,283400000.0,273600000.0,257400000.0,588000000.0,601300000.0,594600000.0,583200000.0,572400000.0,554500000.0,549300000.0,550900000.0,569600000.0
"Securities, commodity contracts, and investments",2011,260800000.0,588000000.0,66504.0,-0.210414774447472,0.1168133270638813,523,288538490.0,0,288538490.0,0.49071171768707483,330900000.0,308900000.0,248500000.0,245500000.0,274600000.0,283400000.0,273600000.0,257400000.0,271200000.0,601300000.0,594600000.0,583200000.0,572400000.0,554500000.0,549300000.0,550900000.0,569600000.0,584300000.0
"Securities, commodity contracts, and investments",2012,330900000.0,601300000.0,70366.0,0.2687883435582821,0.0580716949356427,523,331966877.29,0,331966877.29,0.5520819512556129,308900000.0,248500000.0,245500000.0,274600000.0,283400000.0,273600000.0,257400000.0,271200000.0,273600000.0,594600000.0,583200000.0,572400000.0,554500000.0,549300000.0,550900000.0,569600000.0,584300000.0,603800000.0
"Securities, commodity contracts, and investments",2013,308900000.0,594600000.0,79853.0,-0.0664853430039287,0.1348236364153141,523,546322200.45,0,546322200.45,0.9188062570635722,248500000.0,245500000.0,274600000.0,283400000.0,273600000.0,257400000.0,271200000.0,273600000.0,302600000.0,583200000.0,572400000.0,554500000.0,549300000.0,550900000.0,569600000.0,584300000.0,603800000.0,626600000.0
"Securities, commodity contracts, and investments",2014,248500000.0,583200000.0,91782.0,-0.1955325348009063,0.1493869986099458,523,1001278014.42,0,1001278014.42,1.7168690233539095,245500000.0,274600000.0,283400000.0,273600000.0,257400000.0,271200000.0,273600000.0,302600000.0,309200000.0,572400000.0,554500000.0,549300000.0,550900000.0,569600000.0,584300000.0,603800000.0,626600000.0,711000000.0
"Securities, commodity contracts, and investments",2015,245500000.0,572400000.0,94218.0,-0.0120724346076458,0.0265411518598419,523,857632757.25,0,857632757.25,1.498310197851153,274600000.0,283400000.0,273600000.0,257400000.0,271200000.0,273600000.0,302600000.0,309200000.0,310600000.0,554500000.0,549300000.0,550900000.0,569600000.0,584300000.0,603800000.0,626600000.0,711000000.0,748500000.0
"Securities, commodity contracts, and investments",2016,274600000.0,554500000.0,94050.0,0.1185336048879837,-0.0017830987709355,523,526680467.68,0,526680467.68,0.9498295179080253,283400000.0,273600000.0,257400000.0,271200000.0,273600000.0,302600000.0,309200000.0,310600000.0,327000000.0,549300000.0,550900000.0,569600000.0,584300000.0,603800000.0,626600000.0,711000000.0,748500000.0,790400000.0
"Securities, commodity contracts, and investments",2017,283400000.0,549300000.0,100000.0,0.0320466132556445,0.063264221158958,523,758876633.15,0,758876633.15,1.3815340126524667,273600000.0,257400000.0,271200000.0,273600000.0,302600000.0,309200000.0,310600000.0,327000000.0,,550900000.0,569600000.0,584300000.0,603800000.0,626600000.0,711000000.0,748500000.0,790400000.0,
"Securities, commodity contracts, and investments",2018,273600000.0,550900000.0,106606.0,-0.0345800988002821,0.06606,523,656124299.16,0,656124299.16,1.1910043549827554,257400000.0,271200000.0,273600000.0,302600000.0,309200000.0,310600000.0,327000000.0,,,569600000.0,584300000.0,603800000.0,626600000.0,711000000.0,748500000.0,790400000.0,,
"Securities, commodity contracts, and investments",2019,257400000.0,569600000.0,108408.0,-0.0592105263157896,0.0169033637881546,523,853295821.4599999,0,853295821.4599999,1.498061484304775,271200000.0,273600000.0,302600000.0,309200000.0,310600000.0,327000000.0,,,,584300000.0,603800000.0,626600000.0,711000000.0,748500000.0,790400000.0,,,
"Securities, commodity contracts, and investments",2020,271200000.0,584300000.0,114391.0,0.0536130536130536,0.0551896539000811,523,713462628.8299999,0,713462628.8299999,1.221055329163101,273600000.0,302600000.0,309200000.0,310600000.0,327000000.0,,,,,603800000.0,626600000.0,711000000.0,748500000.0,790400000.0,,,,
"Securities, commodity contracts, and investments",2021,273600000.0,603800000.0,130905.0,0.0088495575221241,0.1443645042005052,523,652504072.73,0,652504072.73,1.0806625914706858,302600000.0,309200000.0,310600000.0,327000000.0,,,,,,626600000.0,711000000.0,748500000.0,790400000.0,,,,,
"Securities, commodity contracts, and investments",2022,302600000.0,626600000.0,115403.0,0.1059941520467835,-0.1184217562354378,523,123191705.33,0,123191705.33,0.19660342376316628,309200000.0,310600000.0,327000000.0,,,,,,,711000000.0,748500000.0,790400000.0,,,,,,
"Securities, commodity contracts, and investments",2023,309200000.0,711000000.0,115462.0,0.021810971579643,0.0005112518738681,523,227733301.32,0,227733301.32,0.32030000185654006,310600000.0,327000000.0,,,,,,,,748500000.0,790400000.0,,,,,,,
"Securities, commodity contracts, and investments",2024,310600000.0,748500000.0,127542.0,0.0045278137128073,0.1046231660632934,523,1088232476.81,0,1088232476.81,1.4538844045557782,327000000.0,,,,,,,,,790400000.0,,,,,,,,
"Securities, commodity contracts, and investments",2025,327000000.0,790400000.0,142478.0,0.0528010302640051,0.1171065217732199,523,104768044.28,0,104768044.28,0.1325506633097166,,,,,,,,,,,,,,,,,,
Insurance carriers and related activities,2009,398800000.0,711400000.0,91710.0,0.0160509554140126,0.0301947833119902,524,9991575923.94,0,9991575923.94,14.044947882963172,400200000.0,406100000.0,423500000.0,401400000.0,500300000.0,566300000.0,581300000.0,568900000.0,575200000.0,719100000.0,779200000.0,844900000.0,875400000.0,935900000.0,976800000.0,981600000.0,1043100000.0,1066000000.0
Insurance carriers and related activities,2010,400200000.0,719100000.0,93314.0,0.0035105315947843,0.017489913858903,524,10568897149.88,0,10568897149.88,14.697395563732442,406100000.0,423500000.0,401400000.0,500300000.0,566300000.0,581300000.0,568900000.0,575200000.0,614500000.0,779200000.0,844900000.0,875400000.0,935900000.0,976800000.0,981600000.0,1043100000.0,1066000000.0,1096900000.0
Insurance carriers and related activities,2011,406100000.0,779200000.0,94917.0,0.0147426286856573,0.0171785584156718,524,11277211017.65,0,11277211017.65,14.472806747497433,423500000.0,401400000.0,500300000.0,566300000.0,581300000.0,568900000.0,575200000.0,614500000.0,587800000.0,844900000.0,875400000.0,935900000.0,976800000.0,981600000.0,1043100000.0,1066000000.0,1096900000.0,1111600000.0
Insurance carriers and related activities,2012,423500000.0,844900000.0,96074.0,0.0428465895099727,0.0121895972270509,524,11315596852.29,0,11315596852.29,13.392823828015151,401400000.0,500300000.0,566300000.0,581300000.0,568900000.0,575200000.0,614500000.0,587800000.0,607800000.0,875400000.0,935900000.0,976800000.0,981600000.0,1043100000.0,1066000000.0,1096900000.0,1111600000.0,1162600000.0
Insurance carriers and related activities,2013,401400000.0,875400000.0,96735.0,-0.0521841794569067,0.0068801132460394,524,11279315440.66,0,11279315440.66,12.884756043705734,500300000.0,566300000.0,581300000.0,568900000.0,575200000.0,614500000.0,587800000.0,607800000.0,662300000.0,935900000.0,976800000.0,981600000.0,1043100000.0,1066000000.0,1096900000.0,1111600000.0,1162600000.0,1233600000.0
Insurance carriers and related activities,2014,500300000.0,935900000.0,98608.0,0.2463876432486298,0.0193621750142141,524,12973488383.81,0,12973488383.81,13.862045500384657,566300000.0,581300000.0,568900000.0,575200000.0,614500000.0,587800000.0,607800000.0,662300000.0,659300000.0,976800000.0,981600000.0,1043100000.0,1066000000.0,1096900000.0,1111600000.0,1162600000.0,1233600000.0,1273200000.0
Insurance carriers and related activities,2015,566300000.0,976800000.0,99869.0,0.131920847491505,0.0127880090864838,524,12285664357.98,0,12285664357.98,12.577461463943488,581300000.0,568900000.0,575200000.0,614500000.0,587800000.0,607800000.0,662300000.0,659300000.0,655300000.0,981600000.0,1043100000.0,1066000000.0,1096900000.0,1111600000.0,1162600000.0,1233600000.0,1273200000.0,1319300000.0
Insurance carriers and related activities,2016,581300000.0,981600000.0,100972.0,0.026487727352993,0.0110444682534118,524,12955871953.99,0,12955871953.99,13.198728559484515,568900000.0,575200000.0,614500000.0,587800000.0,607800000.0,662300000.0,659300000.0,655300000.0,657400000.0,1043100000.0,1066000000.0,1096900000.0,1111600000.0,1162600000.0,1233600000.0,1273200000.0,1319300000.0,1315600000.0
Insurance carriers and related activities,2017,568900000.0,1043100000.0,100000.0,-0.0213314983657318,-0.0096264310898069,524,13152033499.7,0,13152033499.7,12.608602722366024,575200000.0,614500000.0,587800000.0,607800000.0,662300000.0,659300000.0,655300000.0,657400000.0,,1066000000.0,1096900000.0,1111600000.0,1162600000.0,1233600000.0,1273200000.0,1319300000.0,1315600000.0,
Insurance carriers and related activities,2018,575200000.0,1066000000.0,103547.0,0.0110740024608895,0.0354699999999998,524,13305618579.9,0,13305618579.9,12.481818555253282,614500000.0,587800000.0,607800000.0,662300000.0,659300000.0,655300000.0,657400000.0,,,1096900000.0,1111600000.0,1162600000.0,1233600000.0,1273200000.0,1319300000.0,1315600000.0,,
Insurance carriers and related activities,2019,614500000.0,1096900000.0,102745.0,0.0683240611961055,-0.00774527509247,524,13794593109.85,0,13794593109.85,12.575980590619018,587800000.0,607800000.0,662300000.0,659300000.0,655300000.0,657400000.0,,,,1111600000.0,1162600000.0,1233600000.0,1273200000.0,1319300000.0,1315600000.0,,,
Insurance carriers and related activities,2020,587800000.0,1111600000.0,107958.0,-0.0434499593165175,0.0507372621538759,524,16221224597.279999,0,16221224597.279999,14.592681357754588,607800000.0,662300000.0,659300000.0,655300000.0,657400000.0,,,,,1162600000.0,1233600000.0,1273200000.0,1319300000.0,1315600000.0,,,,
Insurance carriers and related activities,2021,607800000.0,1162600000.0,104884.0,0.0340251786321879,-0.0284740361992626,524,27239065219.3,0,27239065219.3,23.429438516514708,662300000.0,659300000.0,655300000.0,657400000.0,,,,,,1233600000.0,1273200000.0,1319300000.0,1315600000.0,,,,,
Insurance carriers and related activities,2022,662300000.0,1233600000.0,106982.0,0.0896676538334979,0.0200030509896647,524,37585638727.6,0,37585638727.6,30.468254480869,659300000.0,655300000.0,657400000.0,,,,,,,1273200000.0,1319300000.0,1315600000.0,,,,,,
Insurance carriers and related activities,2023,659300000.0,1273200000.0,113703.0,-0.0045296693341385,0.0628236525770691,524,39649398545.42,0,39649398545.42,31.141532002371974,655300000.0,657400000.0,,,,,,,,1319300000.0,1315600000.0,,,,,,,
Insurance carriers and related activities,2024,655300000.0,1319300000.0,120837.0,-0.0060670408008494,0.0627424078520355,524,44602222848.8,0,44602222848.8,33.80749097915562,657400000.0,,,,,,,,,1315600000.0,,,,,,,,
Insurance carriers and related activities,2025,657400000.0,1315600000.0,128213.0,0.0032046390965969,0.0610409063449108,524,48116325051.27,0,48116325051.27,36.57367364797051,,,,,,,,,,,,,,,,,,
"Funds, trusts, and other financial vehicles",2009,400000.0,137600000.0,440351.0,-0.8461538461538461,0.7805484570097689,525,15973378.0,1,15973378.0,0.11608559593023256,3000000.0,9800000.0,23000000.0,31500000.0,68300000.0,33500000.0,4200000.0,6800000.0,600000.0,141300000.0,144900000.0,139600000.0,161300000.0,163700000.0,178000000.0,160700000.0,157400000.0,141400000.0
"Funds, trusts, and other financial vehicles",2010,3000000.0,141300000.0,119639.0,6.5,-0.728309916407593,525,15973378.0,1,15973378.0,0.11304584571832979,9800000.0,23000000.0,31500000.0,68300000.0,33500000.0,4200000.0,6800000.0,600000.0,800000.0,144900000.0,139600000.0,161300000.0,163700000.0,178000000.0,160700000.0,157400000.0,141400000.0,136200000.0
"Funds, trusts, and other financial vehicles",2011,9800000.0,144900000.0,21708.0,2.266666666666667,-0.8185541504024607,525,15973378.0,1,15973378.0,0.11023725327812284,23000000.0,31500000.0,68300000.0,33500000.0,4200000.0,6800000.0,600000.0,800000.0,400000.0,139600000.0,161300000.0,163700000.0,178000000.0,160700000.0,157400000.0,141400000.0,136200000.0,139800000.0
"Funds, trusts, and other financial vehicles",2012,23000000.0,139600000.0,43628.0,1.3469387755102038,1.0097659848903633,525,15973378.0,1,15973378.0,0.11442247851002865,31500000.0,68300000.0,33500000.0,4200000.0,6800000.0,600000.0,800000.0,400000.0,12700000.0,161300000.0,163700000.0,178000000.0,160700000.0,157400000.0,141400000.0,136200000.0,139800000.0,144900000.0
"Funds, trusts, and other financial vehicles",2013,31500000.0,161300000.0,26993.0,0.3695652173913044,-0.3812918309342624,525,15973378.0,1,15973378.0,0.0990290018598884,68300000.0,33500000.0,4200000.0,6800000.0,600000.0,800000.0,400000.0,12700000.0,1400000.0,163700000.0,178000000.0,160700000.0,157400000.0,141400000.0,136200000.0,139800000.0,144900000.0,138600000.0
"Funds, trusts, and other financial vehicles",2014,68300000.0,163700000.0,17036.0,1.168253968253968,-0.3688734116252361,525,15973378.0,1,15973378.0,0.09757714111178986,33500000.0,4200000.0,6800000.0,600000.0,800000.0,400000.0,12700000.0,1400000.0,1300000.0,178000000.0,160700000.0,157400000.0,141400000.0,136200000.0,139800000.0,144900000.0,138600000.0,162200000.0
"Funds, trusts, and other financial vehicles",2015,33500000.0,178000000.0,24871.0,-0.5095168374816983,0.4599084292087343,525,15973378.0,1,15973378.0,0.0897380786516854,4200000.0,6800000.0,600000.0,800000.0,400000.0,12700000.0,1400000.0,1300000.0,1200000.0,160700000.0,157400000.0,141400000.0,136200000.0,139800000.0,144900000.0,138600000.0,162200000.0,183100000.0
"Funds, trusts, and other financial vehicles",2016,4200000.0,160700000.0,178137.0,-0.8746268656716418,6.162438181014033,525,15973378.0,1,15973378.0,0.09939874299937772,6800000.0,600000.0,800000.0,400000.0,12700000.0,1400000.0,1300000.0,1200000.0,1700000.0,157400000.0,141400000.0,136200000.0,139800000.0,144900000.0,138600000.0,162200000.0,183100000.0,186900000.0
"Funds, trusts, and other financial vehicles",2017,6800000.0,157400000.0,100000.0,0.6190476190476188,-0.438634309548269,525,15973378.0,1,15973378.0,0.10148270648030495,600000.0,800000.0,400000.0,12700000.0,1400000.0,1300000.0,1200000.0,1700000.0,,141400000.0,136200000.0,139800000.0,144900000.0,138600000.0,162200000.0,183100000.0,186900000.0,
"Funds, trusts, and other financial vehicles",2018,600000.0,141400000.0,149942.0,-0.9117647058823528,0.49942,525,15973378.0,1,15973378.0,0.1129658981612447,800000.0,400000.0,12700000.0,1400000.0,1300000.0,1200000.0,1700000.0,,,136200000.0,139800000.0,144900000.0,138600000.0,162200000.0,183100000.0,186900000.0,,
"Funds, trusts, and other financial vehicles",2019,800000.0,136200000.0,214845.0,0.3333333333333335,0.4328540368942657,525,15973378.0,1,15973378.0,0.11727883994126286,400000.0,12700000.0,1400000.0,1300000.0,1200000.0,1700000.0,,,,139800000.0,144900000.0,138600000.0,162200000.0,183100000.0,186900000.0,,,
"Funds, trusts, and other financial vehicles",2020,400000.0,139800000.0,312501.0,-0.5,0.4545416463031486,525,15973378.0,1,15973378.0,0.11425878397711016,12700000.0,1400000.0,1300000.0,1200000.0,1700000.0,,,,,144900000.0,138600000.0,162200000.0,183100000.0,186900000.0,,,,
"Funds, trusts, and other financial vehicles",2021,12700000.0,144900000.0,177523.0,30.75,-0.4319282178297029,525,15973378.0,0,15973378.0,0.11023725327812284,1400000.0,1300000.0,1200000.0,1700000.0,,,,,,138600000.0,162200000.0,183100000.0,186900000.0,,,,,
"Funds, trusts, and other financial vehicles",2022,1400000.0,138600000.0,1244955.0,-0.889763779527559,6.012922269227086,525,14942446.67,0,14942446.67,0.10780986053391053,1300000.0,1200000.0,1700000.0,,,,,,,162200000.0,183100000.0,186900000.0,,,,,,
"Funds, trusts, and other financial vehicles",2023,1300000.0,162200000.0,1792127.0,-0.0714285714285712,0.4395114682860024,525,14942446.67,1,14942446.67,0.09212359229346485,1200000.0,1700000.0,,,,,,,,183100000.0,186900000.0,,,,,,,
"Funds, trusts, and other financial vehicles",2024,1200000.0,183100000.0,2323579.0,-0.0769230769230769,0.296548179900197,525,14942446.67,1,14942446.67,0.08160811944292737,1700000.0,,,,,,,,,186900000.0,,,,,,,,
"Funds, trusts, and other financial vehicles",2025,1700000.0,186900000.0,2167321.0,0.4166666666666667,-0.0672488432715221,525,14942446.67,1,14942446.67,0.07994888533975388,,,,,,,,,,,,,,,,,,
Real estate and rental and leasing,2009,2205900000.0,3039700000.0,87773.0,-0.0251027533477702,0.0211743627331215,53,6711000.0,1,6711000.0,0.0022077836628614667,2301400000.0,2352800000.0,2388300000.0,2455800000.0,2466600000.0,2460100000.0,2480900000.0,2525000000.0,2622800000.0,3156500000.0,3202500000.0,3285800000.0,3403500000.0,3474000000.0,3550100000.0,3623000000.0,3647400000.0,3734300000.0
Real estate and rental and leasing,2010,2301400000.0,3156500000.0,86784.0,0.0432929869894374,-0.0112677019128888,53,6711000.0,1,6711000.0,0.002126089022651671,2352800000.0,2388300000.0,2455800000.0,2466600000.0,2460100000.0,2480900000.0,2525000000.0,2622800000.0,2662200000.0,3202500000.0,3285800000.0,3403500000.0,3474000000.0,3550100000.0,3623000000.0,3647400000.0,3734300000.0,3841700000.0
Real estate and rental and leasing,2011,2352800000.0,3202500000.0,87482.0,0.0223342313374468,0.0080429572271385,53,6711000.0,1,6711000.0,0.002095550351288056,2388300000.0,2455800000.0,2466600000.0,2460100000.0,2480900000.0,2525000000.0,2622800000.0,2662200000.0,2691900000.0,3285800000.0,3403500000.0,3474000000.0,3550100000.0,3623000000.0,3647400000.0,3734300000.0,3841700000.0,3849800000.0
Real estate and rental and leasing,2012,2388300000.0,3285800000.0,88754.0,0.0150884053043183,0.0145401339704167,53,6711000.0,1,6711000.0,0.0020424249802179074,2455800000.0,2466600000.0,2460100000.0,2480900000.0,2525000000.0,2622800000.0,2662200000.0,2691900000.0,2855800000.0,3403500000.0,3474000000.0,3550100000.0,3623000000.0,3647400000.0,3734300000.0,3841700000.0,3849800000.0,4206300000.0
Real estate and rental and leasing,2013,2455800000.0,3403500000.0,90203.0,0.0282627810576561,0.0163260247425467,53,6711000.0,1,6711000.0,0.0019717937417364478,2466600000.0,2460100000.0,2480900000.0,2525000000.0,2622800000.0,2662200000.0,2691900000.0,2855800000.0,3021900000.0,3474000000.0,3550100000.0,3623000000.0,3647400000.0,3734300000.0,3841700000.0,3849800000.0,4206300000.0,4367800000.0
Real estate and rental and leasing,2014,2466600000.0,3474000000.0,92200.0,0.0043977522599558,0.0221389532498919,53,6711000.0,0,6711000.0,0.0019317789291882555,2460100000.0,2480900000.0,2525000000.0,2622800000.0,2662200000.0,2691900000.0,2855800000.0,3021900000.0,3105700000.0,3550100000.0,3623000000.0,3647400000.0,3734300000.0,3841700000.0,3849800000.0,4206300000.0,4367800000.0,4516100000.0
Real estate and rental and leasing,2015,2460100000.0,3550100000.0,95039.0,-0.0026352063569285,0.0307917570498914,53,6711000.0,1,6711000.0,0.001890369285372243,2480900000.0,2525000000.0,2622800000.0,2662200000.0,2691900000.0,2855800000.0,3021900000.0,3105700000.0,3167300000.0,3623000000.0,3647400000.0,3734300000.0,3841700000.0,3849800000.0,4206300000.0,4367800000.0,4516100000.0,4576200000.0
Real estate and rental and leasing,2016,2480900000.0,3623000000.0,97539.0,0.0084549408560627,0.0263049905828134,53,6711000.0,1,6711000.0,0.0018523323212807066,2525000000.0,2622800000.0,2662200000.0,2691900000.0,2855800000.0,3021900000.0,3105700000.0,3167300000.0,3260100000.0,3647400000.0,3734300000.0,3841700000.0,3849800000.0,4206300000.0,4367800000.0,4516100000.0,4576200000.0,4648400000.0
Real estate and rental and leasing,2017,2525000000.0,3647400000.0,100000.0,0.0177758071667539,0.0252309332677185,53,6711000.0,1,6711000.0,0.0018399407797335089,2622800000.0,2662200000.0,2691900000.0,2855800000.0,3021900000.0,3105700000.0,3167300000.0,3260100000.0,,3734300000.0,3841700000.0,3849800000.0,4206300000.0,4367800000.0,4516100000.0,4576200000.0,4648400000.0,
Real estate and rental and leasing,2018,2622800000.0,3734300000.0,102312.0,0.0387326732673267,0.02312,53,6711000.0,1,6711000.0,0.0017971239589749082,2662200000.0,2691900000.0,2855800000.0,3021900000.0,3105700000.0,3167300000.0,3260100000.0,,,3841700000.0,3849800000.0,4206300000.0,4367800000.0,4516100000.0,4576200000.0,4648400000.0,,
Real estate and rental and leasing,2019,2662200000.0,3841700000.0,105397.0,0.0150221137715418,0.0301528657439988,53,6711000.0,1,6711000.0,0.0017468828903870683,2691900000.0,2855800000.0,3021900000.0,3105700000.0,3167300000.0,3260100000.0,,,,3849800000.0,4206300000.0,4367800000.0,4516100000.0,4576200000.0,4648400000.0,,,
Real estate and rental and leasing,2020,2691900000.0,3849800000.0,108290.0,0.0111561866125762,0.0274485991062363,53,6711000.0,1,6711000.0,0.0017432074393474986,2855800000.0,3021900000.0,3105700000.0,3167300000.0,3260100000.0,,,,,4206300000.0,4367800000.0,4516100000.0,4576200000.0,4648400000.0,,,,
Real estate and rental and leasing,2021,2855800000.0,4206300000.0,110382.0,0.0608863627920799,0.019318496629421,53,6711000.0,1,6711000.0,0.0015954639469367377,3021900000.0,3105700000.0,3167300000.0,3260100000.0,,,,,,4367800000.0,4516100000.0,4576200000.0,4648400000.0,,,,,
Real estate and rental and leasing,2022,3021900000.0,4367800000.0,114910.0,0.0581623362980601,0.0410211809896541,53,6711000.0,1,6711000.0,0.0015364714501579742,3105700000.0,3167300000.0,3260100000.0,,,,,,,4516100000.0,4576200000.0,4648400000.0,,,,,,
Real estate and rental and leasing,2023,3105700000.0,4516100000.0,122602.0,0.0277308977795425,0.0669393438343051,53,6711000.0,1,6711000.0,0.001486016695821616,3167300000.0,3260100000.0,,,,,,,,4576200000.0,4648400000.0,,,,,,,
Real estate and rental and leasing,2024,3167300000.0,4576200000.0,127945.0,0.0198344978587758,0.0435800394773331,53,6711000.0,1,6711000.0,0.001466500590009178,3260100000.0,,,,,,,,,4648400000.0,,,,,,,,
Real estate and rental and leasing,2025,3260100000.0,4648400000.0,130016.0,0.0292994032772391,0.0161866426980343,53,6711000.0,1,6711000.0,0.001443722571207297,,,,,,,,,,,,,,,,,,
Real estate,2009,2043200000.0,2774500000.0,86790.0,-0.0157996146435452,0.0201107206243611,531,404559703.55,0,404559703.55,0.14581355327085962,2142800000.0,2193400000.0,2219500000.0,2281100000.0,2287500000.0,2265200000.0,2272300000.0,2312800000.0,2398000000.0,2874800000.0,2908000000.0,2981200000.0,3081100000.0,3131100000.0,3211300000.0,3277000000.0,3298700000.0,3361800000.0
Real estate,2010,2142800000.0,2874800000.0,85724.0,0.0487470634299138,-0.0122825210277681,531,372740311.82,0,372740311.82,0.1296578237860025,2193400000.0,2219500000.0,2281100000.0,2287500000.0,2265200000.0,2272300000.0,2312800000.0,2398000000.0,2424200000.0,2908000000.0,2981200000.0,3081100000.0,3131100000.0,3211300000.0,3277000000.0,3298700000.0,3361800000.0,3450800000.0
Real estate,2011,2193400000.0,2908000000.0,86391.0,0.0236139630390144,0.0077807848443842,531,607152609.68,0,607152609.68,0.2087870047042641,2219500000.0,2281100000.0,2287500000.0,2265200000.0,2272300000.0,2312800000.0,2398000000.0,2424200000.0,2450800000.0,2981200000.0,3081100000.0,3131100000.0,3211300000.0,3277000000.0,3298700000.0,3361800000.0,3450800000.0,3459700000.0
Real estate,2012,2219500000.0,2981200000.0,87675.0,0.0118993343667366,0.0148626593047886,531,487478137.45,0,487478137.45,0.16351742165906347,2281100000.0,2287500000.0,2265200000.0,2272300000.0,2312800000.0,2398000000.0,2424200000.0,2450800000.0,2593900000.0,3081100000.0,3131100000.0,3211300000.0,3277000000.0,3298700000.0,3361800000.0,3450800000.0,3459700000.0,3727100000.0
Real estate,2013,2281100000.0,3081100000.0,89180.0,0.0277539986483441,0.0171656686626746,531,386483462.12,0,386483462.12,0.12543684467235727,2287500000.0,2265200000.0,2272300000.0,2312800000.0,2398000000.0,2424200000.0,2450800000.0,2593900000.0,2747800000.0,3131100000.0,3211300000.0,3277000000.0,3298700000.0,3361800000.0,3450800000.0,3459700000.0,3727100000.0,3863500000.0
Real estate,2014,2287500000.0,3131100000.0,91304.0,0.002805663934067,0.0238169993272032,531,303618392.52,0,303618392.52,0.09696860289355178,2265200000.0,2272300000.0,2312800000.0,2398000000.0,2424200000.0,2450800000.0,2593900000.0,2747800000.0,2809200000.0,3211300000.0,3277000000.0,3298700000.0,3361800000.0,3450800000.0,3459700000.0,3727100000.0,3863500000.0,3977700000.0
Real estate,2015,2265200000.0,3211300000.0,94501.0,-0.0097486338797815,0.0350148952948392,531,311246607.01,0,311246607.01,0.09692230779123719,2272300000.0,2312800000.0,2398000000.0,2424200000.0,2450800000.0,2593900000.0,2747800000.0,2809200000.0,2863100000.0,3277000000.0,3298700000.0,3361800000.0,3450800000.0,3459700000.0,3727100000.0,3863500000.0,3977700000.0,4031300000.0
Real estate,2016,2272300000.0,3277000000.0,97355.0,0.0031343810701043,0.0302007386165226,531,187243394.07,0,187243394.07,0.057138661602075064,2312800000.0,2398000000.0,2424200000.0,2450800000.0,2593900000.0,2747800000.0,2809200000.0,2863100000.0,2946600000.0,3298700000.0,3361800000.0,3450800000.0,3459700000.0,3727100000.0,3863500000.0,3977700000.0,4031300000.0,4091700000.0
Real estate,2017,2312800000.0,3298700000.0,100000.0,0.0178233507899485,0.0271686097272867,531,494486975.8,0,494486975.8,0.1499035910510201,2398000000.0,2424200000.0,2450800000.0,2593900000.0,2747800000.0,2809200000.0,2863100000.0,2946600000.0,,3361800000.0,3450800000.0,3459700000.0,3727100000.0,3863500000.0,3977700000.0,4031300000.0,4091700000.0,
Real estate,2018,2398000000.0,3361800000.0,102410.0,0.0368384641992389,0.0241,531,296395043.95,0,296395043.95,0.08816557913915164,2424200000.0,2450800000.0,2593900000.0,2747800000.0,2809200000.0,2863100000.0,2946600000.0,,,3450800000.0,3459700000.0,3727100000.0,3863500000.0,3977700000.0,4031300000.0,4091700000.0,,
Real estate,2019,2424200000.0,3450800000.0,105755.0,0.01092577147623,0.0326628258959085,531,113876308.01,0,113876308.01,0.032999973342413357,2450800000.0,2593900000.0,2747800000.0,2809200000.0,2863100000.0,2946600000.0,,,,3459700000.0,3727100000.0,3863500000.0,3977700000.0,4031300000.0,4091700000.0,,,
Real estate,2020,2450800000.0,3459700000.0,108940.0,0.0109726920221104,0.0301167793484942,531,85692674.88,0,85692674.88,0.024768816625718993,2593900000.0,2747800000.0,2809200000.0,2863100000.0,2946600000.0,,,,,3727100000.0,3863500000.0,3977700000.0,4031300000.0,4091700000.0,,,,
Real estate,2021,2593900000.0,3727100000.0,110675.0,0.0583890974375713,0.0159261979071048,531,41309151.84,0,41309151.84,0.011083456800193181,2747800000.0,2809200000.0,2863100000.0,2946600000.0,,,,,,3863500000.0,3977700000.0,4031300000.0,4091700000.0,,,,,
Real estate,2022,2747800000.0,3863500000.0,114907.0,0.0593315085392651,0.0382380844815901,531,171767917.16,0,171767917.16,0.044459147705448426,2809200000.0,2863100000.0,2946600000.0,,,,,,,3977700000.0,4031300000.0,4091700000.0,,,,,,
Real estate,2023,2809200000.0,3977700000.0,122890.0,0.0223451488463497,0.0694735742818104,531,229116972.51,0,229116972.51,0.057600365163285316,2863100000.0,2946600000.0,,,,,,,,4031300000.0,4091700000.0,,,,,,,
Real estate,2024,2863100000.0,4031300000.0,128679.0,0.0191869571408229,0.0471071690129383,531,336003127.71,0,336003127.71,0.08334857929452037,2946600000.0,,,,,,,,,4091700000.0,,,,,,,,
Real estate,2025,2946600000.0,4091700000.0,130806.0,0.0291641926583074,0.0165295036486141,531,299800560.62,0,299800560.62,0.0732704158711538,,,,,,,,,,,,,,,,,,
Rental and leasing services and lessors of intangible assets,2009,164100000.0,267900000.0,99254.0,-0.1167922497308935,0.0320682125402933,532,143665861.93,0,143665861.93,0.5362667485255692,161500000.0,162800000.0,171300000.0,177100000.0,181100000.0,195400000.0,208600000.0,212300000.0,224800000.0,283800000.0,295800000.0,305700000.0,322900000.0,342100000.0,338800000.0,346000000.0,348700000.0,372600000.0
Rental and leasing services and lessors of intangible assets,2010,161500000.0,283800000.0,99269.0,-0.0158439975624619,0.0001511274104821,532,222165930.13,0,222165930.13,0.7828256875616632,162800000.0,171300000.0,177100000.0,181100000.0,195400000.0,208600000.0,212300000.0,224800000.0,238200000.0,295800000.0,305700000.0,322900000.0,342100000.0,338800000.0,346000000.0,348700000.0,372600000.0,391100000.0
Rental and leasing services and lessors of intangible assets,2011,162800000.0,295800000.0,100358.0,0.0080495356037151,0.0109701921042821,532,91756363.27,0,91756363.27,0.3101973065246788,171300000.0,177100000.0,181100000.0,195400000.0,208600000.0,212300000.0,224800000.0,238200000.0,241300000.0,305700000.0,322900000.0,342100000.0,338800000.0,346000000.0,348700000.0,372600000.0,391100000.0,390300000.0
Rental and leasing services and lessors of intangible assets,2012,171300000.0,305700000.0,101452.0,0.0522113022113022,0.0109009745112496,532,117174125.19,0,117174125.19,0.3832977598626104,177100000.0,181100000.0,195400000.0,208600000.0,212300000.0,224800000.0,238200000.0,241300000.0,262600000.00000003,322900000.0,342100000.0,338800000.0,346000000.0,348700000.0,372600000.0,391100000.0,390300000.0,481200000.0
Rental and leasing services and lessors of intangible assets,2013,177100000.0,322900000.0,102148.0,0.0338587273788673,0.0068603871781729,532,253115694.34,0,253115694.34,0.7838826086714153,181100000.0,195400000.0,208600000.0,212300000.0,224800000.0,238200000.0,241300000.0,262600000.00000003,274800000.0,342100000.0,338800000.0,346000000.0,348700000.0,372600000.0,391100000.0,390300000.0,481200000.0,506400000.0
Rental and leasing services and lessors of intangible assets,2014,181100000.0,342100000.0,102521.0,0.0225861095426311,0.0036515643967576,532,104917682.05,0,104917682.05,0.3066871734872844,195400000.0,208600000.0,212300000.0,224800000.0,238200000.0,241300000.0,262600000.00000003,274800000.0,297400000.0,338800000.0,346000000.0,348700000.0,372600000.0,391100000.0,390300000.0,481200000.0,506400000.0,541000000.0
Rental and leasing services and lessors of intangible assets,2015,195400000.0,338800000.0,101018.0,0.078961899503037,-0.0146604110377386,532,175723598.1,0,175723598.1,0.5186646933293979,208600000.0,212300000.0,224800000.0,238200000.0,241300000.0,262600000.00000003,274800000.0,297400000.0,305200000.0,346000000.0,348700000.0,372600000.0,391100000.0,390300000.0,481200000.0,506400000.0,541000000.0,547500000.0
Rental and leasing services and lessors of intangible assets,2016,208600000.0,346000000.0,99545.0,0.0675537359263049,-0.0145815597220296,532,202472166.65,0,202472166.65,0.5851796723988439,212300000.0,224800000.0,238200000.0,241300000.0,262600000.00000003,274800000.0,297400000.0,305200000.0,314500000.0,348700000.0,372600000.0,391100000.0,390300000.0,481200000.0,506400000.0,541000000.0,547500000.0,559500000.0
Rental and leasing services and lessors of intangible assets,2017,212300000.0,348700000.0,100000.0,0.0177372962607862,0.0045707971269275,532,103336718.15,0,103336718.15,0.29634848910238026,224800000.0,238200000.0,241300000.0,262600000.00000003,274800000.0,297400000.0,305200000.0,314500000.0,,372600000.0,391100000.0,390300000.0,481200000.0,506400000.0,541000000.0,547500000.0,559500000.0,
Rental and leasing services and lessors of intangible assets,2018,224800000.0,372600000.0,101259.0,0.0588789448893076,0.0125900000000001,532,22027666.56,0,22027666.56,0.059118804508856676,238200000.0,241300000.0,262600000.00000003,274800000.0,297400000.0,305200000.0,314500000.0,,,391100000.0,390300000.0,481200000.0,506400000.0,541000000.0,547500000.0,559500000.0,,
Rental and leasing services and lessors of intangible assets,2019,238200000.0,391100000.0,101637.0,0.0596085409252669,0.0037330015109768,532,17354291.53,0,17354291.53,0.04437302871388392,241300000.0,262600000.00000003,274800000.0,297400000.0,305200000.0,314500000.0,,,,390300000.0,481200000.0,506400000.0,541000000.0,547500000.0,559500000.0,,,
Rental and leasing services and lessors of intangible assets,2020,241300000.0,390300000.0,101548.0,0.0130142737195635,-0.000875665358088,532,41277695.6,0,41277695.6,0.10575889213425571,262600000.00000003,274800000.0,297400000.0,305200000.0,314500000.0,,,,,481200000.0,506400000.0,541000000.0,547500000.0,559500000.0,,,,
Rental and leasing services and lessors of intangible assets,2021,262600000.00000003,481200000.0,107216.0,0.0882718607542478,0.0558159688029304,532,18670900.0,0,18670900.0,0.038800706566916046,274800000.0,297400000.0,305200000.0,314500000.0,,,,,,506400000.0,541000000.0,547500000.0,559500000.0,,,,,
Rental and leasing services and lessors of intangible assets,2022,274800000.0,506400000.0,114677.0,0.0464584920030464,0.069588494254589,532,41094583.7,0,41094583.7,0.08115044174565561,297400000.0,305200000.0,314500000.0,,,,,,,541000000.0,547500000.0,559500000.0,,,,,,
Rental and leasing services and lessors of intangible assets,2023,297400000.0,541000000.0,119522.0,0.0822416302765647,0.0422490996450901,532,39505272.92,0,39505272.92,0.07302268561922366,305200000.0,314500000.0,,,,,,,,547500000.0,559500000.0,,,,,,,
Rental and leasing services and lessors of intangible assets,2024,305200000.0,547500000.0,120641.0,0.0262273032952253,0.0093622931343184,532,39505272.92,1,39505272.92,0.07215574962557078,314500000.0,,,,,,,,,559500000.0,,,,,,,,
Rental and leasing services and lessors of intangible assets,2025,314500000.0,559500000.0,122197.0,0.0304718217562254,0.0128977710728523,532,39505272.92,1,39505272.92,0.07060817322609474,,,,,,,,,,,,,,,,,,
"Professional, scientific, and technical services",2009,1106800000.0,1704600000.0,93135.0,-0.0552283397353819,0.0076382953402072,54,60267399184.63,0,60267399184.63,35.35574280454652,1138200000.0,1189900000.0,1243700000.0,1254100000.0,1306500000.0,1365700000.0,1408300000.0,1460600000.0,1558100000.0,1753200000.0,1826100000.0,1881700000.0,1896100000.0,1980500000.0,2029800000.0,2101700000.0,2204000000.0,2319600000.0
"Professional, scientific, and technical services",2010,1138200000.0,1753200000.0,93579.0,0.0283700758944707,0.0047672733129326,54,56085930182.95,0,56085930182.95,31.990605853838694,1189900000.0,1243700000.0,1254100000.0,1306500000.0,1365700000.0,1408300000.0,1460600000.0,1558100000.0,1643900000.0,1826100000.0,1881700000.0,1896100000.0,1980500000.0,2029800000.0,2101700000.0,2204000000.0,2319600000.0,2434700000.0
"Professional, scientific, and technical services",2011,1189900000.0,1826100000.0,94724.0,0.0454225970831136,0.0122356511610512,54,52301005977.61,0,52301005977.61,28.64082250567329,1243700000.0,1254100000.0,1306500000.0,1365700000.0,1408300000.0,1460600000.0,1558100000.0,1643900000.0,1657200000.0,1881700000.0,1896100000.0,1980500000.0,2029800000.0,2101700000.0,2204000000.0,2319600000.0,2434700000.0,2464500000.0
"Professional, scientific, and technical services",2012,1243700000.0,1881700000.0,95823.0,0.0452138835196234,0.0116021282885012,54,60724221736.01,0,60724221736.01,32.27093677845034,1254100000.0,1306500000.0,1365700000.0,1408300000.0,1460600000.0,1558100000.0,1643900000.0,1657200000.0,1884700000.0,1896100000.0,1980500000.0,2029800000.0,2101700000.0,2204000000.0,2319600000.0,2434700000.0,2464500000.0,2736400000.0
"Professional, scientific, and technical services",2013,1254100000.0,1896100000.0,96622.0,0.0083621452118676,0.0083382903895725,54,45465531543.21,0,45465531543.21,23.978446043568376,1306500000.0,1365700000.0,1408300000.0,1460600000.0,1558100000.0,1643900000.0,1657200000.0,1884700000.0,2031600000.0,1980500000.0,2029800000.0,2101700000.0,2204000000.0,2319600000.0,2434700000.0,2464500000.0,2736400000.0,2942100000.0
"Professional, scientific, and technical services",2014,1306500000.0,1980500000.0,97172.0,0.0417829519177099,0.0056922854008403,54,42627222583.7,0,42627222583.7,21.523465076344355,1365700000.0,1408300000.0,1460600000.0,1558100000.0,1643900000.0,1657200000.0,1884700000.0,2031600000.0,2123400000.0,2029800000.0,2101700000.0,2204000000.0,2319600000.0,2434700000.0,2464500000.0,2736400000.0,2942100000.0,3038200000.0
"Professional, scientific, and technical services",2015,1365700000.0,2029800000.0,98831.0,0.0453119020283199,0.0170728193306715,54,41726798287.69,0,41726798287.69,20.557098378012615,1408300000.0,1460600000.0,1558100000.0,1643900000.0,1657200000.0,1884700000.0,2031600000.0,2123400000.0,2188500000.0,2101700000.0,2204000000.0,2319600000.0,2434700000.0,2464500000.0,2736400000.0,2942100000.0,3038200000.0,3133000000.0
"Professional, scientific, and technical services",2016,1408300000.0,2101700000.0,99162.0,0.0311927949037122,0.0033491515819934,54,45710586156.65,0,45710586156.65,21.749339180972548,1460600000.0,1558100000.0,1643900000.0,1657200000.0,1884700000.0,2031600000.0,2123400000.0,2188500000.0,2279900000.0,2204000000.0,2319600000.0,2434700000.0,2464500000.0,2736400000.0,2942100000.0,3038200000.0,3133000000.0,3248600000.0
"Professional, scientific, and technical services",2017,1460600000.0,2204000000.0,100000.0,0.037136973656181,0.0084508178536131,54,45743305771.52,0,45743305771.52,20.754675939891104,1558100000.0,1643900000.0,1657200000.0,1884700000.0,2031600000.0,2123400000.0,2188500000.0,2279900000.0,,2319600000.0,2434700000.0,2464500000.0,2736400000.0,2942100000.0,3038200000.0,3133000000.0,3248600000.0,
"Professional, scientific, and technical services",2018,1558100000.0,2319600000.0,100254.0,0.0667533890182117,0.0025399999999999,54,51441322219.22,0,51441322219.22,22.17680730264701,1643900000.0,1657200000.0,1884700000.0,2031600000.0,2123400000.0,2188500000.0,2279900000.0,,,2434700000.0,2464500000.0,2736400000.0,2942100000.0,3038200000.0,3133000000.0,3248600000.0,,
"Professional, scientific, and technical services",2019,1643900000.0,2434700000.0,100563.0,0.0550670688659264,0.0030821712849362,54,58233417192.4,0,58233417192.4,23.918107854109337,1657200000.0,1884700000.0,2031600000.0,2123400000.0,2188500000.0,2279900000.0,,,,2464500000.0,2736400000.0,2942100000.0,3038200000.0,3133000000.0,3248600000.0,,,
"Professional, scientific, and technical services",2020,1657200000.0,2464500000.0,101006.0,0.0080905164547722,0.0044051987311435,54,63025272751.43,0,63025272751.43,25.573249239776832,1884700000.0,2031600000.0,2123400000.0,2188500000.0,2279900000.0,,,,,2736400000.0,2942100000.0,3038200000.0,3133000000.0,3248600000.0,,,,
"Professional, scientific, and technical services",2021,1884700000.0,2736400000.0,100029.0,0.1372797489741732,-0.009672692711324,54,63474339955.98,0,63474339955.98,23.196294385316474,2031600000.0,2123400000.0,2188500000.0,2279900000.0,,,,,,2942100000.0,3038200000.0,3133000000.0,3248600000.0,,,,,
"Professional, scientific, and technical services",2022,2031600000.0,2942100000.0,101273.0,0.0779434392741549,0.0124363934459006,54,65302247315.53,0,65302247315.53,22.195794607773358,2123400000.0,2188500000.0,2279900000.0,,,,,,,3038200000.0,3133000000.0,3248600000.0,,,,,,
"Professional, scientific, and technical services",2023,2123400000.0,3038200000.0,104578.0,0.0451860602480804,0.0326345620254164,54,80125026048.63,0,80125026048.63,26.372531778233824,2188500000.0,2279900000.0,,,,,,,,3133000000.0,3248600000.0,,,,,,,
"Professional, scientific, and technical services",2024,2188500000.0,3133000000.0,107612.0,0.0306583780729019,0.0290118380538926,54,77903392667.52,0,77903392667.52,24.865430152416216,2279900000.0,,,,,,,,,3248600000.0,,,,,,,,
"Professional, scientific, and technical services",2025,2279900000.0,3248600000.0,109398.0,0.0417637651359379,0.0165966620822957,54,77966054967.85,0,77966054967.85,23.99989379050976,,,,,,,,,,,,,,,,,,
Legal services,2009,289300000.0,361900000.0,73299.0,-0.1230675962412851,0.0040546278920046,5411,74898728.0,0,74898728.0,0.20695973473335175,267900000.0,270200000.0,262000000.0,255100000.0,253100000.0,259000000.0,268300000.0,266400000.0,269000000.0,357500000.0,359000000.0,359000000.0,348200000.0,345100000.0,347800000.0,346600000.0,354700000.0,349400000.0
Legal services,2010,267900000.0,357500000.0,76434.0,-0.0739716557207053,0.0427700241476689,5411,159765517.0,0,159765517.0,0.44689655104895104,270200000.0,262000000.0,255100000.0,253100000.0,259000000.0,268300000.0,266400000.0,269000000.0,270500000.0,359000000.0,359000000.0,348200000.0,345100000.0,347800000.0,346600000.0,354700000.0,349400000.0,348800000.0
Legal services,2011,270200000.0,359000000.0,79981.0,0.0085852930197836,0.0464060496637621,5411,31269043.0,0,31269043.0,0.0871003983286908,262000000.0,255100000.0,253100000.0,259000000.0,268300000.0,266400000.0,269000000.0,270500000.0,254300000.0,359000000.0,348200000.0,345100000.0,347800000.0,346600000.0,354700000.0,349400000.0,348800000.0,336400000.0
Legal services,2012,262000000.0,359000000.0,83008.0,-0.0303478904515173,0.0378464885410285,5411,102447315.89,0,102447315.89,0.2853685679387187,255100000.0,253100000.0,259000000.0,268300000.0,266400000.0,269000000.0,270500000.0,254300000.0,277100000.0,348200000.0,345100000.0,347800000.0,346600000.0,354700000.0,349400000.0,348800000.0,336400000.0,356700000.0
Legal services,2013,255100000.0,348200000.0,86476.0,-0.0263358778625953,0.0417791056283731,5411,36522756.03,0,36522756.03,0.10489016665709362,253100000.0,259000000.0,268300000.0,266400000.0,269000000.0,270500000.0,254300000.0,277100000.0,279400000.0,345100000.0,347800000.0,346600000.0,354700000.0,349400000.0,348800000.0,336400000.0,356700000.0,359600000.0
Legal services,2014,253100000.0,345100000.0,90209.0,-0.0078400627205017,0.0431680466256534,5411,81493284.09,0,81493284.09,0.2361439701246016,259000000.0,268300000.0,266400000.0,269000000.0,270500000.0,254300000.0,277100000.0,279400000.0,272400000.0,347800000.0,346600000.0,354700000.0,349400000.0,348800000.0,336400000.0,356700000.0,359600000.0,349400000.0
Legal services,2015,259000000.0,347800000.0,93741.0,0.0233109442907941,0.0391535212672793,5411,126477692.71000001,0,126477692.71000001,0.36365064033927547,268300000.0,266400000.0,269000000.0,270500000.0,254300000.0,277100000.0,279400000.0,272400000.0,271100000.0,346600000.0,354700000.0,349400000.0,348800000.0,336400000.0,356700000.0,359600000.0,349400000.0,352100000.0
Legal services,2016,268300000.0,346600000.0,96156.0,0.0359073359073358,0.025762473197427,5411,89063841.77,0,89063841.77,0.2569643444027698,266400000.0,269000000.0,270500000.0,254300000.0,277100000.0,279400000.0,272400000.0,271100000.0,270400000.0,354700000.0,349400000.0,348800000.0,336400000.0,356700000.0,359600000.0,349400000.0,352100000.0,355600000.0
Legal services,2017,266400000.0,354700000.0,100000.0,-0.0070816250465897,0.0399767045218186,5411,178482308.78,0,178482308.78,0.5031922999154215,269000000.0,270500000.0,254300000.0,277100000.0,279400000.0,272400000.0,271100000.0,270400000.0,,349400000.0,348800000.0,336400000.0,356700000.0,359600000.0,349400000.0,352100000.0,355600000.0,
Legal services,2018,269000000.0,349400000.0,103025.0,0.0097597597597598,0.0302500000000001,5411,55876894.25,0,55876894.25,0.15992242200915857,270500000.0,254300000.0,277100000.0,279400000.0,272400000.0,271100000.0,270400000.0,,,348800000.0,336400000.0,356700000.0,359600000.0,349400000.0,352100000.0,355600000.0,,
Legal services,2019,270500000.0,348800000.0,107245.0,0.0055762081784387,0.0409609318126669,5411,139603539.07,0,139603539.07,0.40023950421444954,254300000.0,277100000.0,279400000.0,272400000.0,271100000.0,270400000.0,,,,336400000.0,356700000.0,359600000.0,349400000.0,352100000.0,355600000.0,,,
Legal services,2020,254300000.0,336400000.0,113495.0,-0.0598890942698705,0.0582777751876544,5411,156939187.76,0,156939187.76,0.46652552841854933,277100000.0,279400000.0,272400000.0,271100000.0,270400000.0,,,,,356700000.0,359600000.0,349400000.0,352100000.0,355600000.0,,,,
Legal services,2021,277100000.0,356700000.0,118065.0,0.0896578843885176,0.0402660910172254,5411,257841083.09,0,257841083.09,0.7228513683487524,279400000.0,272400000.0,271100000.0,270400000.0,,,,,,359600000.0,349400000.0,352100000.0,355600000.0,,,,,
Legal services,2022,279400000.0,359600000.0,124607.0,0.0083002526163837,0.0554101554228603,5411,247634887.13,0,247634887.13,0.6886398418520578,272400000.0,271100000.0,270400000.0,,,,,,,349400000.0,352100000.0,355600000.0,,,,,,
Legal services,2023,272400000.0,349400000.0,131779.0,-0.0250536864710093,0.0575569590793454,5411,467854408.78000003,0,467854408.78000003,1.3390223491127649,271100000.0,270400000.0,,,,,,,,352100000.0,355600000.0,,,,,,,
Legal services,2024,271100000.0,352100000.0,143024.0,-0.0047723935389132,0.085332260830633,5411,471912465.75,0,471912465.75,1.3402796527975007,270400000.0,,,,,,,,,355600000.0,,,,,,,,
Legal services,2025,270400000.0,355600000.0,155995.0,-0.0025820730357802,0.0906910728269381,5411,405673163.38,0,405673163.38,1.1408131703599549,,,,,,,,,,,,,,,,,,
"Miscellaneous professional, scientific, and technical services",2009,687400000.0,1107200000.0,91639.0,-0.0608006558272987,0.0152780855306891,5412,93822659.1,0,93822659.1,0.0847386733200867,712300000.0,737900000.0,765700000.0,772000000.0,809100000.0,836400000.0,842600000.0,867800000.0,915900000.0,1124800000.0,1169400000.0,1197800000.0,1205700000.0,1262300000.0,1293400000.0,1328600000.0,1373300000.0,1439900000.0
"Miscellaneous professional, scientific, and technical services",2010,712300000.0,1124800000.0,92302.0,0.0362234506837357,0.0072349109003808,5412,148070083.4,0,148070083.4,0.13164125480085348,737900000.0,765700000.0,772000000.0,809100000.0,836400000.0,842600000.0,867800000.0,915900000.0,968600000.0,1169400000.0,1197800000.0,1205700000.0,1262300000.0,1293400000.0,1328600000.0,1373300000.0,1439900000.0,1534300000.0
"Miscellaneous professional, scientific, and technical services",2011,737900000.0,1169400000.0,92987.0,0.0359399129580233,0.0074212909796103,5412,117612891.0,0,117612891.0,0.10057541559774243,765700000.0,772000000.0,809100000.0,836400000.0,842600000.0,867800000.0,915900000.0,968600000.0,971600000.0,1197800000.0,1205700000.0,1262300000.0,1293400000.0,1328600000.0,1373300000.0,1439900000.0,1534300000.0,1545900000.0
"Miscellaneous professional, scientific, and technical services",2012,765700000.0,1197800000.0,94241.0,0.0376744816370782,0.0134857560734296,5412,188550258.56,0,188550258.56,0.15741380744698613,772000000.0,809100000.0,836400000.0,842600000.0,867800000.0,915900000.0,968600000.0,971600000.0,1105500000.0,1205700000.0,1262300000.0,1293400000.0,1328600000.0,1373300000.0,1439900000.0,1534300000.0,1545900000.0,1720400000.0
"Miscellaneous professional, scientific, and technical services",2013,772000000.0,1205700000.0,95214.0,0.0082277654433851,0.010324593329867,5412,312142963.64,0,312142963.64,0.2588894116612756,809100000.0,836400000.0,842600000.0,867800000.0,915900000.0,968600000.0,971600000.0,1105500000.0,1205700000.0,1262300000.0,1293400000.0,1328600000.0,1373300000.0,1439900000.0,1534300000.0,1545900000.0,1720400000.0,1850900000.0
"Miscellaneous professional, scientific, and technical services",2014,809100000.0,1262300000.0,95639.0,0.0480569948186528,0.0044636292982123,5412,436541303.24,0,436541303.24,0.3458300746573715,836400000.0,842600000.0,867800000.0,915900000.0,968600000.0,971600000.0,1105500000.0,1205700000.0,1272700000.0,1293400000.0,1328600000.0,1373300000.0,1439900000.0,1534300000.0,1545900000.0,1720400000.0,1850900000.0,1927900000.0
"Miscellaneous professional, scientific, and technical services",2015,836400000.0,1293400000.0,98064.0,0.0337411939191694,0.0253557649076212,5412,368756356.96,0,368756356.96,0.2851061983609092,842600000.0,867800000.0,915900000.0,968600000.0,971600000.0,1105500000.0,1205700000.0,1272700000.0,1305100000.0,1328600000.0,1373300000.0,1439900000.0,1534300000.0,1545900000.0,1720400000.0,1850900000.0,1927900000.0,1994600000.0
"Miscellaneous professional, scientific, and technical services",2016,842600000.0,1328600000.0,98618.0,0.0074127211860355,0.0056493718387991,5412,413210818.94,0,413210818.94,0.3110122075417733,867800000.0,915900000.0,968600000.0,971600000.0,1105500000.0,1205700000.0,1272700000.0,1305100000.0,1349600000.0,1373300000.0,1439900000.0,1534300000.0,1545900000.0,1720400000.0,1850900000.0,1927900000.0,1994600000.0,2053500000.0
"Miscellaneous professional, scientific, and technical services",2017,867800000.0,1373300000.0,100000.0,0.0299074293852361,0.0140136689042569,5412,463945199.57,0,463945199.57,0.33783237425908397,915900000.0,968600000.0,971600000.0,1105500000.0,1205700000.0,1272700000.0,1305100000.0,1349600000.0,,1439900000.0,1534300000.0,1545900000.0,1720400000.0,1850900000.0,1927900000.0,1994600000.0,2053500000.0,
"Miscellaneous professional, scientific, and technical services",2018,915900000.0,1439900000.0,101146.0,0.0554275178612584,0.01146,5412,419295674.93,0,419295674.93,0.29119777410236825,968600000.0,971600000.0,1105500000.0,1205700000.0,1272700000.0,1305100000.0,1349600000.0,,,1534300000.0,1545900000.0,1720400000.0,1850900000.0,1927900000.0,1994600000.0,2053500000.0,,
"Miscellaneous professional, scientific, and technical services",2019,968600000.0,1534300000.0,101627.0,0.0575390326454854,0.0047555019476794,5412,553167168.0,0,553167168.0,0.3605339034087206,971600000.0,1105500000.0,1205700000.0,1272700000.0,1305100000.0,1349600000.0,,,,1545900000.0,1720400000.0,1850900000.0,1927900000.0,1994600000.0,2053500000.0,,,
"Miscellaneous professional, scientific, and technical services",2020,971600000.0,1545900000.0,102079.0,0.0030972537683253,0.0044476369468744,5412,518648638.41,0,518648638.41,0.33549947500485156,1105500000.0,1205700000.0,1272700000.0,1305100000.0,1349600000.0,,,,,1720400000.0,1850900000.0,1927900000.0,1994600000.0,2053500000.0,,,,
"Miscellaneous professional, scientific, and technical services",2021,1105500000.0,1720400000.0,101484.0,0.1378139151914368,-0.005828818855984,5412,575504798.33,0,575504798.33,0.33451801809462917,1205700000.0,1272700000.0,1305100000.0,1349600000.0,,,,,,1850900000.0,1927900000.0,1994600000.0,2053500000.0,,,,,
"Miscellaneous professional, scientific, and technical services",2022,1205700000.0,1850900000.0,103572.0,0.0906377204884667,0.0205746718694572,5412,512234536.21,0,512234536.21,0.2767488984872224,1272700000.0,1305100000.0,1349600000.0,,,,,,,1927900000.0,1994600000.0,2053500000.0,,,,,,
"Miscellaneous professional, scientific, and technical services",2023,1272700000.0,1927900000.0,107571.0,0.0555693787841087,0.0386108214575366,5412,749974484.89,0,749974484.89,0.38901109232325326,1305100000.0,1349600000.0,,,,,,,,1994600000.0,2053500000.0,,,,,,,
"Miscellaneous professional, scientific, and technical services",2024,1305100000.0,1994600000.0,110723.0,0.0254576883790365,0.0293015775627261,5412,830900700.86,0,830900700.86,0.4165751032086634,1349600000.0,,,,,,,,,2053500000.0,,,,,,,,
"Miscellaneous professional, scientific, and technical services",2025,1349600000.0,2053500000.0,112513.0,0.0340970040609915,0.0161664694778862,5412,700873578.24,0,700873578.24,0.3413068313805698,,,,,,,,,,,,,,,,,,
Computer systems design and related services,2009,156000000.0,254400000.0,121074.0,0.056194989844279,-0.0142239519300445,5415,9357297520.46,0,9357297520.46,36.78182987602201,174900000.0,194900000.0,222900000.0,231600000.0,247400000.0,271800000.0,298000000.0,326400000.0,374100000.0,283900000.0,307600000.0,331900000.0,346700000.0,375400000.0,390400000.0,427000000.0,476000000.0,531000000.0
Computer systems design and related services,2010,174900000.0,283900000.0,116009.0,0.1211538461538461,-0.0418339197515569,5415,9912891608.7,0,9912891608.7,34.91684258083833,194900000.0,222900000.0,231600000.0,247400000.0,271800000.0,298000000.0,326400000.0,374100000.0,407000000.0,307600000.0,331900000.0,346700000.0,375400000.0,390400000.0,427000000.0,476000000.0,531000000.0,552500000.0
Computer systems design and related services,2011,194900000.0,307600000.0,115367.0,0.1143510577472841,-0.0055340533924091,5415,10290777319.34,0,10290777319.34,33.45506280669701,222900000.0,231600000.0,247400000.0,271800000.0,298000000.0,326400000.0,374100000.0,407000000.0,437900000.0,331900000.0,346700000.0,375400000.0,390400000.0,427000000.0,476000000.0,531000000.0,552500000.0,586100000.0
Computer systems design and related services,2012,222900000.0,331900000.0,113395.0,0.1436634171369932,-0.0170932762401727,5415,12184977695.72,0,12184977695.72,36.712798119072005,231600000.0,247400000.0,271800000.0,298000000.0,326400000.0,374100000.0,407000000.0,437900000.0,513400000.0,346700000.0,375400000.0,390400000.0,427000000.0,476000000.0,531000000.0,552500000.0,586100000.0,667000000.0
Computer systems design and related services,2013,231600000.0,346700000.0,110548.0,0.0390309555854642,-0.0251069271131884,5415,12478508736.23,0,12478508736.23,35.99223748552062,247400000.0,271800000.0,298000000.0,326400000.0,374100000.0,407000000.0,437900000.0,513400000.0,564400000.0,375400000.0,390400000.0,427000000.0,476000000.0,531000000.0,552500000.0,586100000.0,667000000.0,746900000.0
Computer systems design and related services,2014,247400000.0,375400000.0,108123.0,0.0682210708117443,-0.0219361725223432,5415,14400084327.35,0,14400084327.35,38.3593082774374,271800000.0,298000000.0,326400000.0,374100000.0,407000000.0,437900000.0,513400000.0,564400000.0,604400000.0,390400000.0,427000000.0,476000000.0,531000000.0,552500000.0,586100000.0,667000000.0,746900000.0,781300000.0
Computer systems design and related services,2015,271800000.0,390400000.0,105483.0,0.0986257073565077,-0.0244166366083071,5415,14011818353.36,0,14011818353.36,35.89092815922131,298000000.0,326400000.0,374100000.0,407000000.0,437900000.0,513400000.0,564400000.0,604400000.0,648200000.0,427000000.0,476000000.0,531000000.0,552500000.0,586100000.0,667000000.0,746900000.0,781300000.0,809600000.0
Computer systems design and related services,2016,298000000.0,427000000.0,103224.0,0.0963944076526857,-0.02141577315776,5415,14945586589.36,0,14945586589.36,35.00137374557377,326400000.0,374100000.0,407000000.0,437900000.0,513400000.0,564400000.0,604400000.0,648200000.0,712000000.0,476000000.0,531000000.0,552500000.0,586100000.0,667000000.0,746900000.0,781300000.0,809600000.0,873300000.0
Computer systems design and related services,2017,326400000.0,476000000.0,100000.0,0.0953020134228186,-0.0312330465783151,5415,15321748790.76,0,15321748790.76,32.1885478797479,374100000.0,407000000.0,437900000.0,513400000.0,564400000.0,604400000.0,648200000.0,712000000.0,,531000000.0,552500000.0,586100000.0,667000000.0,746900000.0,781300000.0,809600000.0,873300000.0,
Computer systems design and related services,2018,374100000.0,531000000.0,95848.0,0.146139705882353,-0.04152,5415,17291012279.22,0,17291012279.22,32.56311163694915,407000000.0,437900000.0,513400000.0,564400000.0,604400000.0,648200000.0,712000000.0,,,552500000.0,586100000.0,667000000.0,746900000.0,781300000.0,809600000.0,873300000.0,,
Computer systems design and related services,2019,407000000.0,552500000.0,93038.0,0.0879443998930766,-0.0293172523161673,5415,19858295437.18,0,19858295437.18,35.9426161758914,437900000.0,513400000.0,564400000.0,604400000.0,648200000.0,712000000.0,,,,586100000.0,667000000.0,746900000.0,781300000.0,809600000.0,873300000.0,,,
Computer systems design and related services,2020,437900000.0,586100000.0,89846.0,0.0759213759213759,-0.0343085620929082,5415,22852812157.28,0,22852812157.28,38.99131915591196,513400000.0,564400000.0,604400000.0,648200000.0,712000000.0,,,,,667000000.0,746900000.0,781300000.0,809600000.0,873300000.0,,,,
Computer systems design and related services,2021,513400000.0,667000000.0,84944.0,0.1724137931034481,-0.0545600249315495,5415,25372830297.52,0,25372830297.52,38.04022533361319,564400000.0,604400000.0,648200000.0,712000000.0,,,,,,746900000.0,781300000.0,809600000.0,873300000.0,,,,,
Computer systems design and related services,2022,564400000.0,746900000.0,81605.0,0.0993377483443709,-0.0393082501412694,5415,27707305744.54,0,27707305744.54,37.09640613809078,604400000.0,648200000.0,712000000.0,,,,,,,781300000.0,809600000.0,873300000.0,,,,,,
Computer systems design and related services,2023,604400000.0,781300000.0,81487.0,0.0708717221828489,-0.0014459898290547,5415,27606525040.28,0,27606525040.28,35.33409066975553,648200000.0,712000000.0,,,,,,,,809600000.0,873300000.0,,,,,,,
Computer systems design and related services,2024,648200000.0,809600000.0,80566.0,0.0724685638649902,-0.0113024163363479,5415,29618913021.8,0,29618913021.8,36.5846257680336,712000000.0,,,,,,,,,873300000.0,,,,,,,,
Computer systems design and related services,2025,712000000.0,873300000.0,77814.0,0.0984264116013575,-0.034158329816548,5415,29897033841.13,0,29897033841.13,34.234551518527425,,,,,,,,,,,,,,,,,,
Management of companies and enterprises,2009,243300000.0,416600000.0,100685.0,-0.0853383458646616,0.044612750946724,55,,1,0.0,0.0,262300000.0,273300000.0,294800000.0,310400000.0,331100000.0,340500000.0,345600000.0,370100000.0,395000000.0,434700000.0,455400000.0,484200000.0,493900000.0,525100000.0,542500000.0,541400000.0,568600000.0,601500000.0
Management of companies and enterprises,2010,262300000.0,434700000.0,101146.0,0.078092889436909,0.0045786363410635,55,,1,0.0,0.0,273300000.0,294800000.0,310400000.0,331100000.0,340500000.0,345600000.0,370100000.0,395000000.0,421600000.0,455400000.0,484200000.0,493900000.0,525100000.0,542500000.0,541400000.0,568600000.0,601500000.0,637000000.0
Management of companies and enterprises,2011,273300000.0,455400000.0,101692.0,0.0419367136866184,0.0053981373460145,55,,1,0.0,0.0,294800000.0,310400000.0,331100000.0,340500000.0,345600000.0,370100000.0,395000000.0,421600000.0,431500000.0,484200000.0,493900000.0,525100000.0,542500000.0,541400000.0,568600000.0,601500000.0,637000000.0,651200000.0
Management of companies and enterprises,2012,294800000.0,484200000.0,102498.0,0.0786681302597878,0.0079258938756245,55,,1,0.0,0.0,310400000.0,331100000.0,340500000.0,345600000.0,370100000.0,395000000.0,421600000.0,431500000.0,481300000.0,493900000.0,525100000.0,542500000.0,541400000.0,568600000.0,601500000.0,637000000.0,651200000.0,708200000.0
Management of companies and enterprises,2013,310400000.0,493900000.0,102896.0,0.0529172320217095,0.0038830025951726,55,,1,0.0,0.0,331100000.0,340500000.0,345600000.0,370100000.0,395000000.0,421600000.0,431500000.0,481300000.0,526200000.00000006,525100000.0,542500000.0,541400000.0,568600000.0,601500000.0,637000000.0,651200000.0,708200000.0,755500000.0
Management of companies and enterprises,2014,331100000.0,525100000.0,100332.0,0.066688144329897,-0.0249183641735345,55,,1,0.0,0.0,340500000.0,345600000.0,370100000.0,395000000.0,421600000.0,431500000.0,481300000.0,526200000.00000006,538000000.0,542500000.0,541400000.0,568600000.0,601500000.0,637000000.0,651200000.0,708200000.0,755500000.0,774100000.0
Management of companies and enterprises,2015,340500000.0,542500000.0,101889.0,0.028390214436726,0.015518478650879,55,,1,0.0,0.0,345600000.0,370100000.0,395000000.0,421600000.0,431500000.0,481300000.0,526200000.00000006,538000000.0,555600000.0,541400000.0,568600000.0,601500000.0,637000000.0,651200000.0,708200000.0,755500000.0,774100000.0,812700000.0
Management of companies and enterprises,2016,345600000.0,541400000.0,101068.0,0.014977973568282,-0.0080577883775481,55,,1,0.0,0.0,370100000.0,395000000.0,421600000.0,431500000.0,481300000.0,526200000.00000006,538000000.0,555600000.0,561200000.0,568600000.0,601500000.0,637000000.0,651200000.0,708200000.0,755500000.0,774100000.0,812700000.0,845500000.0
Management of companies and enterprises,2017,370100000.0,568600000.0,100000.0,0.0708912037037037,-0.0105671429136818,55,,1,0.0,0.0,395000000.0,421600000.0,431500000.0,481300000.0,526200000.00000006,538000000.0,555600000.0,561200000.0,,601500000.0,637000000.0,651200000.0,708200000.0,755500000.0,774100000.0,812700000.0,845500000.0,
Management of companies and enterprises,2018,395000000.0,601500000.0,98320.0,0.0672791137530397,-0.0168,55,,1,0.0,0.0,421600000.0,431500000.0,481300000.0,526200000.00000006,538000000.0,555600000.0,561200000.0,,,637000000.0,651200000.0,708200000.0,755500000.0,774100000.0,812700000.0,845500000.0,,
Management of companies and enterprises,2019,421600000.0,637000000.0,96193.0,0.0673417721518987,-0.0216334418226199,55,,1,0.0,0.0,431500000.0,481300000.0,526200000.00000006,538000000.0,555600000.0,561200000.0,,,,651200000.0,708200000.0,755500000.0,774100000.0,812700000.0,845500000.0,,,
Management of companies and enterprises,2020,431500000.0,651200000.0,93817.0,0.023481973434535,-0.0247003420207292,55,,1,0.0,0.0,481300000.0,526200000.00000006,538000000.0,555600000.0,561200000.0,,,,,708200000.0,755500000.0,774100000.0,812700000.0,845500000.0,,,,
Management of companies and enterprises,2021,481300000.0,708200000.0,92619.0,0.1154113557358054,-0.0127695407015785,55,,1,0.0,0.0,526200000.00000006,538000000.0,555600000.0,561200000.0,,,,,,755500000.0,774100000.0,812700000.0,845500000.0,,,,,
Management of companies and enterprises,2022,526200000.00000006,755500000.0,91199.0,0.0932890089341367,-0.0153316274198598,55,,1,0.0,0.0,538000000.0,555600000.0,561200000.0,,,,,,,774100000.0,812700000.0,845500000.0,,,,,,
Management of companies and enterprises,2023,538000000.0,774100000.0,93692.0,0.0224249334853667,0.0273358260507241,55,,1,0.0,0.0,555600000.0,561200000.0,,,,,,,,812700000.0,845500000.0,,,,,,,
Management of companies and enterprises,2024,555600000.0,812700000.0,97976.0,0.0327137546468401,0.0457242880929003,55,,1,0.0,0.0,561200000.0,,,,,,,,,845500000.0,,,,,,,,
Management of companies and enterprises,2025,561200000.0,845500000.0,102792.0,0.0100791936645068,0.0491548950763451,55,,1,0.0,0.0,,,,,,,,,,,,,,,,,,
Administrative and waste management services,2009,461600000.0,710000000.0,89311.0,-0.0812101910828024,0.0226138133186772,56,,1,0.0,0.0,493700000.0,511200000.0,528500000.0,538300000.0,558500000.0,566100000.0,566700000.0,602900000.0,631600000.0,749800000.0,784500000.0,812200000.0,835500000.0,901500000.0,940800000.0,997800000.0,1055200000.0,1122600000.0
Administrative and waste management services,2010,493700000.0,749800000.0,88720.0,0.0695407279029463,-0.0066173259732844,56,,1,0.0,0.0,511200000.0,528500000.0,538300000.0,558500000.0,566100000.0,566700000.0,602900000.0,631600000.0,647400000.0,784500000.0,812200000.0,835500000.0,901500000.0,940800000.0,997800000.0,1055200000.0,1122600000.0,1170800000.0
Administrative and waste management services,2011,511200000.0,784500000.0,89007.0,0.035446627506583,0.0032348963029757,56,,1,0.0,0.0,528500000.0,538300000.0,558500000.0,566100000.0,566700000.0,602900000.0,631600000.0,647400000.0,614800000.0,812200000.0,835500000.0,901500000.0,940800000.0,997800000.0,1055200000.0,1122600000.0,1170800000.0,1093700000.0
Administrative and waste management services,2012,528500000.0,812200000.0,89859.0,0.0338419405320813,0.0095722808318445,56,,1,0.0,0.0,538300000.0,558500000.0,566100000.0,566700000.0,602900000.0,631600000.0,647400000.0,614800000.0,689600000.0,835500000.0,901500000.0,940800000.0,997800000.0,1055200000.0,1122600000.0,1170800000.0,1093700000.0,1186300000.0
Administrative and waste management services,2013,538300000.0,835500000.0,91039.0,0.0185430463576157,0.013131684082841,56,,1,0.0,0.0,558500000.0,566100000.0,566700000.0,602900000.0,631600000.0,647400000.0,614800000.0,689600000.0,749800000.0,901500000.0,940800000.0,997800000.0,1055200000.0,1122600000.0,1170800000.0,1093700000.0,1186300000.0,1284300000.0
Administrative and waste management services,2014,558500000.0,901500000.0,92811.0,0.0375255433772989,0.0194641856786652,56,,1,0.0,0.0,566100000.0,566700000.0,602900000.0,631600000.0,647400000.0,614800000.0,689600000.0,749800000.0,744100000.0,940800000.0,997800000.0,1055200000.0,1122600000.0,1170800000.0,1093700000.0,1186300000.0,1284300000.0,1254700000.0
Administrative and waste management services,2015,566100000.0,940800000.0,95444.0,0.0136078782452999,0.0283694820657034,56,,1,0.0,0.0,566700000.0,602900000.0,631600000.0,647400000.0,614800000.0,689600000.0,749800000.0,744100000.0,735000000.0,997800000.0,1055200000.0,1122600000.0,1170800000.0,1093700000.0,1186300000.0,1284300000.0,1254700000.0,1233900000.0
Administrative and waste management services,2016,566700000.0,997800000.0,98667.0,0.0010598834128245,0.0337684925191734,56,,1,0.0,0.0,602900000.0,631600000.0,647400000.0,614800000.0,689600000.0,749800000.0,744100000.0,735000000.0,740100000.0,1055200000.0,1122600000.0,1170800000.0,1093700000.0,1186300000.0,1284300000.0,1254700000.0,1233900000.0,1237200000.0
Administrative and waste management services,2017,602900000.0,1055200000.0,100000.0,0.0638785953767424,0.0135100894929409,56,,1,0.0,0.0,631600000.0,647400000.0,614800000.0,689600000.0,749800000.0,744100000.0,735000000.0,740100000.0,,1122600000.0,1170800000.0,1093700000.0,1186300000.0,1284300000.0,1254700000.0,1233900000.0,1237200000.0,
Administrative and waste management services,2018,631600000.0,1122600000.0,101120.0,0.0476032509537236,0.0112,56,,1,0.0,0.0,647400000.0,614800000.0,689600000.0,749800000.0,744100000.0,735000000.0,740100000.0,,,1170800000.0,1093700000.0,1186300000.0,1284300000.0,1254700000.0,1233900000.0,1237200000.0,,
Administrative and waste management services,2019,647400000.0,1170800000.0,103521.0,0.0250158328055731,0.0237440664556962,56,,1,0.0,0.0,614800000.0,689600000.0,749800000.0,744100000.0,735000000.0,740100000.0,,,,1093700000.0,1186300000.0,1284300000.0,1254700000.0,1233900000.0,1237200000.0,,,
Administrative and waste management services,2020,614800000.0,1093700000.0,105559.0,-0.050355267222737,0.019686826827407,56,,1,0.0,0.0,689600000.0,749800000.0,744100000.0,735000000.0,740100000.0,,,,,1186300000.0,1284300000.0,1254700000.0,1233900000.0,1237200000.0,,,,
Administrative and waste management services,2021,689600000.0,1186300000.0,107333.0,0.1216655823031882,0.0168057673907482,56,,1,0.0,0.0,749800000.0,744100000.0,735000000.0,740100000.0,,,,,,1284300000.0,1254700000.0,1233900000.0,1237200000.0,,,,,
Administrative and waste management services,2022,749800000.0,1284300000.0,111625.0,0.0872969837587005,0.0399877018251608,56,,1,0.0,0.0,744100000.0,735000000.0,740100000.0,,,,,,,1254700000.0,1233900000.0,1237200000.0,,,,,,
Administrative and waste management services,2023,744100000.0,1254700000.0,118960.0,-0.0076020272072552,0.0657110862262038,56,,1,0.0,0.0,735000000.0,740100000.0,,,,,,,,1233900000.0,1237200000.0,,,,,,,
Administrative and waste management services,2024,735000000.0,1233900000.0,124039.0,-0.0122295390404515,0.0426950235373235,56,,1,0.0,0.0,740100000.0,,,,,,,,,1237200000.0,,,,,,,,
Administrative and waste management services,2025,740100000.0,1237200000.0,128694.0,0.0069387755102041,0.0375285192560403,56,,1,0.0,0.0,,,,,,,,,,,,,,,,,,
Administrative and support services,2009,415000000.0,621600000.0,90086.0,-0.0873103144930723,0.0193030097307083,561,29302604022.55,0,29302604022.55,47.14061136188867,437200000.0,461200000.0,478900000.0,489100000.0,507900000.0,515200000.00000006,518100000.0,549700000.0,577600000.0,655100000.0,691300000.0,720000000.0,741200000.0,801700000.0,839200000.0,889700000.0,939600000.0,1004500000.0
Administrative and support services,2010,437200000.0,655100000.0,89254.0,0.0534939759036143,-0.009235619297116,561,28077996179.26,0,28077996179.26,42.86062613228515,461200000.0,478900000.0,489100000.0,507900000.0,515200000.00000006,518100000.0,549700000.0,577600000.0,593900000.0,691300000.0,720000000.0,741200000.0,801700000.0,839200000.0,889700000.0,939600000.0,1004500000.0,1051800000.0
Administrative and support services,2011,461200000.0,691300000.0,89428.0,0.0548947849954253,0.0019494924597216,561,29851250825.21,0,29851250825.21,43.18132623348763,478900000.0,489100000.0,507900000.0,515200000.00000006,518100000.0,549700000.0,577600000.0,593900000.0,562500000.0,720000000.0,741200000.0,801700000.0,839200000.0,889700000.0,939600000.0,1004500000.0,1051800000.0,978100000.0
Administrative and support services,2012,478900000.0,720000000.0,90231.0,0.0383781439722463,0.0089792906024959,561,25528759547.17,0,25528759547.17,35.45661048218055,489100000.0,507900000.0,515200000.00000006,518100000.0,549700000.0,577600000.0,593900000.0,562500000.0,632100000.0,741200000.0,801700000.0,839200000.0,889700000.0,939600000.0,1004500000.0,1051800000.0,978100000.0,1064000000.0
Administrative and support services,2013,489100000.0,741200000.0,91365.0,0.0212988097723951,0.0125677427934967,561,26543819323.38,0,26543819323.38,35.81195267590394,507900000.0,515200000.00000006,518100000.0,549700000.0,577600000.0,593900000.0,562500000.0,632100000.0,690300000.0,801700000.0,839200000.0,889700000.0,939600000.0,1004500000.0,1051800000.0,978100000.0,1064000000.0,1160600000.0
Administrative and support services,2014,507900000.0,801700000.0,93011.0,0.0384379472500511,0.018015651507689,561,25611904567.09,0,25611904567.09,31.946993347998003,515200000.00000006,518100000.0,549700000.0,577600000.0,593900000.0,562500000.0,632100000.0,690300000.0,688900000.0,839200000.0,889700000.0,939600000.0,1004500000.0,1051800000.0,978100000.0,1064000000.0,1160600000.0,1134100000.0
Administrative and support services,2015,515200000.00000006,839200000.0,95644.0,0.0143729080527663,0.028308479642193,561,24235508514.1,0,24235508514.1,28.87929994530505,518100000.0,549700000.0,577600000.0,593900000.0,562500000.0,632100000.0,690300000.0,688900000.0,679500000.0,889700000.0,939600000.0,1004500000.0,1051800000.0,978100000.0,1064000000.0,1160600000.0,1134100000.0,1109700000.0
Administrative and support services,2016,518100000.0,889700000.0,98752.0,0.0056288819875776,0.0324955041612646,561,26254304733.69,0,26254304733.69,29.50916571168933,549700000.0,577600000.0,593900000.0,562500000.0,632100000.0,690300000.0,688900000.0,679500000.0,686700000.0,939600000.0,1004500000.0,1051800000.0,978100000.0,1064000000.0,1160600000.0,1134100000.0,1109700000.0,1114000000.0
Administrative and support services,2017,549700000.0,939600000.0,100000.0,0.0609920864697934,0.0126377187297472,561,27597523841.54,0,27597523841.54,29.371566455449127,577600000.0,593900000.0,562500000.0,632100000.0,690300000.0,688900000.0,679500000.0,686700000.0,,1004500000.0,1051800000.0,978100000.0,1064000000.0,1160600000.0,1134100000.0,1109700000.0,1114000000.0,
Administrative and support services,2018,577600000.0,1004500000.0,100709.0,0.0507549572494088,0.00709,561,29476760471.93,0,29476760471.93,29.344709280169237,593900000.0,562500000.0,632100000.0,690300000.0,688900000.0,679500000.0,686700000.0,,,1051800000.0,978100000.0,1064000000.0,1160600000.0,1134100000.0,1109700000.0,1114000000.0,,
Administrative and support services,2019,593900000.0,1051800000.0,102914.0,0.028220221606648,0.0218947661082922,561,31732003946.4,0,31732003946.4,30.169237446662866,562500000.0,632100000.0,690300000.0,688900000.0,679500000.0,686700000.0,,,,978100000.0,1064000000.0,1160600000.0,1134100000.0,1109700000.0,1114000000.0,,,
Administrative and support services,2020,562500000.0,978100000.0,104535.0,-0.0528708536790705,0.0157510154109254,561,30455139821.01,0,30455139821.01,31.1370410193334,632100000.0,690300000.0,688900000.0,679500000.0,686700000.0,,,,,1064000000.0,1160600000.0,1134100000.0,1109700000.0,1114000000.0,,,,
Administrative and support services,2021,632100000.0,1064000000.0,106297.0,0.1237333333333334,0.0168555986033385,561,32769185035.76,0,32769185035.76,30.79810623661654,690300000.0,688900000.0,679500000.0,686700000.0,,,,,,1160600000.0,1134100000.0,1109700000.0,1114000000.0,,,,,
Administrative and support services,2022,690300000.0,1160600000.0,110472.0,0.0920740389178926,0.0392767434640677,561,32898144774.1,0,32898144774.1,28.345808008013094,688900000.0,679500000.0,686700000.0,,,,,,,1134100000.0,1109700000.0,1114000000.0,,,,,,
Administrative and support services,2023,688900000.0,1134100000.0,116520.0,-0.0020281037230189,0.0547469041929176,561,35715569444.36,0,35715569444.36,31.492434039643772,679500000.0,686700000.0,,,,,,,,1109700000.0,1114000000.0,,,,,,,
Administrative and support services,2024,679500000.0,1109700000.0,121128.0,-0.0136449412106256,0.0395468589083418,561,37364847157.86,0,37364847157.86,33.67112477053258,686700000.0,,,,,,,,,1114000000.0,,,,,,,,
Administrative and support services,2025,686700000.0,1114000000.0,125276.0,0.0105960264900661,0.034244765867512,561,36769768317.85,0,36769768317.85,33.00697335534111,,,,,,,,,,,,,,,,,,
Waste management and remediation services,2009,46800000.0,88600000.0,82136.0,-0.0147368421052632,0.0572818783307158,562,6432238172.05,0,6432238172.05,72.59862496670429,57200000.0,50200000.0,49700000.0,49300000.0,50700000.0,50900000.0,48600000.0,53200000.0,54000000.0,95100000.0,93400000.0,92300000.0,94400000.0,99800000.0,101600000.0,108100000.0,115600000.0,118200000.0
Waste management and remediation services,2010,57200000.0,95100000.0,83532.0,0.2222222222222223,0.0169962014220317,562,4134519791.45,0,4134519791.45,43.475497281282856,50200000.0,49700000.0,49300000.0,50700000.0,50900000.0,48600000.0,53200000.0,54000000.0,53600000.0,93400000.0,92300000.0,94400000.0,99800000.0,101600000.0,108100000.0,115600000.0,118200000.0,119300000.0
Waste management and remediation services,2011,50200000.0,93400000.0,84753.0,-0.1223776223776224,0.0146171527079443,562,3717520303.75,0,3717520303.75,39.80214457976445,49700000.0,49300000.0,50700000.0,50900000.0,48600000.0,53200000.0,54000000.0,53600000.0,52200000.0,92300000.0,94400000.0,99800000.0,101600000.0,108100000.0,115600000.0,118200000.0,119300000.0,115600000.0
Waste management and remediation services,2012,49700000.0,92300000.0,86074.0,-0.0099601593625497,0.0155864689155544,562,4222108740.92,0,4222108740.92,45.7433233035753,49300000.0,50700000.0,50900000.0,48600000.0,53200000.0,54000000.0,53600000.0,52200000.0,57600000.0,94400000.0,99800000.0,101600000.0,108100000.0,115600000.0,118200000.0,119300000.0,115600000.0,122500000.0
Waste management and remediation services,2013,49300000.0,94400000.0,87699.0,-0.0080482897384307,0.0188791040267677,562,4308971106.78,0,4308971106.78,45.6458803684322,50700000.0,50900000.0,48600000.0,53200000.0,54000000.0,53600000.0,52200000.0,57600000.0,60000000.0,99800000.0,101600000.0,108100000.0,115600000.0,118200000.0,119300000.0,115600000.0,122500000.0,124600000.0
Waste management and remediation services,2014,50700000.0,99800000.0,90727.0,0.0283975659229209,0.0345271895916716,562,4218454703.2,0,4218454703.2,42.26908520240481,50900000.0,48600000.0,53200000.0,54000000.0,53600000.0,52200000.0,57600000.0,60000000.0,56300000.0,101600000.0,108100000.0,115600000.0,118200000.0,119300000.0,115600000.0,122500000.0,124600000.0,121500000.0
Waste management and remediation services,2015,50900000.0,101600000.0,93357.0,0.0039447731755424,0.02898806309037,562,4437877582.12,0,4437877582.12,43.679897461811024,48600000.0,53200000.0,54000000.0,53600000.0,52200000.0,57600000.0,60000000.0,56300000.0,56300000.0,108100000.0,115600000.0,118200000.0,119300000.0,115600000.0,122500000.0,124600000.0,121500000.0,124200000.0
Waste management and remediation services,2016,48600000.0,108100000.0,97780.0,-0.0451866404715126,0.0473772721916943,562,4502553858.05,0,4502553858.05,41.6517470679926,53200000.0,54000000.0,53600000.0,52200000.0,57600000.0,60000000.0,56300000.0,56300000.0,54800000.0,115600000.0,118200000.0,119300000.0,115600000.0,122500000.0,124600000.0,121500000.0,124200000.0,123500000.0
Waste management and remediation services,2017,53200000.0,115600000.0,100000.0,0.094650205761317,0.022704029453876,562,4167576300.01,0,4167576300.01,36.05169809697232,54000000.0,53600000.0,52200000.0,57600000.0,60000000.0,56300000.0,56300000.0,54800000.0,,118200000.0,119300000.0,115600000.0,122500000.0,124600000.0,121500000.0,124200000.0,123500000.0,
Waste management and remediation services,2018,54000000.0,118200000.0,105452.0,0.0150375939849622,0.0545199999999999,562,5268205331.79,0,5268205331.79,44.57026507436548,53600000.0,52200000.0,57600000.0,60000000.0,56300000.0,56300000.0,54800000.0,,,119300000.0,115600000.0,122500000.0,124600000.0,121500000.0,124200000.0,123500000.0,,
Waste management and remediation services,2019,53600000.0,119300000.0,109979.0,-0.0074074074074074,0.0429294845047985,562,4086406237.92,0,4086406237.92,34.25319562380553,52200000.0,57600000.0,60000000.0,56300000.0,56300000.0,54800000.0,,,,115600000.0,122500000.0,124600000.0,121500000.0,124200000.0,123500000.0,,,
Waste management and remediation services,2020,52200000.0,115600000.0,116571.0,-0.0261194029850746,0.0599387155729729,562,4584625032.39,0,4584625032.39,39.6593860933391,57600000.0,60000000.0,56300000.0,56300000.0,54800000.0,,,,,122500000.0,124600000.0,121500000.0,124200000.0,123500000.0,,,,
Waste management and remediation services,2021,57600000.0,122500000.0,118467.0,0.1034482758620689,0.0162647656792855,562,4727993276.34,0,4727993276.34,38.59586348032653,60000000.0,56300000.0,56300000.0,54800000.0,,,,,,124600000.0,121500000.0,124200000.0,123500000.0,,,,,
Waste management and remediation services,2022,60000000.0,124600000.0,124055.0,0.0416666666666667,0.0471692538850483,562,4715035313.53,0,4715035313.53,37.84137490794542,56300000.0,56300000.0,54800000.0,,,,,,,121500000.0,124200000.0,123500000.0,,,,,,
Waste management and remediation services,2023,56300000.0,121500000.0,146565.0,-0.0616666666666667,0.1814517754221916,562,5734926397.87,0,5734926397.87,47.201040311687244,56300000.0,54800000.0,,,,,,,,124200000.0,123500000.0,,,,,,,
Waste management and remediation services,2024,56300000.0,124200000.0,157276.0,0.0,0.073080203322758,562,7068171285.36,0,7068171285.36,56.909591669565216,54800000.0,,,,,,,,,123500000.0,,,,,,,,
Waste management and remediation services,2025,54800000.0,123500000.0,167986.0,-0.0266429840142096,0.0680968488516999,562,10381357490.41,0,10381357490.41,84.05957482113361,,,,,,,,,,,,,,,,,,
Educational services,2009,234300000.0,328400000.0,80320.0,0.0802213001383125,0.0381284735685665,61,1033498370.1,0,1033498370.1,3.147071772533496,242100000.0,244100000.0,245200000.0,241700000.0,243900000.0,244100000.0,249700000.0,245600000.0,251000000.0,344300000.0,350600000.0,344900000.0,347400000.0,350100000.0,354500000.0,358500000.0,357500000.0,361000000.0
Educational services,2010,242100000.0,344300000.0,82195.0,0.0332906530089627,0.0233441235059761,61,1283633006.31,0,1283633006.31,3.728239925384839,244100000.0,245200000.0,241700000.0,243900000.0,244100000.0,249700000.0,245600000.0,251000000.0,257200000.0,350600000.0,344900000.0,347400000.0,350100000.0,354500000.0,358500000.0,357500000.0,361000000.0,366100000.0
Educational services,2011,244100000.0,350600000.0,84496.0,0.0082610491532424,0.0279944035525274,61,946435174.57,0,946435174.57,2.6994728310610383,245200000.0,241700000.0,243900000.0,244100000.0,249700000.0,245600000.0,251000000.0,257200000.0,236300000.0,344900000.0,347400000.0,350100000.0,354500000.0,358500000.0,357500000.0,361000000.0,366100000.0,329800000.0
Educational services,2012,245200000.0,344900000.0,87366.0,0.004506349856616,0.0339661049043742,61,1401931341.28,0,1401931341.28,4.064747292780516,241700000.0,243900000.0,244100000.0,249700000.0,245600000.0,251000000.0,257200000.0,236300000.0,242600000.0,347400000.0,350100000.0,354500000.0,358500000.0,357500000.0,361000000.0,366100000.0,329800000.0,338300000.0
Educational services,2013,241700000.0,347400000.0,89779.0,-0.014274061990212,0.0276194400567726,61,1230888232.23,0,1230888232.23,3.543144019084629,243900000.0,244100000.0,249700000.0,245600000.0,251000000.0,257200000.0,236300000.0,242600000.0,261300000.0,350100000.0,354500000.0,358500000.0,357500000.0,361000000.0,366100000.0,329800000.0,338300000.0,364700000.0
Educational services,2014,243900000.0,350100000.0,92192.0,0.0091021928009931,0.0268771093462836,61,1783220519.93,0,1783220519.93,5.0934604968009145,244100000.0,249700000.0,245600000.0,251000000.0,257200000.0,236300000.0,242600000.0,261300000.0,267900000.0,354500000.0,358500000.0,357500000.0,361000000.0,366100000.0,329800000.0,338300000.0,364700000.0,379900000.0
Educational services,2015,244100000.0,354500000.0,94789.0,0.0008200082000819,0.0281694724054148,61,1708811727.67,0,1708811727.67,4.820343378476728,249700000.0,245600000.0,251000000.0,257200000.0,236300000.0,242600000.0,261300000.0,267900000.0,275300000.0,358500000.0,357500000.0,361000000.0,366100000.0,329800000.0,338300000.0,364700000.0,379900000.0,409200000.0
Educational services,2016,249700000.0,358500000.0,97386.0,0.022941417451864,0.0273976938252327,61,2158990919.15,0,2158990919.15,6.022289872105998,245600000.0,251000000.0,257200000.0,236300000.0,242600000.0,261300000.0,267900000.0,275300000.0,276900000.0,357500000.0,361000000.0,366100000.0,329800000.0,338300000.0,364700000.0,379900000.0,409200000.0,417800000.0
Educational services,2017,245600000.0,357500000.0,100000.0,-0.0164197036443731,0.0268416404822049,61,1881236952.6,0,1881236952.6,5.262201266013986,251000000.0,257200000.0,236300000.0,242600000.0,261300000.0,267900000.0,275300000.0,276900000.0,,361000000.0,366100000.0,329800000.0,338300000.0,364700000.0,379900000.0,409200000.0,417800000.0,
Educational services,2018,251000000.0,361000000.0,102469.0,0.0219869706840392,0.0246899999999998,61,1449443869.85,0,1449443869.85,4.015079971883656,257200000.0,236300000.0,242600000.0,261300000.0,267900000.0,275300000.0,276900000.0,,,366100000.0,329800000.0,338300000.0,364700000.0,379900000.0,409200000.0,417800000.0,,
Educational services,2019,257200000.0,366100000.0,105093.0,0.0247011952191233,0.0256077447813485,61,1781173569.33,0,1781173569.33,4.865265144304835,236300000.0,242600000.0,261300000.0,267900000.0,275300000.0,276900000.0,,,,329800000.0,338300000.0,364700000.0,379900000.0,409200000.0,417800000.0,,,
Educational services,2020,236300000.0,329800000.0,108162.0,-0.0812597200622082,0.0292027061745312,61,1265392136.69,0,1265392136.69,3.83684698814433,242600000.0,261300000.0,267900000.0,275300000.0,276900000.0,,,,,338300000.0,364700000.0,379900000.0,409200000.0,417800000.0,,,,
Educational services,2021,242600000.0,338300000.0,111271.0,0.0266610241218789,0.0287439211553039,61,1416861764.4,0,1416861764.4,4.188181390481821,261300000.0,267900000.0,275300000.0,276900000.0,,,,,,364700000.0,379900000.0,409200000.0,417800000.0,,,,,
Educational services,2022,261300000.0,364700000.0,113314.0,0.0770816158285243,0.0183605791266368,61,1388553710.22,0,1388553710.22,3.8073860987661092,267900000.0,275300000.0,276900000.0,,,,,,,379900000.0,409200000.0,417800000.0,,,,,,
Educational services,2023,267900000.0,379900000.0,118110.0,0.0252583237657864,0.0423248671832254,61,1443701197.95,0,1443701197.95,3.8002137350618583,275300000.0,276900000.0,,,,,,,,409200000.0,417800000.0,,,,,,,
Educational services,2024,275300000.0,409200000.0,121591.0,0.0276222471071296,0.0294725256117178,61,1182589544.74,0,1182589544.74,2.890003775024438,276900000.0,,,,,,,,,417800000.0,,,,,,,,
Educational services,2025,276900000.0,417800000.0,125418.0,0.0058118416273156,0.0314743689911261,61,1193285130.38,0,1193285130.38,2.8561156782671135,,,,,,,,,,,,,,,,,,
Health care and social assistance,2009,1204500000.0,1942100000.0,89563.0,0.025892172728047,0.0337492353328179,62,,1,0.0,0.0,1216900000.0,1242200000.0,1268300000.0,1298800000.0,1328900000.0,1390400000.0,1432900000.0,1471300000.0,1514100000.0,1985700000.0,2026600000.0,2090100000.0,2100000000.0,2142100000.0,2242200000.0,2321600000.0,2386900000.0,2438200000.0
Health care and social assistance,2010,1216900000.0,1985700000.0,91404.0,0.0102947281029472,0.0205553632638477,62,,1,0.0,0.0,1242200000.0,1268300000.0,1298800000.0,1328900000.0,1390400000.0,1432900000.0,1471300000.0,1514100000.0,1563300000.0,2026600000.0,2090100000.0,2100000000.0,2142100000.0,2242200000.0,2321600000.0,2386900000.0,2438200000.0,2513100000.0
Health care and social assistance,2011,1242200000.0,2026600000.0,92575.0,0.0207905333223765,0.0128112555249224,62,,1,0.0,0.0,1268300000.0,1298800000.0,1328900000.0,1390400000.0,1432900000.0,1471300000.0,1514100000.0,1563300000.0,1527400000.0,2090100000.0,2100000000.0,2142100000.0,2242200000.0,2321600000.0,2386900000.0,2438200000.0,2513100000.0,2403400000.0
Health care and social assistance,2012,1268300000.0,2090100000.0,94224.0,0.0210111093221703,0.0178125843910343,62,,1,0.0,0.0,1298800000.0,1328900000.0,1390400000.0,1432900000.0,1471300000.0,1514100000.0,1563300000.0,1527400000.0,1600100000.0,2100000000.0,2142100000.0,2242200000.0,2321600000.0,2386900000.0,2438200000.0,2513100000.0,2403400000.0,2562400000.0
Health care and social assistance,2013,1298800000.0,2100000000.0,94934.0,0.024047938184972,0.0075352351842417,62,,1,0.0,0.0,1328900000.0,1390400000.0,1432900000.0,1471300000.0,1514100000.0,1563300000.0,1527400000.0,1600100000.0,1681200000.0,2142100000.0,2242200000.0,2321600000.0,2386900000.0,2438200000.0,2513100000.0,2403400000.0,2562400000.0,2674800000.0
Health care and social assistance,2014,1328900000.0,2142100000.0,95583.0,0.0231752386818602,0.0068363283965702,62,,1,0.0,0.0,1390400000.0,1432900000.0,1471300000.0,1514100000.0,1563300000.0,1527400000.0,1600100000.0,1681200000.0,1765800000.0,2242200000.0,2321600000.0,2386900000.0,2438200000.0,2513100000.0,2403400000.0,2562400000.0,2674800000.0,2816400000.0
Health care and social assistance,2015,1390400000.0,2242200000.0,96634.0,0.0462788772669124,0.0109956791479657,62,,1,0.0,0.0,1432900000.0,1471300000.0,1514100000.0,1563300000.0,1527400000.0,1600100000.0,1681200000.0,1765800000.0,1844700000.0,2321600000.0,2386900000.0,2438200000.0,2513100000.0,2403400000.0,2562400000.0,2674800000.0,2816400000.0,2974100000.0
Health care and social assistance,2016,1432900000.0,2321600000.0,98667.0,0.030566743383199,0.0210381439244986,62,,1,0.0,0.0,1471300000.0,1514100000.0,1563300000.0,1527400000.0,1600100000.0,1681200000.0,1765800000.0,1844700000.0,1930600000.0,2386900000.0,2438200000.0,2513100000.0,2403400000.0,2562400000.0,2674800000.0,2816400000.0,2974100000.0,3100200000.0
Health care and social assistance,2017,1471300000.0,2386900000.0,100000.0,0.0267987996370995,0.0135100894929409,62,,1,0.0,0.0,1514100000.0,1563300000.0,1527400000.0,1600100000.0,1681200000.0,1765800000.0,1844700000.0,1930600000.0,,2438200000.0,2513100000.0,2403400000.0,2562400000.0,2674800000.0,2816400000.0,2974100000.0,3100200000.0,
Health care and social assistance,2018,1514100000.0,2438200000.0,101365.0,0.0290899204784884,0.0136499999999999,62,,1,0.0,0.0,1563300000.0,1527400000.0,1600100000.0,1681200000.0,1765800000.0,1844700000.0,1930600000.0,,,2513100000.0,2403400000.0,2562400000.0,2674800000.0,2816400000.0,2974100000.0,3100200000.0,,
Health care and social assistance,2019,1563300000.0,2513100000.0,103241.0,0.0324945512185457,0.0185073743402555,62,,1,0.0,0.0,1527400000.0,1600100000.0,1681200000.0,1765800000.0,1844700000.0,1930600000.0,,,,2403400000.0,2562400000.0,2674800000.0,2816400000.0,2974100000.0,3100200000.0,,,
Health care and social assistance,2020,1527400000.0,2403400000.0,105744.0,-0.0229642423079382,0.0242442440503287,62,,1,0.0,0.0,1600100000.0,1681200000.0,1765800000.0,1844700000.0,1930600000.0,,,,,2562400000.0,2674800000.0,2816400000.0,2974100000.0,3100200000.0,,,,
Health care and social assistance,2021,1600100000.0,2562400000.0,108376.0,0.0475972240408535,0.0248903011045544,62,,1,0.0,0.0,1681200000.0,1765800000.0,1844700000.0,1930600000.0,,,,,,2674800000.0,2816400000.0,2974100000.0,3100200000.0,,,,,
Health care and social assistance,2022,1681200000.0,2674800000.0,110816.0,0.0506843322292358,0.022514209788145,62,,1,0.0,0.0,1765800000.0,1844700000.0,1930600000.0,,,,,,,2816400000.0,2974100000.0,3100200000.0,,,,,,
Health care and social assistance,2023,1765800000.0,2816400000.0,115735.0,0.0503211991434688,0.0443888969101935,62,,1,0.0,0.0,1844700000.0,1930600000.0,,,,,,,,2974100000.0,3100200000.0,,,,,,,
Health care and social assistance,2024,1844700000.0,2974100000.0,119768.0,0.0446822969758751,0.0348468484036808,62,,1,0.0,0.0,1930600000.0,,,,,,,,,3100200000.0,,,,,,,,
Health care and social assistance,2025,1930600000.0,3100200000.0,122813.0,0.0465658372635116,0.0254241533631687,62,,1,0.0,0.0,,,,,,,,,,,,,,,,,,
Ambulatory health care services,2009,542400000.0,843200000.0,93510.0,0.0216613298172914,0.0318800278081241,621,1703839193.6,0,1703839193.6,2.020682155597723,556100000.0,575200000.0,586800000.0,605700000.0,619000000.0,654000000.0,685000000.0,709700000.0,736500000.0,857700000.0,877100000.0,903000000.0,899300000.0,927100000.0,977700000.0,1025800000.0,1072300000.0,1098100000.0
Ambulatory health care services,2010,556100000.0,857700000.0,95678.0,0.0252581120943953,0.0231846861298254,621,1857885922.84,0,1857885922.84,2.1661255950099103,575200000.0,586800000.0,605700000.0,619000000.0,654000000.0,685000000.0,709700000.0,736500000.0,773400000.0,877100000.0,903000000.0,899300000.0,927100000.0,977700000.0,1025800000.0,1072300000.0,1098100000.0,1137300000.0
Ambulatory health care services,2011,575200000.0,877100000.0,96613.0,0.0343463405862254,0.0097723614624052,621,2000895394.01,0,2000895394.01,2.2812625630030783,586800000.0,605700000.0,619000000.0,654000000.0,685000000.0,709700000.0,736500000.0,773400000.0,740300000.0,903000000.0,899300000.0,927100000.0,977700000.0,1025800000.0,1072300000.0,1098100000.0,1137300000.0,1068700000.0
Ambulatory health care services,2012,586800000.0,903000000.0,97932.0,0.0201668984700971,0.0136524070259695,621,2001590510.7,0,2001590510.7,2.2166007870431894,605700000.0,619000000.0,654000000.0,685000000.0,709700000.0,736500000.0,773400000.0,740300000.0,802500000.0,899300000.0,927100000.0,977700000.0,1025800000.0,1072300000.0,1098100000.0,1137300000.0,1068700000.0,1165800000.0
Ambulatory health care services,2013,605700000.0,899300000.0,98089.0,0.0322085889570553,0.0016031532083486,621,1992197820.94,0,1992197820.94,2.2152761269209384,619000000.0,654000000.0,685000000.0,709700000.0,736500000.0,773400000.0,740300000.0,802500000.0,851700000.0,927100000.0,977700000.0,1025800000.0,1072300000.0,1098100000.0,1137300000.0,1068700000.0,1165800000.0,1237700000.0
Ambulatory health care services,2014,619000000.0,927100000.0,98683.0,0.0219580650487039,0.0060557249028942,621,1189711894.09,0,1189711894.09,1.2832616698198682,654000000.0,685000000.0,709700000.0,736500000.0,773400000.0,740300000.0,802500000.0,851700000.0,927100000.0,977700000.0,1025800000.0,1072300000.0,1098100000.0,1137300000.0,1068700000.0,1165800000.0,1237700000.0,1333600000.0
Ambulatory health care services,2015,654000000.0,977700000.0,98297.0,0.0565428109854604,-0.003911514647913,621,1549542643.71,0,1549542643.71,1.5848855924209881,685000000.0,709700000.0,736500000.0,773400000.0,740300000.0,802500000.0,851700000.0,927100000.0,973500000.0,1025800000.0,1072300000.0,1098100000.0,1137300000.0,1068700000.0,1165800000.0,1237700000.0,1333600000.0,1430000000.0
Ambulatory health care services,2016,685000000.0,1025800000.0,99326.0,0.047400611620795,0.0104682747184552,621,2872859267.87,0,2872859267.87,2.800603692600897,709700000.0,736500000.0,773400000.0,740300000.0,802500000.0,851700000.0,927100000.0,973500000.0,1019900000.0,1072300000.0,1098100000.0,1137300000.0,1068700000.0,1165800000.0,1237700000.0,1333600000.0,1430000000.0,1500100000.0
Ambulatory health care services,2017,709700000.0,1072300000.0,100000.0,0.036058394160584,0.0067857358596943,621,6577249655.67,0,6577249655.67,6.133777539559825,736500000.0,773400000.0,740300000.0,802500000.0,851700000.0,927100000.0,973500000.0,1019900000.0,,1098100000.0,1137300000.0,1068700000.0,1165800000.0,1237700000.0,1333600000.0,1430000000.0,1500100000.0,
Ambulatory health care services,2018,736500000.0,1098100000.0,100424.0,0.037762434831619,0.00424,621,5048794881.19,0,5048794881.19,4.597755105354703,773400000.0,740300000.0,802500000.0,851700000.0,927100000.0,973500000.0,1019900000.0,,,1137300000.0,1068700000.0,1165800000.0,1237700000.0,1333600000.0,1430000000.0,1500100000.0,,
Ambulatory health care services,2019,773400000.0,1137300000.0,101296.0,0.05010183299389,0.008683183302796,621,5535599543.45,0,5535599543.45,4.867316929086432,740300000.0,802500000.0,851700000.0,927100000.0,973500000.0,1019900000.0,,,,1068700000.0,1165800000.0,1237700000.0,1333600000.0,1430000000.0,1500100000.0,,,
Ambulatory health care services,2020,740300000.0,1068700000.0,103005.0,-0.0427980346521852,0.0168713473384929,621,13012811253.52,0,13012811253.52,12.176299479292599,802500000.0,851700000.0,927100000.0,973500000.0,1019900000.0,,,,,1165800000.0,1237700000.0,1333600000.0,1430000000.0,1500100000.0,,,,
Ambulatory health care services,2021,802500000.0,1165800000.0,105723.0,0.0840199918951776,0.0263870685889033,621,9123510720.32,0,9123510720.32,7.825965620449477,851700000.0,927100000.0,973500000.0,1019900000.0,,,,,,1237700000.0,1333600000.0,1430000000.0,1500100000.0,,,,,
Ambulatory health care services,2022,851700000.0,1237700000.0,106522.0,0.0613084112149533,0.0075574851262261,621,7360325473.08,0,7360325473.08,5.946776660806334,927100000.0,973500000.0,1019900000.0,,,,,,,1333600000.0,1430000000.0,1500100000.0,,,,,,
Ambulatory health care services,2023,927100000.0,1333600000.0,108351.0,0.088528824703534,0.0171701620322561,621,4819136564.93,0,4819136564.93,3.6136296977579487,973500000.0,1019900000.0,,,,,,,,1430000000.0,1500100000.0,,,,,,,
Ambulatory health care services,2024,973500000.0,1430000000.0,110838.0,0.0500485384532412,0.0229531799429631,621,6030618167.13,0,6030618167.13,4.217215501489511,1019900000.0,,,,,,,,,1500100000.0,,,,,,,,
Ambulatory health care services,2025,1019900000.0,1500100000.0,113045.0,0.0476630713918848,0.0199119435572638,621,10357613625.5,0,10357613625.5,6.904615442637158,,,,,,,,,,,,,,,,,,
Hospitals,2009,422100000.0,700900000.0,87050.0,0.046875,0.0326215895610912,622,22179184.45,0,22179184.45,0.03164386424596947,416900000.0,424800000.0,432200000.0,436400000.0,446000000.0,467000000.0,474900000.0,486200000.0,496900000.0,716300000.0,737600000.0,768700000.0,777900000.0,779800000.0,816400000.0,835400000.0,846200000.0,866500000.0
Hospitals,2010,416900000.0,716300000.0,88736.0,-0.0123193556029378,0.0193681792073521,622,21071904.8,0,21071904.8,0.029417708781236913,424800000.0,432200000.0,436400000.0,446000000.0,467000000.0,474900000.0,486200000.0,496900000.0,504100000.0,737600000.0,768700000.0,777900000.0,779800000.0,816400000.0,835400000.0,846200000.0,866500000.0,894000000.0
Hospitals,2011,424800000.0,737600000.0,89995.0,0.0189493883425282,0.0141881536242336,622,93640844.49,0,93640844.49,0.1269534225732104,432200000.0,436400000.0,446000000.0,467000000.0,474900000.0,486200000.0,496900000.0,504100000.0,506900000.0,768700000.0,777900000.0,779800000.0,816400000.0,835400000.0,846200000.0,866500000.0,894000000.0,866800000.0
Hospitals,2012,432200000.0,768700000.0,92205.0,0.0174199623352164,0.0245569198288793,622,59425739.19,0,59425739.19,0.07730680264082217,436400000.0,446000000.0,467000000.0,474900000.0,486200000.0,496900000.0,504100000.0,506900000.0,520500000.0,777900000.0,779800000.0,816400000.0,835400000.0,846200000.0,866500000.0,894000000.0,866800000.0,919000000.0
Hospitals,2013,436400000.0,777900000.0,93432.0,0.0097177232762608,0.0133073043761184,622,54189563.96,0,54189563.96,0.06966134973646998,446000000.0,467000000.0,474900000.0,486200000.0,496900000.0,504100000.0,506900000.0,520500000.0,527100000.0,779800000.0,816400000.0,835400000.0,846200000.0,866500000.0,894000000.0,866800000.0,919000000.0,943100000.0
Hospitals,2014,446000000.0,779800000.0,94107.0,0.0219981668194317,0.0072245055227331,622,89563798.05,0,89563798.05,0.11485483207232623,467000000.0,474900000.0,486200000.0,496900000.0,504100000.0,506900000.0,520500000.0,527100000.0,533200000.00000006,816400000.0,835400000.0,846200000.0,866500000.0,894000000.0,866800000.0,919000000.0,943100000.0,966900000.0
Hospitals,2015,467000000.0,816400000.0,96182.0,0.047085201793722,0.0220493693349059,622,86867444.36,0,86867444.36,0.10640304306712396,474900000.0,486200000.0,496900000.0,504100000.0,506900000.0,520500000.0,527100000.0,533200000.00000006,547600000.0,835400000.0,846200000.0,866500000.0,894000000.0,866800000.0,919000000.0,943100000.0,966900000.0,1011500000.0
Hospitals,2016,474900000.0,835400000.0,98591.0,0.0169164882226979,0.0250462664531825,622,57490610.38,0,57490610.38,0.06881806365812784,486200000.0,496900000.0,504100000.0,506900000.0,520500000.0,527100000.0,533200000.00000006,547600000.0,571000000.0,846200000.0,866500000.0,894000000.0,866800000.0,919000000.0,943100000.0,966900000.0,1011500000.0,1052000000.0
Hospitals,2017,486200000.0,846200000.0,100000.0,0.023794483049063,0.0142913653376068,622,104856375.76,0,104856375.76,0.12391441238477902,496900000.0,504100000.0,506900000.0,520500000.0,527100000.0,533200000.00000006,547600000.0,571000000.0,,866500000.0,894000000.0,866800000.0,919000000.0,943100000.0,966900000.0,1011500000.0,1052000000.0,
Hospitals,2018,496900000.0,866500000.0,101708.0,0.0220074043603455,0.0170799999999999,622,90944752.4,0,90944752.4,0.10495643669936527,504100000.0,506900000.0,520500000.0,527100000.0,533200000.00000006,547600000.0,571000000.0,,,894000000.0,866800000.0,919000000.0,943100000.0,966900000.0,1011500000.0,1052000000.0,,
Hospitals,2019,504100000.0,894000000.0,104142.0,0.014489836989334,0.0239312541786289,622,55015820.15,0,55015820.15,0.061538948713646534,506900000.0,520500000.0,527100000.0,533200000.00000006,547600000.0,571000000.0,,,,866800000.0,919000000.0,943100000.0,966900000.0,1011500000.0,1052000000.0,,,
Hospitals,2020,506900000.0,866800000.0,106230.0,0.005554453481452,0.0200495477329032,622,185854796.85999998,0,185854796.85999998,0.21441485562990306,520500000.0,527100000.0,533200000.00000006,547600000.0,571000000.0,,,,,919000000.0,943100000.0,966900000.0,1011500000.0,1052000000.0,,,,
Hospitals,2021,520500000.0,919000000.0,108825.0,0.0268297494574867,0.024428127647557,622,107296695.49,0,107296695.49,0.11675374917301413,527100000.0,533200000.00000006,547600000.0,571000000.0,,,,,,943100000.0,966900000.0,1011500000.0,1052000000.0,,,,,
Hospitals,2022,527100000.0,943100000.0,113102.0,0.0126801152737752,0.0393016310590397,622,103346259.08,0,103346259.08,0.10958144319796416,533200000.00000006,547600000.0,571000000.0,,,,,,,966900000.0,1011500000.0,1052000000.0,,,,,,
Hospitals,2023,533200000.00000006,966900000.0,120575.0,0.0115727565926768,0.0660731021555762,622,81939213.33,0,81939213.33,0.08474424793670493,547600000.0,571000000.0,,,,,,,,1011500000.0,1052000000.0,,,,,,,
Hospitals,2024,547600000.0,1011500000.0,126279.0,0.0270067516879219,0.0473066556085424,622,81953590.83,0,81953590.83,0.08102183967375186,571000000.0,,,,,,,,,1052000000.0,,,,,,,,
Hospitals,2025,571000000.0,1052000000.0,129810.0,0.0427319211102994,0.0279618939015988,622,19858012.88,0,19858012.88,0.018876438098859315,,,,,,,,,,,,,,,,,,
Nursing and residential care facilities,2009,135700000.0,216200000.0,85770.0,0.0036982248520709,0.0490331576179352,623,66218998.11,1,66218998.11,0.30628583769657725,138300000.0,139000000.0,140100000.0,143000000.0,146300000.0,148000000.0,148100000.0,147400000.0,148200000.0,222700000.0,225100000.0,229600000.0,232500000.0,237600000.0,243100000.0,245900000.0,243900000.0,242800000.0
Nursing and residential care facilities,2010,138300000.0,222700000.0,87221.0,0.019159911569639,0.0169173370642417,623,66218998.11,0,66218998.11,0.2973461971710822,139000000.0,140100000.0,143000000.0,146300000.0,148000000.0,148100000.0,147400000.0,148200000.0,147000000.0,225100000.0,229600000.0,232500000.0,237600000.0,243100000.0,245900000.0,243900000.0,242800000.0,245600000.0
Nursing and residential care facilities,2011,139000000.0,225100000.0,88639.0,0.0050614605929137,0.0162575526536039,623,78330189.25999999,0,78330189.25999999,0.3479795169258107,140100000.0,143000000.0,146300000.0,148000000.0,148100000.0,147400000.0,148200000.0,147000000.0,145400000.0,229600000.0,232500000.0,237600000.0,243100000.0,245900000.0,243900000.0,242800000.0,245600000.0,234000000.0
Nursing and residential care facilities,2012,140100000.0,229600000.0,89903.0,0.0079136690647481,0.0142600886742856,623,16926844.17,0,16926844.17,0.07372318889372823,143000000.0,146300000.0,148000000.0,148100000.0,147400000.0,148200000.0,147000000.0,145400000.0,141600000.0,232500000.0,237600000.0,243100000.0,245900000.0,243900000.0,242800000.0,245600000.0,234000000.0,233100000.0
Nursing and residential care facilities,2013,143000000.0,232500000.0,90325.0,0.0206995003568879,0.0046939479216487,623,14664159.777500002,1,14664159.777500002,0.06307165495698926,146300000.0,148000000.0,148100000.0,147400000.0,148200000.0,147000000.0,145400000.0,141600000.0,151900000.0,237600000.0,243100000.0,245900000.0,243900000.0,242800000.0,245600000.0,234000000.0,233100000.0,242800000.0
Nursing and residential care facilities,2014,146300000.0,237600000.0,90804.0,0.0230769230769232,0.0053030722391365,623,12401475.385000002,1,12401475.385000002,0.052194761721380475,148000000.0,148100000.0,147400000.0,148200000.0,147000000.0,145400000.0,141600000.0,151900000.0,153600000.0,243100000.0,245900000.0,243900000.0,242800000.0,245600000.0,234000000.0,233100000.0,242800000.0,254500000.0
Nursing and residential care facilities,2015,148000000.0,243100000.0,93387.0,0.0116199589883798,0.0284458834412579,623,10138790.9925,1,10138790.9925,0.04170625665364048,148100000.0,147400000.0,148200000.0,147000000.0,145400000.0,141600000.0,151900000.0,153600000.0,159300000.0,245900000.0,243900000.0,242800000.0,245600000.0,234000000.0,233100000.0,242800000.0,254500000.0,269300000.0
Nursing and residential care facilities,2016,148100000.0,245900000.0,97103.0,0.0006756756756756,0.0397914056560333,623,7876106.6,0,7876106.6,0.03202971370475803,147400000.0,148200000.0,147000000.0,145400000.0,141600000.0,151900000.0,153600000.0,159300000.0,165000000.0,243900000.0,242800000.0,245600000.0,234000000.0,233100000.0,242800000.0,254500000.0,269300000.0,281900000.0
Nursing and residential care facilities,2017,147400000.0,243900000.0,100000.0,-0.0047265361242403,0.0298342996611846,623,32101820.78,0,32101820.78,0.13161878138581387,148200000.0,147000000.0,145400000.0,141600000.0,151900000.0,153600000.0,159300000.0,165000000.0,,242800000.0,245600000.0,234000000.0,233100000.0,242800000.0,254500000.0,269300000.0,281900000.0,
Nursing and residential care facilities,2018,148200000.0,242800000.0,103624.0,0.005427408412483,0.03624,623,11280338.49,0,11280338.49,0.046459384225700166,147000000.0,145400000.0,141600000.0,151900000.0,153600000.0,159300000.0,165000000.0,,,245600000.0,234000000.0,233100000.0,242800000.0,254500000.0,269300000.0,281900000.0,,
Nursing and residential care facilities,2019,147000000.0,245600000.0,107910.0,-0.0080971659919028,0.0413610746545201,623,56190794.0,0,56190794.0,0.22878987785016286,145400000.0,141600000.0,151900000.0,153600000.0,159300000.0,165000000.0,,,,234000000.0,233100000.0,242800000.0,254500000.0,269300000.0,281900000.0,,,
Nursing and residential care facilities,2020,145400000.0,234000000.0,113173.0,-0.0108843537414965,0.0487721249189139,623,9242474.4,0,9242474.4,0.039497753846153845,141600000.0,151900000.0,153600000.0,159300000.0,165000000.0,,,,,233100000.0,242800000.0,254500000.0,269300000.0,281900000.0,,,,
Nursing and residential care facilities,2021,141600000.0,233100000.0,115286.0,-0.0261348005502064,0.0186705309570303,623,10501223.063333334,1,10501223.063333334,0.045050291991991995,151900000.0,153600000.0,159300000.0,165000000.0,,,,,,242800000.0,254500000.0,269300000.0,281900000.0,,,,,
Nursing and residential care facilities,2022,151900000.0,242800000.0,118756.0,0.0727401129943503,0.0300990579948996,623,11759971.726666667,1,11759971.726666667,0.04843480941790225,153600000.0,159300000.0,165000000.0,,,,,,,254500000.0,269300000.0,281900000.0,,,,,,
Nursing and residential care facilities,2023,153600000.0,254500000.0,128134.0,0.0111915734035548,0.078968641584425,623,13018720.39,0,13018720.39,0.05115410762278979,159300000.0,165000000.0,,,,,,,,269300000.0,281900000.0,,,,,,,
Nursing and residential care facilities,2024,159300000.0,269300000.0,133280.0,0.0371093750000002,0.0401610813679431,623,13018720.39,1,13018720.39,0.048342816152989236,165000000.0,,,,,,,,,281900000.0,,,,,,,,
Nursing and residential care facilities,2025,165000000.0,281900000.0,137858.0,0.0357815442561204,0.0343487394957984,623,13018720.39,1,13018720.39,0.046182051755941825,,,,,,,,,,,,,,,,,,
Social assistance,2009,106300000.0,182200000.0,82504.0,-0.0056127221702526,0.0291131345889983,624,179664368.75,0,179664368.75,0.9860832532930845,107100000.0,103700000.0,110100000.0,114300000.0,118400000.0,121800000.0,124900000.0,128200000.0,132500000.0,189700000.0,187300000.0,189300000.0,190900000.0,198100000.0,205300000.0,214600000.0,224500000.0,230800000.0
Social assistance,2010,107100000.0,189700000.0,83750.0,0.0075258701787392,0.0151022980703965,624,176243710.17,0,176243710.17,0.929065419978914,103700000.0,110100000.0,114300000.0,118400000.0,121800000.0,124900000.0,128200000.0,132500000.0,139200000.0,187300000.0,189300000.0,190900000.0,198100000.0,205300000.0,214600000.0,224500000.0,230800000.0,236400000.0
Social assistance,2011,103700000.0,187300000.0,85489.0,-0.0317460317460316,0.0207641791044776,624,155473419.54,0,155473419.54,0.8300769863320875,110100000.0,114300000.0,118400000.0,121800000.0,124900000.0,128200000.0,132500000.0,139200000.0,134700000.0,189300000.0,190900000.0,198100000.0,205300000.0,214600000.0,224500000.0,230800000.0,236400000.0,233600000.0
Social assistance,2012,110100000.0,189300000.0,87176.0,0.0617164898746382,0.0197335329691539,624,245444755.45,0,245444755.45,1.2965914181193872,114300000.0,118400000.0,121800000.0,124900000.0,128200000.0,132500000.0,139200000.0,134700000.0,137200000.0,190900000.0,198100000.0,205300000.0,214600000.0,224500000.0,230800000.0,236400000.0,233600000.0,245500000.0
Social assistance,2013,114300000.0,190900000.0,89182.0,0.0381471389645777,0.0230109204368174,624,489417550.98,0,489417550.98,2.56373782598219,118400000.0,121800000.0,124900000.0,128200000.0,132500000.0,139200000.0,134700000.0,137200000.0,152000000.0,198100000.0,205300000.0,214600000.0,224500000.0,230800000.0,236400000.0,233600000.0,245500000.0,253200000.0
Social assistance,2014,118400000.0,198100000.0,90226.0,0.0358705161854768,0.0117063981520935,624,440129987.31,0,440129987.31,2.2217566244825844,121800000.0,124900000.0,128200000.0,132500000.0,139200000.0,134700000.0,137200000.0,152000000.0,156600000.0,205300000.0,214600000.0,224500000.0,230800000.0,236400000.0,233600000.0,245500000.0,253200000.0,265400000.0
Social assistance,2015,121800000.0,205300000.0,93127.0,0.0287162162162162,0.0321525945957927,624,494778024.84000003,0,494778024.84000003,2.4100244755966878,124900000.0,128200000.0,132500000.0,139200000.0,134700000.0,137200000.0,152000000.0,156600000.0,169500000.0,214600000.0,224500000.0,230800000.0,236400000.0,233600000.0,245500000.0,253200000.0,265400000.0,269800000.0
Social assistance,2016,124900000.0,214600000.0,97146.0,0.0254515599343185,0.0431561201370171,624,619482362.49,0,619482362.49,2.886683888583411,128200000.0,132500000.0,139200000.0,134700000.0,137200000.0,152000000.0,156600000.0,169500000.0,180300000.0,224500000.0,230800000.0,236400000.0,233600000.0,245500000.0,253200000.0,265400000.0,269800000.0,274300000.0
Social assistance,2017,128200000.0,224500000.0,100000.0,0.0264211369095275,0.029378461285076,624,562711086.51,0,562711086.51,2.5065081804454343,132500000.0,139200000.0,134700000.0,137200000.0,152000000.0,156600000.0,169500000.0,180300000.0,,230800000.0,236400000.0,233600000.0,245500000.0,253200000.0,265400000.0,269800000.0,274300000.0,
Social assistance,2018,132500000.0,230800000.0,102728.0,0.0335413416536662,0.0272799999999999,624,512502009.36,0,512502009.36,2.220545967764298,139200000.0,134700000.0,137200000.0,152000000.0,156600000.0,169500000.0,180300000.0,,,236400000.0,233600000.0,245500000.0,253200000.0,265400000.0,269800000.0,274300000.0,,
Social assistance,2019,139200000.0,236400000.0,105511.0,0.050566037735849,0.0270909586480803,624,884623074.86,0,884623074.86,3.742060384348562,134700000.0,137200000.0,152000000.0,156600000.0,169500000.0,180300000.0,,,,233600000.0,245500000.0,253200000.0,265400000.0,269800000.0,274300000.0,,,
Social assistance,2020,134700000.0,233600000.0,110972.0,-0.0323275862068965,0.0517576366445204,624,458124801.99,0,458124801.99,1.9611506934503424,137200000.0,152000000.0,156600000.0,169500000.0,180300000.0,,,,,245500000.0,253200000.0,265400000.0,269800000.0,274300000.0,,,,
Social assistance,2021,137200000.0,245500000.0,113799.0,0.0185597624350408,0.0254748945679992,624,4450020357.68,0,4450020357.68,18.12635583576375,152000000.0,156600000.0,169500000.0,180300000.0,,,,,,253200000.0,265400000.0,269800000.0,274300000.0,,,,,
Social assistance,2022,152000000.0,253200000.0,117890.0,0.1078717201166181,0.0359493492912943,624,4762863663.28,0,4762863663.28,18.810677975039493,156600000.0,169500000.0,180300000.0,,,,,,,265400000.0,269800000.0,274300000.0,,,,,,
Social assistance,2023,156600000.0,265400000.0,127349.0,0.0302631578947367,0.0802358130460598,624,2015410941.3700001,0,2015410941.3700001,7.593861874039186,169500000.0,180300000.0,,,,,,,,269800000.0,274300000.0,,,,,,,
Social assistance,2024,169500000.0,269800000.0,133672.0,0.0823754789272031,0.0496509591751799,624,852363716.74,0,852363716.74,3.159242834469978,180300000.0,,,,,,,,,274300000.0,,,,,,,,
Social assistance,2025,180300000.0,274300000.0,138408.0,0.063716814159292,0.035430007780238,624,756100797.72,0,756100797.72,2.756473925337222,,,,,,,,,,,,,,,,,,
"Arts, entertainment, and recreation",2009,169600000.0,285600000.0,85231.0,-0.0156703424260012,0.0253600086618623,71,20464000.0,1,20464000.0,0.07165266106442578,178500000.0,183900000.0,193300000.0,196600000.0,204900000.0,200500000.0,206700000.0,213800000.0,222300000.0,284600000.0,287400000.0,294300000.0,302300000.0,314500000.0,324900000.0,333400000.0,352500000.0,366200000.0
"Arts, entertainment, and recreation",2010,178500000.0,284600000.0,85397.0,0.0524764150943397,0.0019476481561875,71,20464000.0,1,20464000.0,0.07190442726633872,183900000.0,193300000.0,196600000.0,204900000.0,200500000.0,206700000.0,213800000.0,222300000.0,226100000.0,287400000.0,294300000.0,302300000.0,314500000.0,324900000.0,333400000.0,352500000.0,366200000.0,379500000.0
"Arts, entertainment, and recreation",2011,183900000.0,287400000.0,86314.0,0.0302521008403362,0.0107380821340326,71,20464000.0,1,20464000.0,0.07120389700765484,193300000.0,196600000.0,204900000.0,200500000.0,206700000.0,213800000.0,222300000.0,226100000.0,156900000.0,294300000.0,302300000.0,314500000.0,324900000.0,333400000.0,352500000.0,366200000.0,379500000.0,283300000.0
"Arts, entertainment, and recreation",2012,193300000.0,294300000.0,88877.0,0.0511147362697117,0.0296939082883425,71,20464000.0,1,20464000.0,0.06953448861705742,196600000.0,204900000.0,200500000.0,206700000.0,213800000.0,222300000.0,226100000.0,156900000.0,196500000.0,302300000.0,314500000.0,324900000.0,333400000.0,352500000.0,366200000.0,379500000.0,283300000.0,355300000.0
"Arts, entertainment, and recreation",2013,196600000.0,302300000.0,90112.0,0.0170719089498188,0.0138956085376418,71,20464000.0,1,20464000.0,0.06769434336751572,204900000.0,200500000.0,206700000.0,213800000.0,222300000.0,226100000.0,156900000.0,196500000.0,232300000.0,314500000.0,324900000.0,333400000.0,352500000.0,366200000.0,379500000.0,283300000.0,355300000.0,419200000.0
"Arts, entertainment, and recreation",2014,204900000.0,314500000.0,91727.0,0.0422177009155646,0.0179221413352272,71,20464000.0,1,20464000.0,0.06506836248012719,200500000.0,206700000.0,213800000.0,222300000.0,226100000.0,156900000.0,196500000.0,232300000.0,246500000.0,324900000.0,333400000.0,352500000.0,366200000.0,379500000.0,283300000.0,355300000.0,419200000.0,435200000.0
"Arts, entertainment, and recreation",2015,200500000.0,324900000.0,95448.0,-0.0214738897022938,0.0405660274510231,71,20464000.0,1,20464000.0,0.06298553401046476,206700000.0,213800000.0,222300000.0,226100000.0,156900000.0,196500000.0,232300000.0,246500000.0,249900000.0,333400000.0,352500000.0,366200000.0,379500000.0,283300000.0,355300000.0,419200000.0,435200000.0,450100000.0
"Arts, entertainment, and recreation",2016,206700000.0,333400000.0,98668.0,0.0309226932668329,0.033735646634817,71,20464000.0,1,20464000.0,0.06137972405518896,213800000.0,222300000.0,226100000.0,156900000.0,196500000.0,232300000.0,246500000.0,249900000.0,261700000.0,352500000.0,366200000.0,379500000.0,283300000.0,355300000.0,419200000.0,435200000.0,450100000.0,465900000.0
"Arts, entertainment, and recreation",2017,213800000.0,352500000.0,100000.0,0.034349298500242,0.0134998175700327,71,20464000.0,1,20464000.0,0.058053900709219855,222300000.0,226100000.0,156900000.0,196500000.0,232300000.0,246500000.0,249900000.0,261700000.0,,366200000.0,379500000.0,283300000.0,355300000.0,419200000.0,435200000.0,450100000.0,465900000.0,
"Arts, entertainment, and recreation",2018,222300000.0,366200000.0,102213.0,0.039756782039289,0.0221299999999999,71,20464000.0,0,20464000.0,0.05588203167667941,226100000.0,156900000.0,196500000.0,232300000.0,246500000.0,249900000.0,261700000.0,,,379500000.0,283300000.0,355300000.0,419200000.0,435200000.0,450100000.0,465900000.0,,
"Arts, entertainment, and recreation",2019,226100000.0,379500000.0,104874.0,0.017094017094017,0.0260338704470077,71,15015808.0,1,15015808.0,0.0395673465085639,156900000.0,196500000.0,232300000.0,246500000.0,249900000.0,261700000.0,,,,283300000.0,355300000.0,419200000.0,435200000.0,450100000.0,465900000.0,,,
"Arts, entertainment, and recreation",2020,156900000.0,283300000.0,109117.0,-0.3060592658115877,0.0404580734977211,71,9567616.0,0,9567616.0,0.033772029650547125,196500000.0,232300000.0,246500000.0,249900000.0,261700000.0,,,,,355300000.0,419200000.0,435200000.0,450100000.0,465900000.0,,,,
"Arts, entertainment, and recreation",2021,196500000.0,355300000.0,109698.0,0.2523900573613766,0.0053245598760962,71,17995000.0,0,17995000.0,0.050647340275823245,232300000.0,246500000.0,249900000.0,261700000.0,,,,,,419200000.0,435200000.0,450100000.0,465900000.0,,,,,
"Arts, entertainment, and recreation",2022,232300000.0,419200000.0,113614.0,0.1821882951653943,0.0356980072562855,71,18453680.75,1,18453680.75,0.04402118499522901,246500000.0,249900000.0,261700000.0,,,,,,,435200000.0,450100000.0,465900000.0,,,,,,
"Arts, entertainment, and recreation",2023,246500000.0,435200000.0,123195.0,0.0611278519156262,0.0843293960251376,71,18912361.5,1,18912361.5,0.04345671300551471,249900000.0,261700000.0,,,,,,,,450100000.0,465900000.0,,,,,,,
"Arts, entertainment, and recreation",2024,249900000.0,450100000.0,130735.0,0.0137931034482758,0.061203782621048,71,19371042.25,1,19371042.25,0.0430371967340591,261700000.0,,,,,,,,,465900000.0,,,,,,,,
"Arts, entertainment, and recreation",2025,261700000.0,465900000.0,135976.0,0.0472188875550219,0.0400887291085019,71,19829723.0,0,19829723.0,0.042562187164627605,,,,,,,,,,,,,,,,,,
"Performing arts, spectator sports, museums, and related activities",2009,100100000.0,156700000.0,84690.0,0.016243654822335,0.0238152804642166,711,7596160.0,1,7596160.0,0.048475813656668795,102800000.0,108300000.0,115900000.0,117200000.0,123100000.0,118000000.0,122400000.0,126800000.0,134100000.0,155600000.0,157300000.0,163200000.0,167800000.0,176800000.0,182900000.0,186700000.0,199000000.0,208900000.0
"Performing arts, spectator sports, museums, and related activities",2010,102800000.0,155600000.0,85441.0,0.026973026973027,0.0088676349037666,711,7596160.0,1,7596160.0,0.04881850899742931,108300000.0,115900000.0,117200000.0,123100000.0,118000000.0,122400000.0,126800000.0,134100000.0,136700000.0,157300000.0,163200000.0,167800000.0,176800000.0,182900000.0,186700000.0,199000000.0,208900000.0,217500000.0
"Performing arts, spectator sports, museums, and related activities",2011,108300000.0,157300000.0,85892.0,0.0535019455252918,0.0052784962722813,711,7596160.0,1,7596160.0,0.04829090909090909,115900000.0,117200000.0,123100000.0,118000000.0,122400000.0,126800000.0,134100000.0,136700000.0,94400000.0,163200000.0,167800000.0,176800000.0,182900000.0,186700000.0,199000000.0,208900000.0,217500000.0,157900000.0
"Performing arts, spectator sports, museums, and related activities",2012,115900000.0,163200000.0,87776.0,0.0701754385964912,0.0219345224235085,711,7596160.0,1,7596160.0,0.046545098039215686,117200000.0,123100000.0,118000000.0,122400000.0,126800000.0,134100000.0,136700000.0,94400000.0,112700000.0,167800000.0,176800000.0,182900000.0,186700000.0,199000000.0,208900000.0,217500000.0,157900000.0,195100000.0
"Performing arts, spectator sports, museums, and related activities",2013,117200000.0,167800000.0,88871.0,0.0112165660051768,0.0124749362012395,711,7596160.0,1,7596160.0,0.04526912991656734,123100000.0,118000000.0,122400000.0,126800000.0,134100000.0,136700000.0,94400000.0,112700000.0,139000000.0,176800000.0,182900000.0,186700000.0,199000000.0,208900000.0,217500000.0,157900000.0,195100000.0,244100000.0
"Performing arts, spectator sports, museums, and related activities",2014,123100000.0,176800000.0,90649.0,0.0503412969283276,0.0200065263134205,711,7596160.0,1,7596160.0,0.04296470588235294,118000000.0,122400000.0,126800000.0,134100000.0,136700000.0,94400000.0,112700000.0,139000000.0,152200000.0,182900000.0,186700000.0,199000000.0,208900000.0,217500000.0,157900000.0,195100000.0,244100000.0,250800000.0
"Performing arts, spectator sports, museums, and related activities",2015,118000000.0,182900000.0,94493.0,-0.041429731925264,0.0424053216251696,711,7596160.0,0,7596160.0,0.041531765992345544,122400000.0,126800000.0,134100000.0,136700000.0,94400000.0,112700000.0,139000000.0,152200000.0,154000000.0,186700000.0,199000000.0,208900000.0,217500000.0,157900000.0,195100000.0,244100000.0,250800000.0,261700000.0
"Performing arts, spectator sports, museums, and related activities",2016,122400000.0,186700000.0,98081.0,0.0372881355932204,0.0379710666398569,711,13471315.0,0,13471315.0,0.07215487412961971,126800000.0,134100000.0,136700000.0,94400000.0,112700000.0,139000000.0,152200000.0,154000000.0,165600000.0,199000000.0,208900000.0,217500000.0,157900000.0,195100000.0,244100000.0,250800000.0,261700000.0,275600000.0
"Performing arts, spectator sports, museums, and related activities",2017,126800000.0,199000000.0,100000.0,0.0359477124183005,0.0195654612004363,711,9364497.6,0,9364497.6,0.04705777688442211,134100000.0,136700000.0,94400000.0,112700000.0,139000000.0,152200000.0,154000000.0,165600000.0,,208900000.0,217500000.0,157900000.0,195100000.0,244100000.0,250800000.0,261700000.0,275600000.0,
"Performing arts, spectator sports, museums, and related activities",2018,134100000.0,208900000.0,101298.0,0.0575709779179811,0.0129799999999999,711,60997717.339999996,0,60997717.339999996,0.29199481732886545,136700000.0,94400000.0,112700000.0,139000000.0,152200000.0,154000000.0,165600000.0,,,217500000.0,157900000.0,195100000.0,244100000.0,250800000.0,261700000.0,275600000.0,,
"Performing arts, spectator sports, museums, and related activities",2019,136700000.0,217500000.0,102806.0,0.0193885160328113,0.0148867697289185,711,52608510.0,0,52608510.0,0.24187820689655173,94400000.0,112700000.0,139000000.0,152200000.0,154000000.0,165600000.0,,,,157900000.0,195100000.0,244100000.0,250800000.0,261700000.0,275600000.0,,,
"Performing arts, spectator sports, museums, and related activities",2020,94400000.0,157900000.0,106423.0,-0.3094367227505485,0.0351827714335739,711,24612159.6,0,24612159.6,0.1558718150728309,112700000.0,139000000.0,152200000.0,154000000.0,165600000.0,,,,,195100000.0,244100000.0,250800000.0,261700000.0,275600000.0,,,,
"Performing arts, spectator sports, museums, and related activities",2021,112700000.0,195100000.0,105720.0,0.1938559322033897,-0.0066057149300433,711,19741439.733333334,1,19741439.733333334,0.10118626208781822,139000000.0,152200000.0,154000000.0,165600000.0,,,,,,244100000.0,250800000.0,261700000.0,275600000.0,,,,,
"Performing arts, spectator sports, museums, and related activities",2022,139000000.0,244100000.0,108024.0,0.233362910381544,0.0217934165720772,711,14870719.866666667,1,14870719.866666667,0.06092060576266558,152200000.0,154000000.0,165600000.0,,,,,,,250800000.0,261700000.0,275600000.0,,,,,,
"Performing arts, spectator sports, museums, and related activities",2023,152200000.0,250800000.0,115198.0,0.0949640287769784,0.0664111678886172,711,10000000.0,0,10000000.0,0.03987240829346093,154000000.0,165600000.0,,,,,,,,261700000.0,275600000.0,,,,,,,
"Performing arts, spectator sports, museums, and related activities",2024,154000000.0,261700000.0,123851.0,0.011826544021025,0.0751141512873487,711,10000000.0,1,10000000.0,0.03821169277799007,165600000.0,,,,,,,,,275600000.0,,,,,,,,
"Performing arts, spectator sports, museums, and related activities",2025,165600000.0,275600000.0,127746.0,0.0753246753246752,0.0314490799428344,711,10000000.0,1,10000000.0,0.036284470246734396,,,,,,,,,,,,,,,,,,
"Amusements, gambling, and recreation industries",2009,69400000.0,128800000.0,86010.0,-0.0596205962059619,0.0275371841586524,713,6975598.32,1,6975598.32,0.05415837204968944,75600000.0,75600000.0,77400000.0,79400000.0,81800000.0,82500000.0,84300000.0,87000000.0,88300000.0,128800000.0,130000000.0,131000000.0,134500000.0,137700000.0,142000000.0,146600000.0,153500000.0,157300000.0
"Amusements, gambling, and recreation industries",2010,75600000.0,128800000.0,85352.0,0.089337175792507,-0.0076502732240437,713,6975598.32,1,6975598.32,0.05415837204968944,75600000.0,77400000.0,79400000.0,81800000.0,82500000.0,84300000.0,87000000.0,88300000.0,89500000.0,130000000.0,131000000.0,134500000.0,137700000.0,142000000.0,146600000.0,153500000.0,157300000.0,162000000.0
"Amusements, gambling, and recreation industries",2011,75600000.0,130000000.0,86921.0,0.0,0.0183826975349141,713,6975598.32,1,6975598.32,0.053658448615384616,77400000.0,79400000.0,81800000.0,82500000.0,84300000.0,87000000.0,88300000.0,89500000.0,62500000.0,131000000.0,134500000.0,137700000.0,142000000.0,146600000.0,153500000.0,157300000.0,162000000.0,125300000.0
"Amusements, gambling, and recreation industries",2012,77400000.0,131000000.0,90476.0,0.0238095238095239,0.0408992073261926,713,6975598.32,1,6975598.32,0.053248842137404585,79400000.0,81800000.0,82500000.0,84300000.0,87000000.0,88300000.0,89500000.0,62500000.0,83400000.0,134500000.0,137700000.0,142000000.0,146600000.0,153500000.0,157300000.0,162000000.0,125300000.0,159900000.0
"Amusements, gambling, and recreation industries",2013,79400000.0,134500000.0,91921.0,0.0258397932816536,0.0159710862549185,713,6975598.32,0,6975598.32,0.051863184535315986,81800000.0,82500000.0,84300000.0,87000000.0,88300000.0,89500000.0,62500000.0,83400000.0,93400000.0,137700000.0,142000000.0,146600000.0,153500000.0,157300000.0,162000000.0,125300000.0,159900000.0,175800000.0
"Amusements, gambling, and recreation industries",2014,81800000.0,137700000.0,93291.0,0.030226700251889,0.0149041024357872,713,6577812.77,1,6577812.77,0.04776915591866376,82500000.0,84300000.0,87000000.0,88300000.0,89500000.0,62500000.0,83400000.0,93400000.0,95000000.0,142000000.0,146600000.0,153500000.0,157300000.0,162000000.0,125300000.0,159900000.0,175800000.0,184900000.0
"Amusements, gambling, and recreation industries",2015,82500000.0,142000000.0,96831.0,0.008557457212714,0.0379457825513716,713,6180027.22,0,6180027.22,0.04352131845070422,84300000.0,87000000.0,88300000.0,89500000.0,62500000.0,83400000.0,93400000.0,95000000.0,96600000.0,146600000.0,153500000.0,157300000.0,162000000.0,125300000.0,159900000.0,175800000.0,184900000.0,189200000.0
"Amusements, gambling, and recreation industries",2016,84300000.0,146600000.0,99522.0,0.0218181818181817,0.0277906868668091,713,6679990.869999999,1,6679990.869999999,0.04556610416098226,87000000.0,88300000.0,89500000.0,62500000.0,83400000.0,93400000.0,95000000.0,96600000.0,97400000.0,153500000.0,157300000.0,162000000.0,125300000.0,159900000.0,175800000.0,184900000.0,189200000.0,191600000.0
"Amusements, gambling, and recreation industries",2017,87000000.0,153500000.0,100000.0,0.0320284697508896,0.0048029581399087,713,7179954.52,0,7179954.52,0.04677494801302931,88300000.0,89500000.0,62500000.0,83400000.0,93400000.0,95000000.0,96600000.0,97400000.0,,157300000.0,162000000.0,125300000.0,159900000.0,175800000.0,184900000.0,189200000.0,191600000.0,
"Amusements, gambling, and recreation industries",2018,88300000.0,157300000.0,103575.0,0.0149425287356321,0.0357499999999999,713,15951186.013333334,1,15951186.013333334,0.1014061412163594,89500000.0,62500000.0,83400000.0,93400000.0,95000000.0,96600000.0,97400000.0,,,162000000.0,125300000.0,159900000.0,175800000.0,184900000.0,189200000.0,191600000.0,,
"Amusements, gambling, and recreation industries",2019,89500000.0,162000000.0,107991.0,0.0135900339750849,0.042635771180304,713,24722417.506666668,1,24722417.506666668,0.15260751547325105,62500000.0,83400000.0,93400000.0,95000000.0,96600000.0,97400000.0,,,,125300000.0,159900000.0,175800000.0,184900000.0,189200000.0,191600000.0,,,
"Amusements, gambling, and recreation industries",2020,62500000.0,125300000.0,113186.0,-0.3016759776536313,0.0481058606735746,713,33493649.0,0,33493649.0,0.2673076536312849,83400000.0,93400000.0,95000000.0,96600000.0,97400000.0,,,,,159900000.0,175800000.0,184900000.0,189200000.0,191600000.0,,,,
"Amusements, gambling, and recreation industries",2021,83400000.0,159900000.0,115597.0,0.3344,0.0213012209990632,713,33493649.0,1,33493649.0,0.20946622263914946,93400000.0,95000000.0,96600000.0,97400000.0,,,,,,175800000.0,184900000.0,189200000.0,191600000.0,,,,,
"Amusements, gambling, and recreation industries",2022,93400000.0,175800000.0,121817.0,0.119904076738609,0.0538076247653485,713,33493649.0,1,33493649.0,0.19052132536973834,95000000.0,96600000.0,97400000.0,,,,,,,184900000.0,189200000.0,191600000.0,,,,,,
"Amusements, gambling, and recreation industries",2023,95000000.0,184900000.0,135099.0,0.0171306209850106,0.1090324010606071,713,33493649.0,1,33493649.0,0.18114466738777718,96600000.0,97400000.0,,,,,,,,189200000.0,191600000.0,,,,,,,
"Amusements, gambling, and recreation industries",2024,96600000.0,189200000.0,140803.0,0.0168421052631577,0.0422208898659501,713,33493649.0,1,33493649.0,0.17702774312896405,97400000.0,,,,,,,,,191600000.0,,,,,,,,
"Amusements, gambling, and recreation industries",2025,97400000.0,191600000.0,148237.0,0.0082815734989649,0.0527971705148326,713,33493649.0,1,33493649.0,0.17481027661795406,,,,,,,,,,,,,,,,,,
Accommodation and food services,2009,480900000.0,852800000.0,80786.0,-0.0762581636573185,0.0524629033728945,72,,1,0.0,0.0,500000000.0,520200000.00000006,530400000.0,546100000.0,566200000.0,595700000.0,603500000.0,617400000.0,624800000.0,869100000.0,905100000.0,936300000.0,957000000.0,997300000.0,1046700000.0,1070300000.0,1100400000.0,1127900000.0
Accommodation and food services,2010,500000000.0,869100000.0,80759.0,0.0397171969224372,-0.0003342163246107,72,,1,0.0,0.0,520200000.00000006,530400000.0,546100000.0,566200000.0,595700000.0,603500000.0,617400000.0,624800000.0,638800000.0,905100000.0,936300000.0,957000000.0,997300000.0,1046700000.0,1070300000.0,1100400000.0,1127900000.0,1150500000.0
Accommodation and food services,2011,520200000.00000006,905100000.0,81355.0,0.0403999999999999,0.0073799824168203,72,,1,0.0,0.0,530400000.0,546100000.0,566200000.0,595700000.0,603500000.0,617400000.0,624800000.0,638800000.0,478200000.0,936300000.0,957000000.0,997300000.0,1046700000.0,1070300000.0,1100400000.0,1127900000.0,1150500000.0,891500000.0
Accommodation and food services,2012,530400000.0,936300000.0,85021.0,0.0196078431372548,0.0450617663327392,72,,1,0.0,0.0,546100000.0,566200000.0,595700000.0,603500000.0,617400000.0,624800000.0,638800000.0,478200000.0,597800000.0,957000000.0,997300000.0,1046700000.0,1070300000.0,1100400000.0,1127900000.0,1150500000.0,891500000.0,1113800000.0
Accommodation and food services,2013,546100000.0,957000000.0,87138.0,0.0296003016591253,0.0248997306547793,72,,1,0.0,0.0,566200000.0,595700000.0,603500000.0,617400000.0,624800000.0,638800000.0,478200000.0,597800000.0,632800000.0,997300000.0,1046700000.0,1070300000.0,1100400000.0,1127900000.0,1150500000.0,891500000.0,1113800000.0,1222700000.0
Accommodation and food services,2014,566200000.0,997300000.0,89108.0,0.0368064457059147,0.0226078174849089,72,,1,0.0,0.0,595700000.0,603500000.0,617400000.0,624800000.0,638800000.0,478200000.0,597800000.0,632800000.0,650600000.0,1046700000.0,1070300000.0,1100400000.0,1127900000.0,1150500000.0,891500000.0,1113800000.0,1222700000.0,1281200000.0
Accommodation and food services,2015,595700000.0,1046700000.0,93583.0,0.05210173083716,0.050219957804013,72,,1,0.0,0.0,603500000.0,617400000.0,624800000.0,638800000.0,478200000.0,597800000.0,632800000.0,650600000.0,650300000.0,1070300000.0,1100400000.0,1127900000.0,1150500000.0,891500000.0,1113800000.0,1222700000.0,1281200000.0,1290500000.0
Accommodation and food services,2016,603500000.0,1070300000.0,97414.0,0.0130938391807955,0.0409369223042646,72,,1,0.0,0.0,617400000.0,624800000.0,638800000.0,478200000.0,597800000.0,632800000.0,650600000.0,650300000.0,641200000.0,1100400000.0,1127900000.0,1150500000.0,891500000.0,1113800000.0,1222700000.0,1281200000.0,1290500000.0,1306600000.0
Accommodation and food services,2017,617400000.0,1100400000.0,100000.0,0.0230323115161557,0.0265464922906357,72,,1,0.0,0.0,624800000.0,638800000.0,478200000.0,597800000.0,632800000.0,650600000.0,650300000.0,641200000.0,,1127900000.0,1150500000.0,891500000.0,1113800000.0,1222700000.0,1281200000.0,1290500000.0,1306600000.0,
Accommodation and food services,2018,624800000.0,1127900000.0,103613.0,0.0119857466796242,0.0361299999999999,72,,1,0.0,0.0,638800000.0,478200000.0,597800000.0,632800000.0,650600000.0,650300000.0,641200000.0,,,1150500000.0,891500000.0,1113800000.0,1222700000.0,1281200000.0,1290500000.0,1306600000.0,,
Accommodation and food services,2019,638800000.0,1150500000.0,107234.0,0.0224071702944943,0.034947352166234,72,,1,0.0,0.0,478200000.0,597800000.0,632800000.0,650600000.0,650300000.0,641200000.0,,,,891500000.0,1113800000.0,1222700000.0,1281200000.0,1290500000.0,1306600000.0,,,
Accommodation and food services,2020,478200000.0,891500000.0,109287.0,-0.2514088916718847,0.0191450472797807,72,,1,0.0,0.0,597800000.0,632800000.0,650600000.0,650300000.0,641200000.0,,,,,1113800000.0,1222700000.0,1281200000.0,1290500000.0,1306600000.0,,,,
Accommodation and food services,2021,597800000.0,1113800000.0,116322.0,0.2501045587620241,0.0643717917044113,72,,1,0.0,0.0,632800000.0,650600000.0,650300000.0,641200000.0,,,,,,1222700000.0,1281200000.0,1290500000.0,1306600000.0,,,,,
Accommodation and food services,2022,632800000.0,1222700000.0,127411.0,0.0585480093676815,0.0953302040886505,72,,1,0.0,0.0,650600000.0,650300000.0,641200000.0,,,,,,,1281200000.0,1290500000.0,1306600000.0,,,,,,
Accommodation and food services,2023,650600000.0,1281200000.0,140765.0,0.0281289506953223,0.1048104166830179,72,,1,0.0,0.0,650300000.0,641200000.0,,,,,,,,1290500000.0,1306600000.0,,,,,,,
Accommodation and food services,2024,650300000.0,1290500000.0,147678.0,-0.0004611128189364,0.0491102191595922,72,,1,0.0,0.0,641200000.0,,,,,,,,,1306600000.0,,,,,,,,
Accommodation and food services,2025,641200000.0,1306600000.0,152281.0,-0.013993541442411,0.0311691653462262,72,,1,0.0,0.0,,,,,,,,,,,,,,,,,,
Accommodation,2009,127900000.0,214300000.0,83924.0,-0.1221688400823609,-0.0096294548029264,721,16609295.15,0,16609295.15,0.07750487704153057,135400000.0,145100000.0,147400000.0,155000000.0,158400000.0,171000000.0,170300000.0,176300000.0,177800000.0,217800000.0,228300000.0,240000000.0,247500000.0,260000000.0,270000000.0,275100000.0,282900000.0,287100000.0
Accommodation,2010,135400000.0,217800000.0,82808.0,0.0586395621579358,-0.0132977455793337,721,103483094.7,0,103483094.7,0.47512899311294765,145100000.0,147400000.0,155000000.0,158400000.0,171000000.0,170300000.0,176300000.0,177800000.0,180900000.0,228300000.0,240000000.0,247500000.0,260000000.0,270000000.0,275100000.0,282900000.0,287100000.0,288000000.0
Accommodation,2011,145100000.0,228300000.0,84115.0,0.0716395864106351,0.015783499178823,721,24060000.0,0,24060000.0,0.10538764783180027,147400000.0,155000000.0,158400000.0,171000000.0,170300000.0,176300000.0,177800000.0,180900000.0,131700000.0,240000000.0,247500000.0,260000000.0,270000000.0,275100000.0,282900000.0,287100000.0,288000000.0,183700000.0
Accommodation,2012,147400000.0,240000000.0,87458.0,0.0158511371467953,0.0397432087023716,721,23854000.0,0,23854000.0,0.09939166666666667,155000000.0,158400000.0,171000000.0,170300000.0,176300000.0,177800000.0,180900000.0,131700000.0,168400000.0,247500000.0,260000000.0,270000000.0,275100000.0,282900000.0,287100000.0,288000000.0,183700000.0,232200000.0
Accommodation,2013,155000000.0,247500000.0,89237.0,0.0515603799185888,0.0203411923437535,721,10120000.0,0,10120000.0,0.04088888888888889,158400000.0,171000000.0,170300000.0,176300000.0,177800000.0,180900000.0,131700000.0,168400000.0,177900000.0,260000000.0,270000000.0,275100000.0,282900000.0,287100000.0,288000000.0,183700000.0,232200000.0,277000000.0
Accommodation,2014,158400000.0,260000000.0,92044.0,0.0219354838709677,0.0314555621547116,721,34764618.0,0,34764618.0,0.13371006923076922,171000000.0,170300000.0,176300000.0,177800000.0,180900000.0,131700000.0,168400000.0,177900000.0,191500000.0,270000000.0,275100000.0,282900000.0,287100000.0,288000000.0,183700000.0,232200000.0,277000000.0,301000000.0
Accommodation,2015,171000000.0,270000000.0,95090.0,0.0795454545454545,0.0330928686280476,721,27299406.15,0,27299406.15,0.10110891166666666,170300000.0,176300000.0,177800000.0,180900000.0,131700000.0,168400000.0,177900000.0,191500000.0,195000000.0,275100000.0,282900000.0,287100000.0,288000000.0,183700000.0,232200000.0,277000000.0,301000000.0,299400000.0
Accommodation,2016,170300000.0,275100000.0,97858.0,-0.0040935672514619,0.0291092649069302,721,9000000.0,0,9000000.0,0.03271537622682661,176300000.0,177800000.0,180900000.0,131700000.0,168400000.0,177900000.0,191500000.0,195000000.0,200600000.0,282900000.0,287100000.0,288000000.0,183700000.0,232200000.0,277000000.0,301000000.0,299400000.0,293300000.0
Accommodation,2017,176300000.0,282900000.0,100000.0,0.0352319436288901,0.0218888593676551,721,8857000.0,0,8857000.0,0.031307882644043834,177800000.0,180900000.0,131700000.0,168400000.0,177900000.0,191500000.0,195000000.0,200600000.0,,287100000.0,288000000.0,183700000.0,232200000.0,277000000.0,301000000.0,299400000.0,293300000.0,
Accommodation,2018,177800000.0,287100000.0,104440.0,0.0085082246171299,0.0443999999999999,721,30721303.0,0,30721303.0,0.10700558342041101,180900000.0,131700000.0,168400000.0,177900000.0,191500000.0,195000000.0,200600000.0,,,288000000.0,183700000.0,232200000.0,277000000.0,301000000.0,299400000.0,293300000.0,,
Accommodation,2019,180900000.0,288000000.0,107714.0,0.0174353205849269,0.0313481424741477,721,7926050.0,0,7926050.0,0.027521006944444443,131700000.0,168400000.0,177900000.0,191500000.0,195000000.0,200600000.0,,,,183700000.0,232200000.0,277000000.0,301000000.0,299400000.0,293300000.0,,,
Accommodation,2020,131700000.0,183700000.0,96228.0,-0.2719734660033168,-0.1066342351040718,721,42822409.74,0,42822409.74,0.23311055928143715,168400000.0,177900000.0,191500000.0,195000000.0,200600000.0,,,,,232200000.0,277000000.0,301000000.0,299400000.0,293300000.0,,,,
Accommodation,2021,168400000.0,232200000.0,105065.0,0.2786636294608962,0.0918339776364467,721,18548070.0,0,18548070.0,0.0798797157622739,177900000.0,191500000.0,195000000.0,200600000.0,,,,,,277000000.0,301000000.0,299400000.0,293300000.0,,,,,
Accommodation,2022,177900000.0,277000000.0,122345.0,0.0564133016627077,0.1644696140484463,721,48445728.46,0,48445728.46,0.1748943265703971,191500000.0,195000000.0,200600000.0,,,,,,,301000000.0,299400000.0,293300000.0,,,,,,
Accommodation,2023,191500000.0,301000000.0,128269.0,0.0764474423833614,0.048420450365769,721,48445728.46,1,48445728.46,0.16094926398671097,195000000.0,200600000.0,,,,,,,,299400000.0,293300000.0,,,,,,,
Accommodation,2024,195000000.0,299400000.0,131956.0,0.0182767624020887,0.0287442795999031,721,48445728.46,1,48445728.46,0.16180938029392117,200600000.0,,,,,,,,,293300000.0,,,,,,,,
Accommodation,2025,200600000.0,293300000.0,134374.0,0.0287179487179487,0.0183242899148201,721,48445728.46,1,48445728.46,0.16517466232526423,,,,,,,,,,,,,,,,,,
Food services and drinking places,2009,353300000.0,638600000.0,79566.0,-0.0568606513614522,0.0792561344492222,722,422275972.36,0,422275972.36,0.6612526970873787,364900000.0,375300000.0,383200000.0,391200000.0,407900000.0,424700000.0,433200000.0,441100000.0,447000000.0,651400000.0,676900000.0,696300000.0,709500000.0,737300000.0,776700000.0,795200000.0,817500000.0,840800000.0
Food services and drinking places,2010,364900000.0,651400000.0,79937.0,0.0328332861590714,0.0046627956664906,722,427098565.85,0,427098565.85,0.65566252049432,375300000.0,383200000.0,391200000.0,407900000.0,424700000.0,433200000.0,441100000.0,447000000.0,457900000.0,676900000.0,696300000.0,709500000.0,737300000.0,776700000.0,795200000.0,817500000.0,840800000.0,862500000.0
Food services and drinking places,2011,375300000.0,676900000.0,80264.0,0.0285009591668952,0.0040907214431364,722,505226654.06,0,505226654.06,0.7463830020091594,383200000.0,391200000.0,407900000.0,424700000.0,433200000.0,441100000.0,447000000.0,457900000.0,346300000.0,696300000.0,709500000.0,737300000.0,776700000.0,795200000.0,817500000.0,840800000.0,862500000.0,706200000.0
Food services and drinking places,2012,383200000.0,696300000.0,84053.0,0.0210498268052223,0.0472067178311572,722,380308978.64,0,380308978.64,0.546185521528077,391200000.0,407900000.0,424700000.0,433200000.0,441100000.0,447000000.0,457900000.0,346300000.0,429700000.0,709500000.0,737300000.0,776700000.0,795200000.0,817500000.0,840800000.0,862500000.0,706200000.0,879900000.0
Food services and drinking places,2013,391200000.0,709500000.0,86302.0,0.0208768267223382,0.0267569271769003,722,429697526.17,0,429697526.17,0.6056342863565892,407900000.0,424700000.0,433200000.0,441100000.0,447000000.0,457900000.0,346300000.0,429700000.0,455100000.0,737300000.0,776700000.0,795200000.0,817500000.0,840800000.0,862500000.0,706200000.0,879900000.0,944900000.0
Food services and drinking places,2014,407900000.0,737300000.0,87944.0,0.0426891615541922,0.0190262102848137,722,400066341.92,0,400066341.92,0.5426099849721959,424700000.0,433200000.0,441100000.0,447000000.0,457900000.0,346300000.0,429700000.0,455100000.0,460000000.0,776700000.0,795200000.0,817500000.0,840800000.0,862500000.0,706200000.0,879900000.0,944900000.0,979800000.0
Food services and drinking places,2015,424700000.0,776700000.0,92983.0,0.0411865653346408,0.0572978258892022,722,446987700.55,0,446987700.55,0.5754959450881937,433200000.0,441100000.0,447000000.0,457900000.0,346300000.0,429700000.0,455100000.0,460000000.0,456700000.0,795200000.0,817500000.0,840800000.0,862500000.0,706200000.0,879900000.0,944900000.0,979800000.0,990300000.0
Food services and drinking places,2016,433200000.0,795200000.0,97237.0,0.020014127619496,0.0457502984416504,722,459640341.28000003,0,459640341.28000003,0.5780185378269618,441100000.0,447000000.0,457900000.0,346300000.0,429700000.0,455100000.0,460000000.0,456700000.0,443000000.0,817500000.0,840800000.0,862500000.0,706200000.0,879900000.0,944900000.0,979800000.0,990300000.0,1011900000.0
Food services and drinking places,2017,441100000.0,817500000.0,100000.0,0.018236380424746,0.0284151094747884,722,434043862.06,0,434043862.06,0.5309405040489297,447000000.0,457900000.0,346300000.0,429700000.0,455100000.0,460000000.0,456700000.0,443000000.0,,840800000.0,862500000.0,706200000.0,879900000.0,944900000.0,979800000.0,990300000.0,1011900000.0,
Food services and drinking places,2018,447000000.0,840800000.0,103283.0,0.0133756517796417,0.0328299999999999,722,451394456.67,0,451394456.67,0.5368630550309229,457900000.0,346300000.0,429700000.0,455100000.0,460000000.0,456700000.0,443000000.0,,,862500000.0,706200000.0,879900000.0,944900000.0,979800000.0,990300000.0,1011900000.0,,
Food services and drinking places,2019,457900000.0,862500000.0,107041.0,0.0243847874720357,0.0363854651781996,722,583806767.99,0,583806767.99,0.6768774121623189,346300000.0,429700000.0,455100000.0,460000000.0,456700000.0,443000000.0,,,,706200000.0,879900000.0,944900000.0,979800000.0,990300000.0,1011900000.0,,,
Food services and drinking places,2020,346300000.0,706200000.0,114339.0,-0.2437213365363616,0.0681794826281518,722,472671753.14,0,472671753.14,0.6693171242424242,429700000.0,455100000.0,460000000.0,456700000.0,443000000.0,,,,,879900000.0,944900000.0,979800000.0,990300000.0,1011900000.0,,,,
Food services and drinking places,2021,429700000.0,879900000.0,120679.0,0.2408316488593704,0.055449146835288,722,406922983.55,0,406922983.55,0.46246503415160817,455100000.0,460000000.0,456700000.0,443000000.0,,,,,,944900000.0,979800000.0,990300000.0,1011900000.0,,,,,
Food services and drinking places,2022,455100000.0,944900000.0,129345.0,0.0591110076797767,0.0718103398271448,722,449938456.19,0,449938456.19,0.4761757394327442,460000000.0,456700000.0,443000000.0,,,,,,,979800000.0,990300000.0,1011900000.0,,,,,,
Food services and drinking places,2023,460000000.0,979800000.0,145690.0,0.0107668644254008,0.126367466852217,722,580672877.68,0,580672877.68,0.5926442923862012,456700000.0,443000000.0,,,,,,,,990300000.0,1011900000.0,,,,,,,
Food services and drinking places,2024,456700000.0,990300000.0,153946.0,-0.0071739130434782,0.0566682682407853,722,587055422.77,0,587055422.77,0.592805637453297,443000000.0,,,,,,,,,1011900000.0,,,,,,,,
Food services and drinking places,2025,443000000.0,1011900000.0,159553.0,-0.0299978103788044,0.0364218622114247,722,572130596.45,0,572130596.45,0.5654023089732187,,,,,,,,,,,,,,,,,,
"Other services, except government",2009,397900000.0,615500000.0,82027.0,-0.0584477046852817,0.0493680278374781,81,1611368109.49,0,1611368109.49,2.6179823062388303,391600000.0,388400000.0,394600000.0,398400000.0,416600000.0,423900000.0,424300000.0,433200000.0,447100000.0,618600000.0,619500000.0,635900000.0,634300000.0,664500000.0,677100000.0,696000000.0,708900000.0,724400000.0
"Other services, except government",2010,391600000.0,618600000.0,83801.0,-0.0158331239004774,0.0216270252477843,81,1022516422.92,0,1022516422.92,1.6529525103782734,388400000.0,394600000.0,398400000.0,416600000.0,423900000.0,424300000.0,433200000.0,447100000.0,449000000.0,619500000.0,635900000.0,634300000.0,664500000.0,677100000.0,696000000.0,708900000.0,724400000.0,736500000.0
"Other services, except government",2011,388400000.0,619500000.0,85871.0,-0.0081716036772218,0.0247013758785694,81,1192274968.15,0,1192274968.15,1.9245762197740115,394600000.0,398400000.0,416600000.0,423900000.0,424300000.0,433200000.0,447100000.0,449000000.0,404800000.0,635900000.0,634300000.0,664500000.0,677100000.0,696000000.0,708900000.0,724400000.0,736500000.0,672700000.0
"Other services, except government",2012,394600000.0,635900000.0,88355.0,0.0159629248197734,0.028927111597629,81,1386051044.46,0,1386051044.46,2.179668256738481,398400000.0,416600000.0,423900000.0,424300000.0,433200000.0,447100000.0,449000000.0,404800000.0,417700000.0,634300000.0,664500000.0,677100000.0,696000000.0,708900000.0,724400000.0,736500000.0,672700000.0,714900000.0
"Other services, except government",2013,398400000.0,634300000.0,90481.0,0.0096300050684237,0.0240620225227772,81,1621961219.44,0,1621961219.44,2.5570884746019233,416600000.0,423900000.0,424300000.0,433200000.0,447100000.0,449000000.0,404800000.0,417700000.0,437100000.0,664500000.0,677100000.0,696000000.0,708900000.0,724400000.0,736500000.0,672700000.0,714900000.0,765100000.0
"Other services, except government",2014,416600000.0,664500000.0,92348.0,0.0456827309236949,0.0206341662890552,81,995574681.45,0,995574681.45,1.4982312738148984,423900000.0,424300000.0,433200000.0,447100000.0,449000000.0,404800000.0,417700000.0,437100000.0,414500000.0,677100000.0,696000000.0,708900000.0,724400000.0,736500000.0,672700000.0,714900000.0,765100000.0,782400000.0
"Other services, except government",2015,423900000.0,677100000.0,95168.0,0.0175228036485837,0.0305366656559968,81,1145930809.21,0,1145930809.21,1.6924099973563729,424300000.0,433200000.0,447100000.0,449000000.0,404800000.0,417700000.0,437100000.0,414500000.0,410000000.0,696000000.0,708900000.0,724400000.0,736500000.0,672700000.0,714900000.0,765100000.0,782400000.0,795900000.0
"Other services, except government",2016,424300000.0,696000000.0,98025.0,0.0009436187780138,0.0300205951580363,81,1474770519.63,0,1474770519.63,2.118923160387931,433200000.0,447100000.0,449000000.0,404800000.0,417700000.0,437100000.0,414500000.0,410000000.0,402400000.0,708900000.0,724400000.0,736500000.0,672700000.0,714900000.0,765100000.0,782400000.0,795900000.0,780400000.0
"Other services, except government",2017,433200000.0,708900000.0,100000.0,0.0209757247230732,0.0201479214486099,81,1139710761.58,0,1139710761.58,1.6077172543094935,447100000.0,449000000.0,404800000.0,417700000.0,437100000.0,414500000.0,410000000.0,402400000.0,,724400000.0,736500000.0,672700000.0,714900000.0,765100000.0,782400000.0,795900000.0,780400000.0,
"Other services, except government",2018,447100000.0,724400000.0,102369.0,0.0320867959372115,0.0236899999999999,81,1225489012.1,0,1225489012.1,1.6917297240474873,449000000.0,404800000.0,417700000.0,437100000.0,414500000.0,410000000.0,402400000.0,,,736500000.0,672700000.0,714900000.0,765100000.0,782400000.0,795900000.0,780400000.0,,
"Other services, except government",2019,449000000.0,736500000.0,106422.0,0.0042496085886825,0.039592064003751,81,1317813966.28,0,1317813966.28,1.7892925543516631,404800000.0,417700000.0,437100000.0,414500000.0,410000000.0,402400000.0,,,,672700000.0,714900000.0,765100000.0,782400000.0,795900000.0,780400000.0,,,
"Other services, except government",2020,404800000.0,672700000.0,111322.0,-0.0984409799554565,0.0460431113867434,81,1549605440.8899999,0,1549605440.8899999,2.3035609348743864,417700000.0,437100000.0,414500000.0,410000000.0,402400000.0,,,,,714900000.0,765100000.0,782400000.0,795900000.0,780400000.0,,,,
"Other services, except government",2021,417700000.0,714900000.0,116001.0,0.0318675889328061,0.0420312247354521,81,1641690442.11,0,1641690442.11,2.2963917220730172,437100000.0,414500000.0,410000000.0,402400000.0,,,,,,765100000.0,782400000.0,795900000.0,780400000.0,,,,,
"Other services, except government",2022,437100000.0,765100000.0,125786.0,0.0464448168542017,0.0843527210972319,81,1680420849.39,0,1680420849.39,2.1963414578355773,414500000.0,410000000.0,402400000.0,,,,,,,782400000.0,795900000.0,780400000.0,,,,,,
"Other services, except government",2023,414500000.0,782400000.0,142131.0,-0.0517044154655685,0.1299429189257945,81,1691374897.66,0,1691374897.66,2.1617777321830265,410000000.0,402400000.0,,,,,,,,795900000.0,780400000.0,,,,,,,
"Other services, except government",2024,410000000.0,795900000.0,153182.0,-0.0108564535585041,0.0777522145063356,81,2049210961.09,0,2049210961.09,2.5747090854253045,402400000.0,,,,,,,,,780400000.0,,,,,,,,
"Other services, except government",2025,402400000.0,780400000.0,161407.0,-0.0185365853658536,0.0536942982856996,81,2071826485.8,0,2071826485.8,2.6548263528959506,,,,,,,,,,,,,,,,,,
